book slot,ethnicity line,season,page number,page type,template id,template name,detail load,quote text,commercial priority,full prompt,compact prompt,negative prompt
African American Spring 01,African American,Spring,01,Solo portrait,TPL-08,Window + Journal Reflection,Medium,,High,"DOC SPEC: 8.5 x 11 inch portrait, 300 DPI, pure black line art on white, no shading, no grayscale, no color fills, all content inside a 0.375 inch safe margin.
SCENE: Woman journaling by a rainy window with plants.
COMPOSITION (TPL-08 Window + Journal Reflection): Person seated indoors at a window with a journal, mug, or book; the outside view simplified to weather and one or two shapes; indoor comfort props nearby. Top: window frame and weather; Center: seated figure; Lower: blanket, book, mug, plant.
REPRESENTATION: African American figures with natural hairstyles, a broad range of skin tones rendered through line detail only, everyday contemporary clothing, and respectful home and community settings. Natural proportions. No stereotypes, no costume-like exaggeration, no tokenism.
SEASON (Spring): flowers, rain, fresh air, journals, new beginnings.
TONE: calm, hopeful, reflective, grounded, and supportive; relaxed posture, open hands, soft expressions.
LINE WORK: primary contours 0.75-1.25 pt, secondary detail 0.5-0.75 pt, at least two visibly distinct line weights, nothing below 0.5 pt, fully closed shapes suitable for coloring.
WHITE SPACE: The window view should stay simple and not compete with the figure.
TEXT: none. The page must contain no lettering of any kind.
NEGATIVE: violence, weapons, bruising, visible injury, drug use, drug paraphernalia, self-harm, police scenes, hospital or clinical crisis imagery, restraints, panic or extreme distress, gray shading, grayscale, color fills, photorealism, 3D render, distorted hands, extra fingers, malformed faces, stray text or watermarks, overcrowded composition, dense mandala fill, low contrast, broken or open outlines, childish cartoon style, ethnic stereotyping, costume-like exaggeration.","Black-and-white printable adult coloring page, 8.5 x 11 inch portrait, 300 DPI, pure black line art on white, no shading, no grayscale, no color fills, all content inside a 0.375 inch safe margin. Woman journaling by a rainy window with plants. Person seated indoors at a window with a journal, mug, or book; the outside view simplified to weather and one or two shapes; indoor comfort props nearby. African American figures with natural hairstyles, a broad range of skin tones rendered through line detail only, everyday contemporary clothing, and respectful home and community settings. Season cues: flowers, rain, fresh air, journals, new beginnings. Tone: calm, hopeful, reflective, grounded, and supportive; relaxed posture, open hands, soft expressions. Line work: primary contours 0.75-1.25 pt, secondary detail 0.5-0.75 pt, at least two visibly distinct line weights, nothing below 0.5 pt, fully closed shapes suitable for coloring. The window view should stay simple and not compete with the figure. No text anywhere on the page.","violence, weapons, bruising, visible injury, drug use, drug paraphernalia, self-harm, police scenes, hospital or clinical crisis imagery, restraints, panic or extreme distress, gray shading, grayscale, color fills, photorealism, 3D render, distorted hands, extra fingers, malformed faces, stray text or watermarks, overcrowded composition, dense mandala fill, low contrast, broken or open outlines, childish cartoon style, ethnic stereotyping, costume-like exaggeration"
African American Spring 02,African American,Spring,02,Solo portrait,TPL-06,Walking Reflection Scene,Light-Medium,,Medium,"DOC SPEC: 8.5 x 11 inch portrait, 300 DPI, pure black line art on white, no shading, no grayscale, no color fills, all content inside a 0.375 inch safe margin.
SCENE: Man walking at sunrise in a neighborhood park.
COMPOSITION (TPL-06 Walking Reflection Scene): Single figure outdoors on a path, sidewalk, trail, dock, or shoreline with calm background depth and limited environmental clutter. Top: sky, trees, or buildings minimal; Center: figure; Lower: path, leaves, water, flowers, pavement texture.
REPRESENTATION: African American figures with natural hairstyles, a broad range of skin tones rendered through line detail only, everyday contemporary clothing, and respectful home and community settings. Natural proportions. No stereotypes, no costume-like exaggeration, no tokenism.
SEASON (Spring): flowers, rain, fresh air, journals, new beginnings.
TONE: calm, hopeful, reflective, grounded, and supportive; relaxed posture, open hands, soft expressions.
LINE WORK: primary contours 0.75-1.25 pt, secondary detail 0.5-0.75 pt, at least two visibly distinct line weights, nothing below 0.5 pt, fully closed shapes suitable for coloring.
WHITE SPACE: Keep large sky and path zones open to avoid density.
TEXT: none. The page must contain no lettering of any kind.
NEGATIVE: violence, weapons, bruising, visible injury, drug use, drug paraphernalia, self-harm, police scenes, hospital or clinical crisis imagery, restraints, panic or extreme distress, gray shading, grayscale, color fills, photorealism, 3D render, distorted hands, extra fingers, malformed faces, stray text or watermarks, overcrowded composition, dense mandala fill, low contrast, broken or open outlines, childish cartoon style, ethnic stereotyping, costume-like exaggeration.","Black-and-white printable adult coloring page, 8.5 x 11 inch portrait, 300 DPI, pure black line art on white, no shading, no grayscale, no color fills, all content inside a 0.375 inch safe margin. Man walking at sunrise in a neighborhood park. Single figure outdoors on a path, sidewalk, trail, dock, or shoreline with calm background depth and limited environmental clutter. African American figures with natural hairstyles, a broad range of skin tones rendered through line detail only, everyday contemporary clothing, and respectful home and community settings. Season cues: flowers, rain, fresh air, journals, new beginnings. Tone: calm, hopeful, reflective, grounded, and supportive; relaxed posture, open hands, soft expressions. Line work: primary contours 0.75-1.25 pt, secondary detail 0.5-0.75 pt, at least two visibly distinct line weights, nothing below 0.5 pt, fully closed shapes suitable for coloring. Keep large sky and path zones open to avoid density. No text anywhere on the page.","violence, weapons, bruising, visible injury, drug use, drug paraphernalia, self-harm, police scenes, hospital or clinical crisis imagery, restraints, panic or extreme distress, gray shading, grayscale, color fills, photorealism, 3D render, distorted hands, extra fingers, malformed faces, stray text or watermarks, overcrowded composition, dense mandala fill, low contrast, broken or open outlines, childish cartoon style, ethnic stereotyping, costume-like exaggeration"
African American Spring 03,African American,Spring,03,Solo portrait,TPL-01,Solo Portrait Calm Scene,Medium,,High,"DOC SPEC: 8.5 x 11 inch portrait, 300 DPI, pure black line art on white, no shading, no grayscale, no color fills, all content inside a 0.375 inch safe margin.
SCENE: Young adult with natural hair doing breathing exercises.
COMPOSITION (TPL-01 Solo Portrait Calm Scene): One focal person centered slightly off-axis, 2-3 supporting props, light background context, open lower corners. Top: seasonal cues; Center: face/body focal point; Mid-lower: hands/object; Edges: light framing motifs.
REPRESENTATION: African American figures with natural hairstyles, a broad range of skin tones rendered through line detail only, everyday contemporary clothing, and respectful home and community settings. Natural proportions. No stereotypes, no costume-like exaggeration, no tokenism.
SEASON (Spring): flowers, rain, fresh air, journals, new beginnings.
TONE: calm, hopeful, reflective, grounded, and supportive; relaxed posture, open hands, soft expressions.
LINE WORK: primary contours 0.75-1.25 pt, secondary detail 0.5-0.75 pt, at least two visibly distinct line weights, nothing below 0.5 pt, fully closed shapes suitable for coloring.
WHITE SPACE: Leave 35-45 percent open colorable space.
TEXT: none. The page must contain no lettering of any kind.
NEGATIVE: violence, weapons, bruising, visible injury, drug use, drug paraphernalia, self-harm, police scenes, hospital or clinical crisis imagery, restraints, panic or extreme distress, gray shading, grayscale, color fills, photorealism, 3D render, distorted hands, extra fingers, malformed faces, stray text or watermarks, overcrowded composition, dense mandala fill, low contrast, broken or open outlines, childish cartoon style, ethnic stereotyping, costume-like exaggeration.","Black-and-white printable adult coloring page, 8.5 x 11 inch portrait, 300 DPI, pure black line art on white, no shading, no grayscale, no color fills, all content inside a 0.375 inch safe margin. Young adult with natural hair doing breathing exercises. One focal person centered slightly off-axis, 2-3 supporting props, light background context, open lower corners. African American figures with natural hairstyles, a broad range of skin tones rendered through line detail only, everyday contemporary clothing, and respectful home and community settings. Season cues: flowers, rain, fresh air, journals, new beginnings. Tone: calm, hopeful, reflective, grounded, and supportive; relaxed posture, open hands, soft expressions. Line work: primary contours 0.75-1.25 pt, secondary detail 0.5-0.75 pt, at least two visibly distinct line weights, nothing below 0.5 pt, fully closed shapes suitable for coloring. Leave 35-45 percent open colorable space. No text anywhere on the page.","violence, weapons, bruising, visible injury, drug use, drug paraphernalia, self-harm, police scenes, hospital or clinical crisis imagery, restraints, panic or extreme distress, gray shading, grayscale, color fills, photorealism, 3D render, distorted hands, extra fingers, malformed faces, stray text or watermarks, overcrowded composition, dense mandala fill, low contrast, broken or open outlines, childish cartoon style, ethnic stereotyping, costume-like exaggeration"
African American Spring 04,African American,Spring,04,Solo portrait,TPL-01,Solo Portrait Calm Scene,Medium,,High,"DOC SPEC: 8.5 x 11 inch portrait, 300 DPI, pure black line art on white, no shading, no grayscale, no color fills, all content inside a 0.375 inch safe margin.
SCENE: Woman wrapped in blanket holding tea and affirmations.
COMPOSITION (TPL-01 Solo Portrait Calm Scene): One focal person centered slightly off-axis, 2-3 supporting props, light background context, open lower corners. Top: seasonal cues; Center: face/body focal point; Mid-lower: hands/object; Edges: light framing motifs.
REPRESENTATION: African American figures with natural hairstyles, a broad range of skin tones rendered through line detail only, everyday contemporary clothing, and respectful home and community settings. Natural proportions. No stereotypes, no costume-like exaggeration, no tokenism.
SEASON (Spring): flowers, rain, fresh air, journals, new beginnings.
TONE: calm, hopeful, reflective, grounded, and supportive; relaxed posture, open hands, soft expressions.
LINE WORK: primary contours 0.75-1.25 pt, secondary detail 0.5-0.75 pt, at least two visibly distinct line weights, nothing below 0.5 pt, fully closed shapes suitable for coloring.
WHITE SPACE: Leave 35-45 percent open colorable space.
VARIATION: Use 2 of TPL-01 in this book — change the viewpoint and prop cluster: seated vs standing, three-quarter vs frontal, and a different anchor object.
TEXT: none. The page must contain no lettering of any kind.
NEGATIVE: violence, weapons, bruising, visible injury, drug use, drug paraphernalia, self-harm, police scenes, hospital or clinical crisis imagery, restraints, panic or extreme distress, gray shading, grayscale, color fills, photorealism, 3D render, distorted hands, extra fingers, malformed faces, stray text or watermarks, overcrowded composition, dense mandala fill, low contrast, broken or open outlines, childish cartoon style, ethnic stereotyping, costume-like exaggeration.","Black-and-white printable adult coloring page, 8.5 x 11 inch portrait, 300 DPI, pure black line art on white, no shading, no grayscale, no color fills, all content inside a 0.375 inch safe margin. Woman wrapped in blanket holding tea and affirmations. One focal person centered slightly off-axis, 2-3 supporting props, light background context, open lower corners. African American figures with natural hairstyles, a broad range of skin tones rendered through line detail only, everyday contemporary clothing, and respectful home and community settings. Season cues: flowers, rain, fresh air, journals, new beginnings. Tone: calm, hopeful, reflective, grounded, and supportive; relaxed posture, open hands, soft expressions. Line work: primary contours 0.75-1.25 pt, secondary detail 0.5-0.75 pt, at least two visibly distinct line weights, nothing below 0.5 pt, fully closed shapes suitable for coloring. Leave 35-45 percent open colorable space. No text anywhere on the page.","violence, weapons, bruising, visible injury, drug use, drug paraphernalia, self-harm, police scenes, hospital or clinical crisis imagery, restraints, panic or extreme distress, gray shading, grayscale, color fills, photorealism, 3D render, distorted hands, extra fingers, malformed faces, stray text or watermarks, overcrowded composition, dense mandala fill, low contrast, broken or open outlines, childish cartoon style, ethnic stereotyping, costume-like exaggeration"
African American Spring 05,African American,Spring,05,Community scene,TPL-02,Support Circle Scene,Heavy,,High,"DOC SPEC: 8.5 x 11 inch portrait, 300 DPI, pure black line art on white, no shading, no grayscale, no color fills, all content inside a 0.375 inch safe margin.
SCENE: Small recovery circle in a community room.
COMPOSITION (TPL-02 Support Circle Scene): 3-5 people in a curved or circular arrangement, one clear focal interaction, simple background geometry. Indoor variant uses simple room geometry; outdoor variant uses trees, park edge, or garden as a low-detail backdrop. Top: wall, window, banners, or tree line kept minimal; Center: group interaction; Bottom: chairs, floor, ground, grounding objects.
REPRESENTATION: African American figures with natural hairstyles, a broad range of skin tones rendered through line detail only, everyday contemporary clothing, and respectful home and community settings. Natural proportions. No stereotypes, no costume-like exaggeration, no tokenism.
SEASON (Spring): flowers, rain, fresh air, journals, new beginnings.
TONE: calm, hopeful, reflective, grounded, and supportive; relaxed posture, open hands, soft expressions.
LINE WORK: primary contours 0.75-1.25 pt, secondary detail 0.5-0.75 pt, at least two visibly distinct line weights, nothing below 0.5 pt, fully closed shapes suitable for coloring.
WHITE SPACE: Keep background under 30 percent detail so figures stay readable.
TEXT: none. The page must contain no lettering of any kind.
NEGATIVE: violence, weapons, bruising, visible injury, drug use, drug paraphernalia, self-harm, police scenes, hospital or clinical crisis imagery, restraints, panic or extreme distress, gray shading, grayscale, color fills, photorealism, 3D render, distorted hands, extra fingers, malformed faces, stray text or watermarks, overcrowded composition, dense mandala fill, low contrast, broken or open outlines, childish cartoon style, ethnic stereotyping, costume-like exaggeration.","Black-and-white printable adult coloring page, 8.5 x 11 inch portrait, 300 DPI, pure black line art on white, no shading, no grayscale, no color fills, all content inside a 0.375 inch safe margin. Small recovery circle in a community room. 3-5 people in a curved or circular arrangement, one clear focal interaction, simple background geometry. Indoor variant uses simple room geometry; outdoor variant uses trees, park edge, or garden as a low-detail backdrop. African American figures with natural hairstyles, a broad range of skin tones rendered through line detail only, everyday contemporary clothing, and respectful home and community settings. Season cues: flowers, rain, fresh air, journals, new beginnings. Tone: calm, hopeful, reflective, grounded, and supportive; relaxed posture, open hands, soft expressions. Line work: primary contours 0.75-1.25 pt, secondary detail 0.5-0.75 pt, at least two visibly distinct line weights, nothing below 0.5 pt, fully closed shapes suitable for coloring. Keep background under 30 percent detail so figures stay readable. No text anywhere on the page.","violence, weapons, bruising, visible injury, drug use, drug paraphernalia, self-harm, police scenes, hospital or clinical crisis imagery, restraints, panic or extreme distress, gray shading, grayscale, color fills, photorealism, 3D render, distorted hands, extra fingers, malformed faces, stray text or watermarks, overcrowded composition, dense mandala fill, low contrast, broken or open outlines, childish cartoon style, ethnic stereotyping, costume-like exaggeration"
African American Spring 06,African American,Spring,06,Community scene,TPL-07,Pair Conversation Scene,Medium,,Medium,"DOC SPEC: 8.5 x 11 inch portrait, 300 DPI, pure black line art on white, no shading, no grayscale, no color fills, all content inside a 0.375 inch safe margin.
SCENE: Mother and adult daughter planting flowers together.
COMPOSITION (TPL-07 Pair Conversation Scene): Exactly 2-3 figures in close, readable interaction: seated together, standing side by side, or walking together. Anchor is a porch railing, patio edge, park or city bench, kitchen or dining table, shop chair, or shared task. Top: plants, string lights, window, or tree line; Center: the two figures and their shared focus; Bottom: floorboards, table, bench, path, or ground.
REPRESENTATION: African American figures with natural hairstyles, a broad range of skin tones rendered through line detail only, everyday contemporary clothing, and respectful home and community settings. Natural proportions. No stereotypes, no costume-like exaggeration, no tokenism.
SEASON (Spring): flowers, rain, fresh air, journals, new beginnings.
TONE: calm, hopeful, reflective, grounded, and supportive; relaxed posture, open hands, soft expressions.
LINE WORK: primary contours 0.75-1.25 pt, secondary detail 0.5-0.75 pt, at least two visibly distinct line weights, nothing below 0.5 pt, fully closed shapes suitable for coloring.
WHITE SPACE: Keep railing, walls, table, and ground simple enough for color fill.
TEXT: none. The page must contain no lettering of any kind.
NEGATIVE: violence, weapons, bruising, visible injury, drug use, drug paraphernalia, self-harm, police scenes, hospital or clinical crisis imagery, restraints, panic or extreme distress, gray shading, grayscale, color fills, photorealism, 3D render, distorted hands, extra fingers, malformed faces, stray text or watermarks, overcrowded composition, dense mandala fill, low contrast, broken or open outlines, childish cartoon style, ethnic stereotyping, costume-like exaggeration.","Black-and-white printable adult coloring page, 8.5 x 11 inch portrait, 300 DPI, pure black line art on white, no shading, no grayscale, no color fills, all content inside a 0.375 inch safe margin. Mother and adult daughter planting flowers together. Exactly 2-3 figures in close, readable interaction: seated together, standing side by side, or walking together. Anchor is a porch railing, patio edge, park or city bench, kitchen or dining table, shop chair, or shared task. African American figures with natural hairstyles, a broad range of skin tones rendered through line detail only, everyday contemporary clothing, and respectful home and community settings. Season cues: flowers, rain, fresh air, journals, new beginnings. Tone: calm, hopeful, reflective, grounded, and supportive; relaxed posture, open hands, soft expressions. Line work: primary contours 0.75-1.25 pt, secondary detail 0.5-0.75 pt, at least two visibly distinct line weights, nothing below 0.5 pt, fully closed shapes suitable for coloring. Keep railing, walls, table, and ground simple enough for color fill. No text anywhere on the page.","violence, weapons, bruising, visible injury, drug use, drug paraphernalia, self-harm, police scenes, hospital or clinical crisis imagery, restraints, panic or extreme distress, gray shading, grayscale, color fills, photorealism, 3D render, distorted hands, extra fingers, malformed faces, stray text or watermarks, overcrowded composition, dense mandala fill, low contrast, broken or open outlines, childish cartoon style, ethnic stereotyping, costume-like exaggeration"
African American Spring 07,African American,Spring,07,Community scene,TPL-07,Pair Conversation Scene,Medium,,Medium,"DOC SPEC: 8.5 x 11 inch portrait, 300 DPI, pure black line art on white, no shading, no grayscale, no color fills, all content inside a 0.375 inch safe margin.
SCENE: Friends on a porch sharing encouragement.
COMPOSITION (TPL-07 Pair Conversation Scene): Exactly 2-3 figures in close, readable interaction: seated together, standing side by side, or walking together. Anchor is a porch railing, patio edge, park or city bench, kitchen or dining table, shop chair, or shared task. Top: plants, string lights, window, or tree line; Center: the two figures and their shared focus; Bottom: floorboards, table, bench, path, or ground.
REPRESENTATION: African American figures with natural hairstyles, a broad range of skin tones rendered through line detail only, everyday contemporary clothing, and respectful home and community settings. Natural proportions. No stereotypes, no costume-like exaggeration, no tokenism.
SEASON (Spring): flowers, rain, fresh air, journals, new beginnings.
TONE: calm, hopeful, reflective, grounded, and supportive; relaxed posture, open hands, soft expressions.
LINE WORK: primary contours 0.75-1.25 pt, secondary detail 0.5-0.75 pt, at least two visibly distinct line weights, nothing below 0.5 pt, fully closed shapes suitable for coloring.
WHITE SPACE: Keep railing, walls, table, and ground simple enough for color fill.
VARIATION: Use 2 of TPL-07 in this book — change the arrangement: side by side vs facing, seated vs walking, and a different shared object.
TEXT: none. The page must contain no lettering of any kind.
NEGATIVE: violence, weapons, bruising, visible injury, drug use, drug paraphernalia, self-harm, police scenes, hospital or clinical crisis imagery, restraints, panic or extreme distress, gray shading, grayscale, color fills, photorealism, 3D render, distorted hands, extra fingers, malformed faces, stray text or watermarks, overcrowded composition, dense mandala fill, low contrast, broken or open outlines, childish cartoon style, ethnic stereotyping, costume-like exaggeration.","Black-and-white printable adult coloring page, 8.5 x 11 inch portrait, 300 DPI, pure black line art on white, no shading, no grayscale, no color fills, all content inside a 0.375 inch safe margin. Friends on a porch sharing encouragement. Exactly 2-3 figures in close, readable interaction: seated together, standing side by side, or walking together. Anchor is a porch railing, patio edge, park or city bench, kitchen or dining table, shop chair, or shared task. African American figures with natural hairstyles, a broad range of skin tones rendered through line detail only, everyday contemporary clothing, and respectful home and community settings. Season cues: flowers, rain, fresh air, journals, new beginnings. Tone: calm, hopeful, reflective, grounded, and supportive; relaxed posture, open hands, soft expressions. Line work: primary contours 0.75-1.25 pt, secondary detail 0.5-0.75 pt, at least two visibly distinct line weights, nothing below 0.5 pt, fully closed shapes suitable for coloring. Keep railing, walls, table, and ground simple enough for color fill. No text anywhere on the page.","violence, weapons, bruising, visible injury, drug use, drug paraphernalia, self-harm, police scenes, hospital or clinical crisis imagery, restraints, panic or extreme distress, gray shading, grayscale, color fills, photorealism, 3D render, distorted hands, extra fingers, malformed faces, stray text or watermarks, overcrowded composition, dense mandala fill, low contrast, broken or open outlines, childish cartoon style, ethnic stereotyping, costume-like exaggeration"
African American Spring 08,African American,Spring,08,Community scene,TPL-07,Pair Conversation Scene,Medium,,High,"DOC SPEC: 8.5 x 11 inch portrait, 300 DPI, pure black line art on white, no shading, no grayscale, no color fills, all content inside a 0.375 inch safe margin.
SCENE: Mentor and newcomer talking after a meeting.
COMPOSITION (TPL-07 Pair Conversation Scene): Exactly 2-3 figures in close, readable interaction: seated together, standing side by side, or walking together. Anchor is a porch railing, patio edge, park or city bench, kitchen or dining table, shop chair, or shared task. Top: plants, string lights, window, or tree line; Center: the two figures and their shared focus; Bottom: floorboards, table, bench, path, or ground.
REPRESENTATION: African American figures with natural hairstyles, a broad range of skin tones rendered through line detail only, everyday contemporary clothing, and respectful home and community settings. Natural proportions. No stereotypes, no costume-like exaggeration, no tokenism.
SEASON (Spring): flowers, rain, fresh air, journals, new beginnings.
TONE: calm, hopeful, reflective, grounded, and supportive; relaxed posture, open hands, soft expressions.
LINE WORK: primary contours 0.75-1.25 pt, secondary detail 0.5-0.75 pt, at least two visibly distinct line weights, nothing below 0.5 pt, fully closed shapes suitable for coloring.
WHITE SPACE: Keep railing, walls, table, and ground simple enough for color fill.
VARIATION: Use 3 of TPL-07 in this book — change the arrangement: side by side vs facing, seated vs walking, and a different shared object.
TEXT: none. The page must contain no lettering of any kind.
NEGATIVE: violence, weapons, bruising, visible injury, drug use, drug paraphernalia, self-harm, police scenes, hospital or clinical crisis imagery, restraints, panic or extreme distress, gray shading, grayscale, color fills, photorealism, 3D render, distorted hands, extra fingers, malformed faces, stray text or watermarks, overcrowded composition, dense mandala fill, low contrast, broken or open outlines, childish cartoon style, ethnic stereotyping, costume-like exaggeration.","Black-and-white printable adult coloring page, 8.5 x 11 inch portrait, 300 DPI, pure black line art on white, no shading, no grayscale, no color fills, all content inside a 0.375 inch safe margin. Mentor and newcomer talking after a meeting. Exactly 2-3 figures in close, readable interaction: seated together, standing side by side, or walking together. Anchor is a porch railing, patio edge, park or city bench, kitchen or dining table, shop chair, or shared task. African American figures with natural hairstyles, a broad range of skin tones rendered through line detail only, everyday contemporary clothing, and respectful home and community settings. Season cues: flowers, rain, fresh air, journals, new beginnings. Tone: calm, hopeful, reflective, grounded, and supportive; relaxed posture, open hands, soft expressions. Line work: primary contours 0.75-1.25 pt, secondary detail 0.5-0.75 pt, at least two visibly distinct line weights, nothing below 0.5 pt, fully closed shapes suitable for coloring. Keep railing, walls, table, and ground simple enough for color fill. No text anywhere on the page.","violence, weapons, bruising, visible injury, drug use, drug paraphernalia, self-harm, police scenes, hospital or clinical crisis imagery, restraints, panic or extreme distress, gray shading, grayscale, color fills, photorealism, 3D render, distorted hands, extra fingers, malformed faces, stray text or watermarks, overcrowded composition, dense mandala fill, low contrast, broken or open outlines, childish cartoon style, ethnic stereotyping, costume-like exaggeration"
African American Spring 09,African American,Spring,09,Quote page,TPL-03,Quote Page Framed Border,Light,Healing one day at a time.,High,"DOC SPEC: 8.5 x 11 inch portrait, 300 DPI, pure black line art on white, no shading, no grayscale, no color fills, all content inside a 0.375 inch safe margin.
SCENE: Floral border with spring blossoms.
COMPOSITION (TPL-03 Quote Page Framed Border): Short centered quote with wide margins and seasonal border motifs on 2-4 sides. Top-third: quote; Outer frame: florals and symbols; Corners: accent clusters; Center whitespace preserved.
REPRESENTATION: no people, no figures, and no body parts anywhere on this page. Cultural character is carried by objects, textiles, plants, and pattern, never by a figure. Keep those details lived-in rather than costume-like.
SEASON (Spring): flowers, rain, fresh air, journals, new beginnings.
TONE: calm, hopeful, reflective, grounded, and supportive; relaxed posture, open hands, soft expressions.
LINE WORK: primary contours 0.75-1.25 pt, secondary detail 0.5-0.75 pt, at least two visibly distinct line weights, nothing below 0.5 pt, fully closed shapes suitable for coloring.
WHITE SPACE: Preserve at least 50 percent open space around text.
QUOTE TEXT: ""Healing one day at a time."" Set centered in the upper-middle in a clean serif, well inside the safe margin. This is the only text on the page.
NEGATIVE: violence, weapons, bruising, visible injury, drug use, drug paraphernalia, self-harm, police scenes, hospital or clinical crisis imagery, restraints, panic or extreme distress, gray shading, grayscale, color fills, photorealism, 3D render, distorted hands, extra fingers, malformed faces, stray text or watermarks, overcrowded composition, dense mandala fill, low contrast, broken or open outlines, childish cartoon style, ethnic stereotyping, costume-like exaggeration.","Black-and-white printable adult coloring page, 8.5 x 11 inch portrait, 300 DPI, pure black line art on white, no shading, no grayscale, no color fills, all content inside a 0.375 inch safe margin. Floral border with spring blossoms. Short centered quote with wide margins and seasonal border motifs on 2-4 sides. no people, no figures, and no body parts anywhere on this page. Cultural character is carried by objects, textiles, plants, and pattern, never by a figure. Keep those details lived-in rather than costume-like. Season cues: flowers, rain, fresh air, journals, new beginnings. Tone: calm, hopeful, reflective, grounded, and supportive; relaxed posture, open hands, soft expressions. Line work: primary contours 0.75-1.25 pt, secondary detail 0.5-0.75 pt, at least two visibly distinct line weights, nothing below 0.5 pt, fully closed shapes suitable for coloring. Preserve at least 50 percent open space around text. Quote text: ""Healing one day at a time."" centered, upper-middle.","violence, weapons, bruising, visible injury, drug use, drug paraphernalia, self-harm, police scenes, hospital or clinical crisis imagery, restraints, panic or extreme distress, gray shading, grayscale, color fills, photorealism, 3D render, distorted hands, extra fingers, malformed faces, stray text or watermarks, overcrowded composition, dense mandala fill, low contrast, broken or open outlines, childish cartoon style, ethnic stereotyping, costume-like exaggeration"
African American Spring 10,African American,Spring,10,Quote page,TPL-03,Quote Page Framed Border,Light,I am allowed to begin again.,High,"DOC SPEC: 8.5 x 11 inch portrait, 300 DPI, pure black line art on white, no shading, no grayscale, no color fills, all content inside a 0.375 inch safe margin.
SCENE: Butterflies and soft garden accents.
COMPOSITION (TPL-03 Quote Page Framed Border): Short centered quote with wide margins and seasonal border motifs on 2-4 sides. Top-third: quote; Outer frame: florals and symbols; Corners: accent clusters; Center whitespace preserved.
REPRESENTATION: no people, no figures, and no body parts anywhere on this page. Cultural character is carried by objects, textiles, plants, and pattern, never by a figure. Keep those details lived-in rather than costume-like.
SEASON (Spring): flowers, rain, fresh air, journals, new beginnings.
TONE: calm, hopeful, reflective, grounded, and supportive; relaxed posture, open hands, soft expressions.
LINE WORK: primary contours 0.75-1.25 pt, secondary detail 0.5-0.75 pt, at least two visibly distinct line weights, nothing below 0.5 pt, fully closed shapes suitable for coloring.
WHITE SPACE: Preserve at least 50 percent open space around text.
VARIATION: Use 2 of TPL-03 in this book — change the border family and quote placement: full frame vs two-corner vs top-and-bottom band.
QUOTE TEXT: ""I am allowed to begin again."" Set centered in the upper-middle in a clean serif, well inside the safe margin. This is the only text on the page.
NEGATIVE: violence, weapons, bruising, visible injury, drug use, drug paraphernalia, self-harm, police scenes, hospital or clinical crisis imagery, restraints, panic or extreme distress, gray shading, grayscale, color fills, photorealism, 3D render, distorted hands, extra fingers, malformed faces, stray text or watermarks, overcrowded composition, dense mandala fill, low contrast, broken or open outlines, childish cartoon style, ethnic stereotyping, costume-like exaggeration.","Black-and-white printable adult coloring page, 8.5 x 11 inch portrait, 300 DPI, pure black line art on white, no shading, no grayscale, no color fills, all content inside a 0.375 inch safe margin. Butterflies and soft garden accents. Short centered quote with wide margins and seasonal border motifs on 2-4 sides. no people, no figures, and no body parts anywhere on this page. Cultural character is carried by objects, textiles, plants, and pattern, never by a figure. Keep those details lived-in rather than costume-like. Season cues: flowers, rain, fresh air, journals, new beginnings. Tone: calm, hopeful, reflective, grounded, and supportive; relaxed posture, open hands, soft expressions. Line work: primary contours 0.75-1.25 pt, secondary detail 0.5-0.75 pt, at least two visibly distinct line weights, nothing below 0.5 pt, fully closed shapes suitable for coloring. Preserve at least 50 percent open space around text. Quote text: ""I am allowed to begin again."" centered, upper-middle.","violence, weapons, bruising, visible injury, drug use, drug paraphernalia, self-harm, police scenes, hospital or clinical crisis imagery, restraints, panic or extreme distress, gray shading, grayscale, color fills, photorealism, 3D render, distorted hands, extra fingers, malformed faces, stray text or watermarks, overcrowded composition, dense mandala fill, low contrast, broken or open outlines, childish cartoon style, ethnic stereotyping, costume-like exaggeration"
African American Spring 11,African American,Spring,11,Quote page,TPL-03,Quote Page Framed Border,Light,Peace grows here.,Medium,"DOC SPEC: 8.5 x 11 inch portrait, 300 DPI, pure black line art on white, no shading, no grayscale, no color fills, all content inside a 0.375 inch safe margin.
SCENE: Rain, blossoms, and soft linework.
COMPOSITION (TPL-03 Quote Page Framed Border): Short centered quote with wide margins and seasonal border motifs on 2-4 sides. Top-third: quote; Outer frame: florals and symbols; Corners: accent clusters; Center whitespace preserved.
REPRESENTATION: no people, no figures, and no body parts anywhere on this page. Cultural character is carried by objects, textiles, plants, and pattern, never by a figure. Keep those details lived-in rather than costume-like.
SEASON (Spring): flowers, rain, fresh air, journals, new beginnings.
TONE: calm, hopeful, reflective, grounded, and supportive; relaxed posture, open hands, soft expressions.
LINE WORK: primary contours 0.75-1.25 pt, secondary detail 0.5-0.75 pt, at least two visibly distinct line weights, nothing below 0.5 pt, fully closed shapes suitable for coloring.
WHITE SPACE: Preserve at least 50 percent open space around text.
VARIATION: Use 3 of TPL-03 in this book — change the border family and quote placement: full frame vs two-corner vs top-and-bottom band.
QUOTE TEXT: ""Peace grows here."" Set centered in the upper-middle in a clean serif, well inside the safe margin. This is the only text on the page.
NEGATIVE: violence, weapons, bruising, visible injury, drug use, drug paraphernalia, self-harm, police scenes, hospital or clinical crisis imagery, restraints, panic or extreme distress, gray shading, grayscale, color fills, photorealism, 3D render, distorted hands, extra fingers, malformed faces, stray text or watermarks, overcrowded composition, dense mandala fill, low contrast, broken or open outlines, childish cartoon style, ethnic stereotyping, costume-like exaggeration.","Black-and-white printable adult coloring page, 8.5 x 11 inch portrait, 300 DPI, pure black line art on white, no shading, no grayscale, no color fills, all content inside a 0.375 inch safe margin. Rain, blossoms, and soft linework. Short centered quote with wide margins and seasonal border motifs on 2-4 sides. no people, no figures, and no body parts anywhere on this page. Cultural character is carried by objects, textiles, plants, and pattern, never by a figure. Keep those details lived-in rather than costume-like. Season cues: flowers, rain, fresh air, journals, new beginnings. Tone: calm, hopeful, reflective, grounded, and supportive; relaxed posture, open hands, soft expressions. Line work: primary contours 0.75-1.25 pt, secondary detail 0.5-0.75 pt, at least two visibly distinct line weights, nothing below 0.5 pt, fully closed shapes suitable for coloring. Preserve at least 50 percent open space around text. Quote text: ""Peace grows here."" centered, upper-middle.","violence, weapons, bruising, visible injury, drug use, drug paraphernalia, self-harm, police scenes, hospital or clinical crisis imagery, restraints, panic or extreme distress, gray shading, grayscale, color fills, photorealism, 3D render, distorted hands, extra fingers, malformed faces, stray text or watermarks, overcrowded composition, dense mandala fill, low contrast, broken or open outlines, childish cartoon style, ethnic stereotyping, costume-like exaggeration"
African American Spring 12,African American,Spring,12,Symbol page,TPL-05,Symbol Cluster Page,Medium,,Medium,"DOC SPEC: 8.5 x 11 inch portrait, 300 DPI, pure black line art on white, no shading, no grayscale, no color fills, all content inside a 0.375 inch safe margin.
SCENE: Braids, flowers, hearts, doves, and healing motifs.
COMPOSITION (TPL-05 Symbol Cluster Page): 8-15 related motifs grouped in balanced clusters with breathing room between forms. Distributed clusters across the full page with one central anchor motif.
REPRESENTATION: no people, no figures, and no body parts anywhere on this page. Cultural character is carried by objects, textiles, plants, and pattern, never by a figure. Keep those details lived-in rather than costume-like.
SEASON (Spring): flowers, rain, fresh air, journals, new beginnings.
TONE: calm, hopeful, reflective, grounded, and supportive; relaxed posture, open hands, soft expressions.
LINE WORK: primary contours 0.75-1.25 pt, secondary detail 0.5-0.75 pt, at least two visibly distinct line weights, nothing below 0.5 pt, fully closed shapes suitable for coloring.
WHITE SPACE: Keep clean separations between motifs for easy coloring.
TEXT: none. The page must contain no lettering of any kind.
NEGATIVE: violence, weapons, bruising, visible injury, drug use, drug paraphernalia, self-harm, police scenes, hospital or clinical crisis imagery, restraints, panic or extreme distress, gray shading, grayscale, color fills, photorealism, 3D render, distorted hands, extra fingers, malformed faces, stray text or watermarks, overcrowded composition, dense mandala fill, low contrast, broken or open outlines, childish cartoon style, ethnic stereotyping, costume-like exaggeration.","Black-and-white printable adult coloring page, 8.5 x 11 inch portrait, 300 DPI, pure black line art on white, no shading, no grayscale, no color fills, all content inside a 0.375 inch safe margin. Braids, flowers, hearts, doves, and healing motifs. 8-15 related motifs grouped in balanced clusters with breathing room between forms. no people, no figures, and no body parts anywhere on this page. Cultural character is carried by objects, textiles, plants, and pattern, never by a figure. Keep those details lived-in rather than costume-like. Season cues: flowers, rain, fresh air, journals, new beginnings. Tone: calm, hopeful, reflective, grounded, and supportive; relaxed posture, open hands, soft expressions. Line work: primary contours 0.75-1.25 pt, secondary detail 0.5-0.75 pt, at least two visibly distinct line weights, nothing below 0.5 pt, fully closed shapes suitable for coloring. Keep clean separations between motifs for easy coloring. No text anywhere on the page.","violence, weapons, bruising, visible injury, drug use, drug paraphernalia, self-harm, police scenes, hospital or clinical crisis imagery, restraints, panic or extreme distress, gray shading, grayscale, color fills, photorealism, 3D render, distorted hands, extra fingers, malformed faces, stray text or watermarks, overcrowded composition, dense mandala fill, low contrast, broken or open outlines, childish cartoon style, ethnic stereotyping, costume-like exaggeration"
African American Spring 13,African American,Spring,13,Decorative page,TPL-10,Decorative Border & Pattern Page,Medium,,Medium,"DOC SPEC: 8.5 x 11 inch portrait, 300 DPI, pure black line art on white, no shading, no grayscale, no color fills, all content inside a 0.375 inch safe margin.
SCENE: Spring wreath, coffee mug, journal, and soft border shapes.
COMPOSITION (TPL-10 Decorative Border & Pattern Page): Seasonal border or repeating pattern frame with 4-8 comfort objects set inside it; flatter and more graphic than a symbol cluster. Full-page border or corner frames; Center: object grouping; Background: restrained repeating pattern or open white.
REPRESENTATION: no people, no figures, and no body parts anywhere on this page. Cultural character is carried by objects, textiles, plants, and pattern, never by a figure. Keep those details lived-in rather than costume-like.
SEASON (Spring): flowers, rain, fresh air, journals, new beginnings.
TONE: calm, hopeful, reflective, grounded, and supportive; relaxed posture, open hands, soft expressions.
LINE WORK: primary contours 0.75-1.25 pt, secondary detail 0.5-0.75 pt, at least two visibly distinct line weights, nothing below 0.5 pt, fully closed shapes suitable for coloring.
WHITE SPACE: Keep the center open enough to read as a resting page; pattern supports, never fills.
TEXT: none. The page must contain no lettering of any kind.
NEGATIVE: violence, weapons, bruising, visible injury, drug use, drug paraphernalia, self-harm, police scenes, hospital or clinical crisis imagery, restraints, panic or extreme distress, gray shading, grayscale, color fills, photorealism, 3D render, distorted hands, extra fingers, malformed faces, stray text or watermarks, overcrowded composition, dense mandala fill, low contrast, broken or open outlines, childish cartoon style, ethnic stereotyping, costume-like exaggeration.","Black-and-white printable adult coloring page, 8.5 x 11 inch portrait, 300 DPI, pure black line art on white, no shading, no grayscale, no color fills, all content inside a 0.375 inch safe margin. Spring wreath, coffee mug, journal, and soft border shapes. Seasonal border or repeating pattern frame with 4-8 comfort objects set inside it; flatter and more graphic than a symbol cluster. no people, no figures, and no body parts anywhere on this page. Cultural character is carried by objects, textiles, plants, and pattern, never by a figure. Keep those details lived-in rather than costume-like. Season cues: flowers, rain, fresh air, journals, new beginnings. Tone: calm, hopeful, reflective, grounded, and supportive; relaxed posture, open hands, soft expressions. Line work: primary contours 0.75-1.25 pt, secondary detail 0.5-0.75 pt, at least two visibly distinct line weights, nothing below 0.5 pt, fully closed shapes suitable for coloring. Keep the center open enough to read as a resting page; pattern supports, never fills. No text anywhere on the page.","violence, weapons, bruising, visible injury, drug use, drug paraphernalia, self-harm, police scenes, hospital or clinical crisis imagery, restraints, panic or extreme distress, gray shading, grayscale, color fills, photorealism, 3D render, distorted hands, extra fingers, malformed faces, stray text or watermarks, overcrowded composition, dense mandala fill, low contrast, broken or open outlines, childish cartoon style, ethnic stereotyping, costume-like exaggeration"
African American Spring 14,African American,Spring,14,Environment page,TPL-04,Healing Room Interior,Heavy,,High,"DOC SPEC: 8.5 x 11 inch portrait, 300 DPI, pure black line art on white, no shading, no grayscale, no color fills, all content inside a 0.375 inch safe margin.
SCENE: Cozy bedroom sanctuary with books, candles, and plants.
COMPOSITION (TPL-04 Healing Room Interior): One interior room with strong furniture silhouette, layered comfort objects, single anchor light source or window. No people. Top: wall art or window; Center: bed, chair, or table anchor; Lower: rug, books, slippers, plants.
REPRESENTATION: no people, no figures, and no body parts anywhere on this page. Cultural character is carried by objects, textiles, plants, and pattern, never by a figure. Keep those details lived-in rather than costume-like.
SEASON (Spring): flowers, rain, fresh air, journals, new beginnings.
TONE: calm, hopeful, reflective, grounded, and supportive; relaxed posture, open hands, soft expressions.
LINE WORK: primary contours 0.75-1.25 pt, secondary detail 0.5-0.75 pt, at least two visibly distinct line weights, nothing below 0.5 pt, fully closed shapes suitable for coloring.
WHITE SPACE: Avoid filling every surface with pattern; leave floors and walls partially open.
TEXT: none. The page must contain no lettering of any kind.
NEGATIVE: violence, weapons, bruising, visible injury, drug use, drug paraphernalia, self-harm, police scenes, hospital or clinical crisis imagery, restraints, panic or extreme distress, gray shading, grayscale, color fills, photorealism, 3D render, distorted hands, extra fingers, malformed faces, stray text or watermarks, overcrowded composition, dense mandala fill, low contrast, broken or open outlines, childish cartoon style, ethnic stereotyping, costume-like exaggeration.","Black-and-white printable adult coloring page, 8.5 x 11 inch portrait, 300 DPI, pure black line art on white, no shading, no grayscale, no color fills, all content inside a 0.375 inch safe margin. Cozy bedroom sanctuary with books, candles, and plants. One interior room with strong furniture silhouette, layered comfort objects, single anchor light source or window. No people. no people, no figures, and no body parts anywhere on this page. Cultural character is carried by objects, textiles, plants, and pattern, never by a figure. Keep those details lived-in rather than costume-like. Season cues: flowers, rain, fresh air, journals, new beginnings. Tone: calm, hopeful, reflective, grounded, and supportive; relaxed posture, open hands, soft expressions. Line work: primary contours 0.75-1.25 pt, secondary detail 0.5-0.75 pt, at least two visibly distinct line weights, nothing below 0.5 pt, fully closed shapes suitable for coloring. Avoid filling every surface with pattern; leave floors and walls partially open. No text anywhere on the page.","violence, weapons, bruising, visible injury, drug use, drug paraphernalia, self-harm, police scenes, hospital or clinical crisis imagery, restraints, panic or extreme distress, gray shading, grayscale, color fills, photorealism, 3D render, distorted hands, extra fingers, malformed faces, stray text or watermarks, overcrowded composition, dense mandala fill, low contrast, broken or open outlines, childish cartoon style, ethnic stereotyping, costume-like exaggeration"
African American Spring 15,African American,Spring,15,Environment page,TPL-04,Healing Room Interior,Heavy,,Medium,"DOC SPEC: 8.5 x 11 inch portrait, 300 DPI, pure black line art on white, no shading, no grayscale, no color fills, all content inside a 0.375 inch safe margin.
SCENE: Church fellowship hall or wellness room set for support.
COMPOSITION (TPL-04 Healing Room Interior): One interior room with strong furniture silhouette, layered comfort objects, single anchor light source or window. No people. Top: wall art or window; Center: bed, chair, or table anchor; Lower: rug, books, slippers, plants.
REPRESENTATION: no people, no figures, and no body parts anywhere on this page. Cultural character is carried by objects, textiles, plants, and pattern, never by a figure. Keep those details lived-in rather than costume-like.
SEASON (Spring): flowers, rain, fresh air, journals, new beginnings.
TONE: calm, hopeful, reflective, grounded, and supportive; relaxed posture, open hands, soft expressions.
LINE WORK: primary contours 0.75-1.25 pt, secondary detail 0.5-0.75 pt, at least two visibly distinct line weights, nothing below 0.5 pt, fully closed shapes suitable for coloring.
WHITE SPACE: Avoid filling every surface with pattern; leave floors and walls partially open.
VARIATION: Use 2 of TPL-04 in this book — change the room and anchor furniture: bed vs armchair vs table, and move the light source.
TEXT: none. The page must contain no lettering of any kind.
NEGATIVE: violence, weapons, bruising, visible injury, drug use, drug paraphernalia, self-harm, police scenes, hospital or clinical crisis imagery, restraints, panic or extreme distress, gray shading, grayscale, color fills, photorealism, 3D render, distorted hands, extra fingers, malformed faces, stray text or watermarks, overcrowded composition, dense mandala fill, low contrast, broken or open outlines, childish cartoon style, ethnic stereotyping, costume-like exaggeration.","Black-and-white printable adult coloring page, 8.5 x 11 inch portrait, 300 DPI, pure black line art on white, no shading, no grayscale, no color fills, all content inside a 0.375 inch safe margin. Church fellowship hall or wellness room set for support. One interior room with strong furniture silhouette, layered comfort objects, single anchor light source or window. No people. no people, no figures, and no body parts anywhere on this page. Cultural character is carried by objects, textiles, plants, and pattern, never by a figure. Keep those details lived-in rather than costume-like. Season cues: flowers, rain, fresh air, journals, new beginnings. Tone: calm, hopeful, reflective, grounded, and supportive; relaxed posture, open hands, soft expressions. Line work: primary contours 0.75-1.25 pt, secondary detail 0.5-0.75 pt, at least two visibly distinct line weights, nothing below 0.5 pt, fully closed shapes suitable for coloring. Avoid filling every surface with pattern; leave floors and walls partially open. No text anywhere on the page.","violence, weapons, bruising, visible injury, drug use, drug paraphernalia, self-harm, police scenes, hospital or clinical crisis imagery, restraints, panic or extreme distress, gray shading, grayscale, color fills, photorealism, 3D render, distorted hands, extra fingers, malformed faces, stray text or watermarks, overcrowded composition, dense mandala fill, low contrast, broken or open outlines, childish cartoon style, ethnic stereotyping, costume-like exaggeration"
African American Summer 01,African American,Summer,01,Solo portrait,TPL-01,Solo Portrait Calm Scene,Medium,,High,"DOC SPEC: 8.5 x 11 inch portrait, 300 DPI, pure black line art on white, no shading, no grayscale, no color fills, all content inside a 0.375 inch safe margin.
SCENE: Woman sitting under a tree with a recovery journal.
COMPOSITION (TPL-01 Solo Portrait Calm Scene): One focal person centered slightly off-axis, 2-3 supporting props, light background context, open lower corners. Top: seasonal cues; Center: face/body focal point; Mid-lower: hands/object; Edges: light framing motifs.
REPRESENTATION: African American figures with natural hairstyles, a broad range of skin tones rendered through line detail only, everyday contemporary clothing, and respectful home and community settings. Natural proportions. No stereotypes, no costume-like exaggeration, no tokenism.
SEASON (Summer): sunlight, porches, gardens, walking paths, community warmth.
TONE: calm, hopeful, reflective, grounded, and supportive; relaxed posture, open hands, soft expressions.
LINE WORK: primary contours 0.75-1.25 pt, secondary detail 0.5-0.75 pt, at least two visibly distinct line weights, nothing below 0.5 pt, fully closed shapes suitable for coloring.
WHITE SPACE: Leave 35-45 percent open colorable space.
TEXT: none. The page must contain no lettering of any kind.
NEGATIVE: violence, weapons, bruising, visible injury, drug use, drug paraphernalia, self-harm, police scenes, hospital or clinical crisis imagery, restraints, panic or extreme distress, gray shading, grayscale, color fills, photorealism, 3D render, distorted hands, extra fingers, malformed faces, stray text or watermarks, overcrowded composition, dense mandala fill, low contrast, broken or open outlines, childish cartoon style, ethnic stereotyping, costume-like exaggeration.","Black-and-white printable adult coloring page, 8.5 x 11 inch portrait, 300 DPI, pure black line art on white, no shading, no grayscale, no color fills, all content inside a 0.375 inch safe margin. Woman sitting under a tree with a recovery journal. One focal person centered slightly off-axis, 2-3 supporting props, light background context, open lower corners. African American figures with natural hairstyles, a broad range of skin tones rendered through line detail only, everyday contemporary clothing, and respectful home and community settings. Season cues: sunlight, porches, gardens, walking paths, community warmth. Tone: calm, hopeful, reflective, grounded, and supportive; relaxed posture, open hands, soft expressions. Line work: primary contours 0.75-1.25 pt, secondary detail 0.5-0.75 pt, at least two visibly distinct line weights, nothing below 0.5 pt, fully closed shapes suitable for coloring. Leave 35-45 percent open colorable space. No text anywhere on the page.","violence, weapons, bruising, visible injury, drug use, drug paraphernalia, self-harm, police scenes, hospital or clinical crisis imagery, restraints, panic or extreme distress, gray shading, grayscale, color fills, photorealism, 3D render, distorted hands, extra fingers, malformed faces, stray text or watermarks, overcrowded composition, dense mandala fill, low contrast, broken or open outlines, childish cartoon style, ethnic stereotyping, costume-like exaggeration"
African American Summer 02,African American,Summer,02,Solo portrait,TPL-06,Walking Reflection Scene,Light-Medium,,Medium,"DOC SPEC: 8.5 x 11 inch portrait, 300 DPI, pure black line art on white, no shading, no grayscale, no color fills, all content inside a 0.375 inch safe margin.
SCENE: Man at a lakefront dock reflecting peacefully.
COMPOSITION (TPL-06 Walking Reflection Scene): Single figure outdoors on a path, sidewalk, trail, dock, or shoreline with calm background depth and limited environmental clutter. Top: sky, trees, or buildings minimal; Center: figure; Lower: path, leaves, water, flowers, pavement texture.
REPRESENTATION: African American figures with natural hairstyles, a broad range of skin tones rendered through line detail only, everyday contemporary clothing, and respectful home and community settings. Natural proportions. No stereotypes, no costume-like exaggeration, no tokenism.
SEASON (Summer): sunlight, porches, gardens, walking paths, community warmth.
TONE: calm, hopeful, reflective, grounded, and supportive; relaxed posture, open hands, soft expressions.
LINE WORK: primary contours 0.75-1.25 pt, secondary detail 0.5-0.75 pt, at least two visibly distinct line weights, nothing below 0.5 pt, fully closed shapes suitable for coloring.
WHITE SPACE: Keep large sky and path zones open to avoid density.
TEXT: none. The page must contain no lettering of any kind.
NEGATIVE: violence, weapons, bruising, visible injury, drug use, drug paraphernalia, self-harm, police scenes, hospital or clinical crisis imagery, restraints, panic or extreme distress, gray shading, grayscale, color fills, photorealism, 3D render, distorted hands, extra fingers, malformed faces, stray text or watermarks, overcrowded composition, dense mandala fill, low contrast, broken or open outlines, childish cartoon style, ethnic stereotyping, costume-like exaggeration.","Black-and-white printable adult coloring page, 8.5 x 11 inch portrait, 300 DPI, pure black line art on white, no shading, no grayscale, no color fills, all content inside a 0.375 inch safe margin. Man at a lakefront dock reflecting peacefully. Single figure outdoors on a path, sidewalk, trail, dock, or shoreline with calm background depth and limited environmental clutter. African American figures with natural hairstyles, a broad range of skin tones rendered through line detail only, everyday contemporary clothing, and respectful home and community settings. Season cues: sunlight, porches, gardens, walking paths, community warmth. Tone: calm, hopeful, reflective, grounded, and supportive; relaxed posture, open hands, soft expressions. Line work: primary contours 0.75-1.25 pt, secondary detail 0.5-0.75 pt, at least two visibly distinct line weights, nothing below 0.5 pt, fully closed shapes suitable for coloring. Keep large sky and path zones open to avoid density. No text anywhere on the page.","violence, weapons, bruising, visible injury, drug use, drug paraphernalia, self-harm, police scenes, hospital or clinical crisis imagery, restraints, panic or extreme distress, gray shading, grayscale, color fills, photorealism, 3D render, distorted hands, extra fingers, malformed faces, stray text or watermarks, overcrowded composition, dense mandala fill, low contrast, broken or open outlines, childish cartoon style, ethnic stereotyping, costume-like exaggeration"
African American Summer 03,African American,Summer,03,Solo portrait,TPL-01,Solo Portrait Calm Scene,Medium,,High,"DOC SPEC: 8.5 x 11 inch portrait, 300 DPI, pure black line art on white, no shading, no grayscale, no color fills, all content inside a 0.375 inch safe margin.
SCENE: Young adult stretching in morning sunlight.
COMPOSITION (TPL-01 Solo Portrait Calm Scene): One focal person centered slightly off-axis, 2-3 supporting props, light background context, open lower corners. Top: seasonal cues; Center: face/body focal point; Mid-lower: hands/object; Edges: light framing motifs.
REPRESENTATION: African American figures with natural hairstyles, a broad range of skin tones rendered through line detail only, everyday contemporary clothing, and respectful home and community settings. Natural proportions. No stereotypes, no costume-like exaggeration, no tokenism.
SEASON (Summer): sunlight, porches, gardens, walking paths, community warmth.
TONE: calm, hopeful, reflective, grounded, and supportive; relaxed posture, open hands, soft expressions.
LINE WORK: primary contours 0.75-1.25 pt, secondary detail 0.5-0.75 pt, at least two visibly distinct line weights, nothing below 0.5 pt, fully closed shapes suitable for coloring.
WHITE SPACE: Leave 35-45 percent open colorable space.
VARIATION: Use 2 of TPL-01 in this book — change the viewpoint and prop cluster: seated vs standing, three-quarter vs frontal, and a different anchor object.
TEXT: none. The page must contain no lettering of any kind.
NEGATIVE: violence, weapons, bruising, visible injury, drug use, drug paraphernalia, self-harm, police scenes, hospital or clinical crisis imagery, restraints, panic or extreme distress, gray shading, grayscale, color fills, photorealism, 3D render, distorted hands, extra fingers, malformed faces, stray text or watermarks, overcrowded composition, dense mandala fill, low contrast, broken or open outlines, childish cartoon style, ethnic stereotyping, costume-like exaggeration.","Black-and-white printable adult coloring page, 8.5 x 11 inch portrait, 300 DPI, pure black line art on white, no shading, no grayscale, no color fills, all content inside a 0.375 inch safe margin. Young adult stretching in morning sunlight. One focal person centered slightly off-axis, 2-3 supporting props, light background context, open lower corners. African American figures with natural hairstyles, a broad range of skin tones rendered through line detail only, everyday contemporary clothing, and respectful home and community settings. Season cues: sunlight, porches, gardens, walking paths, community warmth. Tone: calm, hopeful, reflective, grounded, and supportive; relaxed posture, open hands, soft expressions. Line work: primary contours 0.75-1.25 pt, secondary detail 0.5-0.75 pt, at least two visibly distinct line weights, nothing below 0.5 pt, fully closed shapes suitable for coloring. Leave 35-45 percent open colorable space. No text anywhere on the page.","violence, weapons, bruising, visible injury, drug use, drug paraphernalia, self-harm, police scenes, hospital or clinical crisis imagery, restraints, panic or extreme distress, gray shading, grayscale, color fills, photorealism, 3D render, distorted hands, extra fingers, malformed faces, stray text or watermarks, overcrowded composition, dense mandala fill, low contrast, broken or open outlines, childish cartoon style, ethnic stereotyping, costume-like exaggeration"
African American Summer 04,African American,Summer,04,Solo portrait,TPL-01,Solo Portrait Calm Scene,Medium,,Medium,"DOC SPEC: 8.5 x 11 inch portrait, 300 DPI, pure black line art on white, no shading, no grayscale, no color fills, all content inside a 0.375 inch safe margin.
SCENE: Woman smiling on a porch swing with tea.
COMPOSITION (TPL-01 Solo Portrait Calm Scene): One focal person centered slightly off-axis, 2-3 supporting props, light background context, open lower corners. Top: seasonal cues; Center: face/body focal point; Mid-lower: hands/object; Edges: light framing motifs.
REPRESENTATION: African American figures with natural hairstyles, a broad range of skin tones rendered through line detail only, everyday contemporary clothing, and respectful home and community settings. Natural proportions. No stereotypes, no costume-like exaggeration, no tokenism.
SEASON (Summer): sunlight, porches, gardens, walking paths, community warmth.
TONE: calm, hopeful, reflective, grounded, and supportive; relaxed posture, open hands, soft expressions.
LINE WORK: primary contours 0.75-1.25 pt, secondary detail 0.5-0.75 pt, at least two visibly distinct line weights, nothing below 0.5 pt, fully closed shapes suitable for coloring.
WHITE SPACE: Leave 35-45 percent open colorable space.
VARIATION: Use 3 of TPL-01 in this book — change the viewpoint and prop cluster: seated vs standing, three-quarter vs frontal, and a different anchor object.
TEXT: none. The page must contain no lettering of any kind.
NEGATIVE: violence, weapons, bruising, visible injury, drug use, drug paraphernalia, self-harm, police scenes, hospital or clinical crisis imagery, restraints, panic or extreme distress, gray shading, grayscale, color fills, photorealism, 3D render, distorted hands, extra fingers, malformed faces, stray text or watermarks, overcrowded composition, dense mandala fill, low contrast, broken or open outlines, childish cartoon style, ethnic stereotyping, costume-like exaggeration.","Black-and-white printable adult coloring page, 8.5 x 11 inch portrait, 300 DPI, pure black line art on white, no shading, no grayscale, no color fills, all content inside a 0.375 inch safe margin. Woman smiling on a porch swing with tea. One focal person centered slightly off-axis, 2-3 supporting props, light background context, open lower corners. African American figures with natural hairstyles, a broad range of skin tones rendered through line detail only, everyday contemporary clothing, and respectful home and community settings. Season cues: sunlight, porches, gardens, walking paths, community warmth. Tone: calm, hopeful, reflective, grounded, and supportive; relaxed posture, open hands, soft expressions. Line work: primary contours 0.75-1.25 pt, secondary detail 0.5-0.75 pt, at least two visibly distinct line weights, nothing below 0.5 pt, fully closed shapes suitable for coloring. Leave 35-45 percent open colorable space. No text anywhere on the page.","violence, weapons, bruising, visible injury, drug use, drug paraphernalia, self-harm, police scenes, hospital or clinical crisis imagery, restraints, panic or extreme distress, gray shading, grayscale, color fills, photorealism, 3D render, distorted hands, extra fingers, malformed faces, stray text or watermarks, overcrowded composition, dense mandala fill, low contrast, broken or open outlines, childish cartoon style, ethnic stereotyping, costume-like exaggeration"
African American Summer 05,African American,Summer,05,Community scene,TPL-02,Support Circle Scene,Heavy,,High,"DOC SPEC: 8.5 x 11 inch portrait, 300 DPI, pure black line art on white, no shading, no grayscale, no color fills, all content inside a 0.375 inch safe margin.
SCENE: Outdoor support group in a park.
COMPOSITION (TPL-02 Support Circle Scene): 3-5 people in a curved or circular arrangement, one clear focal interaction, simple background geometry. Indoor variant uses simple room geometry; outdoor variant uses trees, park edge, or garden as a low-detail backdrop. Top: wall, window, banners, or tree line kept minimal; Center: group interaction; Bottom: chairs, floor, ground, grounding objects.
REPRESENTATION: African American figures with natural hairstyles, a broad range of skin tones rendered through line detail only, everyday contemporary clothing, and respectful home and community settings. Natural proportions. No stereotypes, no costume-like exaggeration, no tokenism.
SEASON (Summer): sunlight, porches, gardens, walking paths, community warmth.
TONE: calm, hopeful, reflective, grounded, and supportive; relaxed posture, open hands, soft expressions.
LINE WORK: primary contours 0.75-1.25 pt, secondary detail 0.5-0.75 pt, at least two visibly distinct line weights, nothing below 0.5 pt, fully closed shapes suitable for coloring.
WHITE SPACE: Keep background under 30 percent detail so figures stay readable.
TEXT: none. The page must contain no lettering of any kind.
NEGATIVE: violence, weapons, bruising, visible injury, drug use, drug paraphernalia, self-harm, police scenes, hospital or clinical crisis imagery, restraints, panic or extreme distress, gray shading, grayscale, color fills, photorealism, 3D render, distorted hands, extra fingers, malformed faces, stray text or watermarks, overcrowded composition, dense mandala fill, low contrast, broken or open outlines, childish cartoon style, ethnic stereotyping, costume-like exaggeration.","Black-and-white printable adult coloring page, 8.5 x 11 inch portrait, 300 DPI, pure black line art on white, no shading, no grayscale, no color fills, all content inside a 0.375 inch safe margin. Outdoor support group in a park. 3-5 people in a curved or circular arrangement, one clear focal interaction, simple background geometry. Indoor variant uses simple room geometry; outdoor variant uses trees, park edge, or garden as a low-detail backdrop. African American figures with natural hairstyles, a broad range of skin tones rendered through line detail only, everyday contemporary clothing, and respectful home and community settings. Season cues: sunlight, porches, gardens, walking paths, community warmth. Tone: calm, hopeful, reflective, grounded, and supportive; relaxed posture, open hands, soft expressions. Line work: primary contours 0.75-1.25 pt, secondary detail 0.5-0.75 pt, at least two visibly distinct line weights, nothing below 0.5 pt, fully closed shapes suitable for coloring. Keep background under 30 percent detail so figures stay readable. No text anywhere on the page.","violence, weapons, bruising, visible injury, drug use, drug paraphernalia, self-harm, police scenes, hospital or clinical crisis imagery, restraints, panic or extreme distress, gray shading, grayscale, color fills, photorealism, 3D render, distorted hands, extra fingers, malformed faces, stray text or watermarks, overcrowded composition, dense mandala fill, low contrast, broken or open outlines, childish cartoon style, ethnic stereotyping, costume-like exaggeration"
African American Summer 06,African American,Summer,06,Community scene,TPL-02,Support Circle Scene,Heavy,,High,"DOC SPEC: 8.5 x 11 inch portrait, 300 DPI, pure black line art on white, no shading, no grayscale, no color fills, all content inside a 0.375 inch safe margin.
SCENE: Family picnic centered on peace and connection.
COMPOSITION (TPL-02 Support Circle Scene): 3-5 people in a curved or circular arrangement, one clear focal interaction, simple background geometry. Indoor variant uses simple room geometry; outdoor variant uses trees, park edge, or garden as a low-detail backdrop. Top: wall, window, banners, or tree line kept minimal; Center: group interaction; Bottom: chairs, floor, ground, grounding objects.
REPRESENTATION: African American figures with natural hairstyles, a broad range of skin tones rendered through line detail only, everyday contemporary clothing, and respectful home and community settings. Natural proportions. No stereotypes, no costume-like exaggeration, no tokenism.
SEASON (Summer): sunlight, porches, gardens, walking paths, community warmth.
TONE: calm, hopeful, reflective, grounded, and supportive; relaxed posture, open hands, soft expressions.
LINE WORK: primary contours 0.75-1.25 pt, secondary detail 0.5-0.75 pt, at least two visibly distinct line weights, nothing below 0.5 pt, fully closed shapes suitable for coloring.
WHITE SPACE: Keep background under 30 percent detail so figures stay readable.
VARIATION: Use 2 of TPL-02 in this book — change the seating geometry and eye level: open horseshoe vs closed ring, standing vs seated, and a different room or landscape anchor.
TEXT: none. The page must contain no lettering of any kind.
NEGATIVE: violence, weapons, bruising, visible injury, drug use, drug paraphernalia, self-harm, police scenes, hospital or clinical crisis imagery, restraints, panic or extreme distress, gray shading, grayscale, color fills, photorealism, 3D render, distorted hands, extra fingers, malformed faces, stray text or watermarks, overcrowded composition, dense mandala fill, low contrast, broken or open outlines, childish cartoon style, ethnic stereotyping, costume-like exaggeration.","Black-and-white printable adult coloring page, 8.5 x 11 inch portrait, 300 DPI, pure black line art on white, no shading, no grayscale, no color fills, all content inside a 0.375 inch safe margin. Family picnic centered on peace and connection. 3-5 people in a curved or circular arrangement, one clear focal interaction, simple background geometry. Indoor variant uses simple room geometry; outdoor variant uses trees, park edge, or garden as a low-detail backdrop. African American figures with natural hairstyles, a broad range of skin tones rendered through line detail only, everyday contemporary clothing, and respectful home and community settings. Season cues: sunlight, porches, gardens, walking paths, community warmth. Tone: calm, hopeful, reflective, grounded, and supportive; relaxed posture, open hands, soft expressions. Line work: primary contours 0.75-1.25 pt, secondary detail 0.5-0.75 pt, at least two visibly distinct line weights, nothing below 0.5 pt, fully closed shapes suitable for coloring. Keep background under 30 percent detail so figures stay readable. No text anywhere on the page.","violence, weapons, bruising, visible injury, drug use, drug paraphernalia, self-harm, police scenes, hospital or clinical crisis imagery, restraints, panic or extreme distress, gray shading, grayscale, color fills, photorealism, 3D render, distorted hands, extra fingers, malformed faces, stray text or watermarks, overcrowded composition, dense mandala fill, low contrast, broken or open outlines, childish cartoon style, ethnic stereotyping, costume-like exaggeration"
African American Summer 07,African American,Summer,07,Community scene,TPL-07,Pair Conversation Scene,Medium,,Medium,"DOC SPEC: 8.5 x 11 inch portrait, 300 DPI, pure black line art on white, no shading, no grayscale, no color fills, all content inside a 0.375 inch safe margin.
SCENE: Two friends walking a neighborhood trail.
COMPOSITION (TPL-07 Pair Conversation Scene): Exactly 2-3 figures in close, readable interaction: seated together, standing side by side, or walking together. Anchor is a porch railing, patio edge, park or city bench, kitchen or dining table, shop chair, or shared task. Top: plants, string lights, window, or tree line; Center: the two figures and their shared focus; Bottom: floorboards, table, bench, path, or ground.
REPRESENTATION: African American figures with natural hairstyles, a broad range of skin tones rendered through line detail only, everyday contemporary clothing, and respectful home and community settings. Natural proportions. No stereotypes, no costume-like exaggeration, no tokenism.
SEASON (Summer): sunlight, porches, gardens, walking paths, community warmth.
TONE: calm, hopeful, reflective, grounded, and supportive; relaxed posture, open hands, soft expressions.
LINE WORK: primary contours 0.75-1.25 pt, secondary detail 0.5-0.75 pt, at least two visibly distinct line weights, nothing below 0.5 pt, fully closed shapes suitable for coloring.
WHITE SPACE: Keep railing, walls, table, and ground simple enough for color fill.
TEXT: none. The page must contain no lettering of any kind.
NEGATIVE: violence, weapons, bruising, visible injury, drug use, drug paraphernalia, self-harm, police scenes, hospital or clinical crisis imagery, restraints, panic or extreme distress, gray shading, grayscale, color fills, photorealism, 3D render, distorted hands, extra fingers, malformed faces, stray text or watermarks, overcrowded composition, dense mandala fill, low contrast, broken or open outlines, childish cartoon style, ethnic stereotyping, costume-like exaggeration.","Black-and-white printable adult coloring page, 8.5 x 11 inch portrait, 300 DPI, pure black line art on white, no shading, no grayscale, no color fills, all content inside a 0.375 inch safe margin. Two friends walking a neighborhood trail. Exactly 2-3 figures in close, readable interaction: seated together, standing side by side, or walking together. Anchor is a porch railing, patio edge, park or city bench, kitchen or dining table, shop chair, or shared task. African American figures with natural hairstyles, a broad range of skin tones rendered through line detail only, everyday contemporary clothing, and respectful home and community settings. Season cues: sunlight, porches, gardens, walking paths, community warmth. Tone: calm, hopeful, reflective, grounded, and supportive; relaxed posture, open hands, soft expressions. Line work: primary contours 0.75-1.25 pt, secondary detail 0.5-0.75 pt, at least two visibly distinct line weights, nothing below 0.5 pt, fully closed shapes suitable for coloring. Keep railing, walls, table, and ground simple enough for color fill. No text anywhere on the page.","violence, weapons, bruising, visible injury, drug use, drug paraphernalia, self-harm, police scenes, hospital or clinical crisis imagery, restraints, panic or extreme distress, gray shading, grayscale, color fills, photorealism, 3D render, distorted hands, extra fingers, malformed faces, stray text or watermarks, overcrowded composition, dense mandala fill, low contrast, broken or open outlines, childish cartoon style, ethnic stereotyping, costume-like exaggeration"
African American Summer 08,African American,Summer,08,Community scene,TPL-02,Support Circle Scene,Heavy,,Medium,"DOC SPEC: 8.5 x 11 inch portrait, 300 DPI, pure black line art on white, no shading, no grayscale, no color fills, all content inside a 0.375 inch safe margin.
SCENE: Barber shop or beauty shop encouragement scene.
COMPOSITION (TPL-02 Support Circle Scene): 3-5 people in a curved or circular arrangement, one clear focal interaction, simple background geometry. Indoor variant uses simple room geometry; outdoor variant uses trees, park edge, or garden as a low-detail backdrop. Top: wall, window, banners, or tree line kept minimal; Center: group interaction; Bottom: chairs, floor, ground, grounding objects.
REPRESENTATION: African American figures with natural hairstyles, a broad range of skin tones rendered through line detail only, everyday contemporary clothing, and respectful home and community settings. Natural proportions. No stereotypes, no costume-like exaggeration, no tokenism.
SEASON (Summer): sunlight, porches, gardens, walking paths, community warmth.
TONE: calm, hopeful, reflective, grounded, and supportive; relaxed posture, open hands, soft expressions.
LINE WORK: primary contours 0.75-1.25 pt, secondary detail 0.5-0.75 pt, at least two visibly distinct line weights, nothing below 0.5 pt, fully closed shapes suitable for coloring.
WHITE SPACE: Keep background under 30 percent detail so figures stay readable.
VARIATION: Use 3 of TPL-02 in this book — change the seating geometry and eye level: open horseshoe vs closed ring, standing vs seated, and a different room or landscape anchor.
TEXT: none. The page must contain no lettering of any kind.
NEGATIVE: violence, weapons, bruising, visible injury, drug use, drug paraphernalia, self-harm, police scenes, hospital or clinical crisis imagery, restraints, panic or extreme distress, gray shading, grayscale, color fills, photorealism, 3D render, distorted hands, extra fingers, malformed faces, stray text or watermarks, overcrowded composition, dense mandala fill, low contrast, broken or open outlines, childish cartoon style, ethnic stereotyping, costume-like exaggeration.","Black-and-white printable adult coloring page, 8.5 x 11 inch portrait, 300 DPI, pure black line art on white, no shading, no grayscale, no color fills, all content inside a 0.375 inch safe margin. Barber shop or beauty shop encouragement scene. 3-5 people in a curved or circular arrangement, one clear focal interaction, simple background geometry. Indoor variant uses simple room geometry; outdoor variant uses trees, park edge, or garden as a low-detail backdrop. African American figures with natural hairstyles, a broad range of skin tones rendered through line detail only, everyday contemporary clothing, and respectful home and community settings. Season cues: sunlight, porches, gardens, walking paths, community warmth. Tone: calm, hopeful, reflective, grounded, and supportive; relaxed posture, open hands, soft expressions. Line work: primary contours 0.75-1.25 pt, secondary detail 0.5-0.75 pt, at least two visibly distinct line weights, nothing below 0.5 pt, fully closed shapes suitable for coloring. Keep background under 30 percent detail so figures stay readable. No text anywhere on the page.","violence, weapons, bruising, visible injury, drug use, drug paraphernalia, self-harm, police scenes, hospital or clinical crisis imagery, restraints, panic or extreme distress, gray shading, grayscale, color fills, photorealism, 3D render, distorted hands, extra fingers, malformed faces, stray text or watermarks, overcrowded composition, dense mandala fill, low contrast, broken or open outlines, childish cartoon style, ethnic stereotyping, costume-like exaggeration"
African American Summer 09,African American,Summer,09,Quote page,TPL-03,Quote Page Framed Border,Light,Joy is part of healing.,High,"DOC SPEC: 8.5 x 11 inch portrait, 300 DPI, pure black line art on white, no shading, no grayscale, no color fills, all content inside a 0.375 inch safe margin.
SCENE: Sunflowers and bright summer accents.
COMPOSITION (TPL-03 Quote Page Framed Border): Short centered quote with wide margins and seasonal border motifs on 2-4 sides. Top-third: quote; Outer frame: florals and symbols; Corners: accent clusters; Center whitespace preserved.
REPRESENTATION: no people, no figures, and no body parts anywhere on this page. Cultural character is carried by objects, textiles, plants, and pattern, never by a figure. Keep those details lived-in rather than costume-like.
SEASON (Summer): sunlight, porches, gardens, walking paths, community warmth.
TONE: calm, hopeful, reflective, grounded, and supportive; relaxed posture, open hands, soft expressions.
LINE WORK: primary contours 0.75-1.25 pt, secondary detail 0.5-0.75 pt, at least two visibly distinct line weights, nothing below 0.5 pt, fully closed shapes suitable for coloring.
WHITE SPACE: Preserve at least 50 percent open space around text.
QUOTE TEXT: ""Joy is part of healing."" Set centered in the upper-middle in a clean serif, well inside the safe margin. This is the only text on the page.
NEGATIVE: violence, weapons, bruising, visible injury, drug use, drug paraphernalia, self-harm, police scenes, hospital or clinical crisis imagery, restraints, panic or extreme distress, gray shading, grayscale, color fills, photorealism, 3D render, distorted hands, extra fingers, malformed faces, stray text or watermarks, overcrowded composition, dense mandala fill, low contrast, broken or open outlines, childish cartoon style, ethnic stereotyping, costume-like exaggeration.","Black-and-white printable adult coloring page, 8.5 x 11 inch portrait, 300 DPI, pure black line art on white, no shading, no grayscale, no color fills, all content inside a 0.375 inch safe margin. Sunflowers and bright summer accents. Short centered quote with wide margins and seasonal border motifs on 2-4 sides. no people, no figures, and no body parts anywhere on this page. Cultural character is carried by objects, textiles, plants, and pattern, never by a figure. Keep those details lived-in rather than costume-like. Season cues: sunlight, porches, gardens, walking paths, community warmth. Tone: calm, hopeful, reflective, grounded, and supportive; relaxed posture, open hands, soft expressions. Line work: primary contours 0.75-1.25 pt, secondary detail 0.5-0.75 pt, at least two visibly distinct line weights, nothing below 0.5 pt, fully closed shapes suitable for coloring. Preserve at least 50 percent open space around text. Quote text: ""Joy is part of healing."" centered, upper-middle.","violence, weapons, bruising, visible injury, drug use, drug paraphernalia, self-harm, police scenes, hospital or clinical crisis imagery, restraints, panic or extreme distress, gray shading, grayscale, color fills, photorealism, 3D render, distorted hands, extra fingers, malformed faces, stray text or watermarks, overcrowded composition, dense mandala fill, low contrast, broken or open outlines, childish cartoon style, ethnic stereotyping, costume-like exaggeration"
African American Summer 10,African American,Summer,10,Quote page,TPL-03,Quote Page Framed Border,Light,I choose freedom today.,High,"DOC SPEC: 8.5 x 11 inch portrait, 300 DPI, pure black line art on white, no shading, no grayscale, no color fills, all content inside a 0.375 inch safe margin.
SCENE: Bold sun-themed border.
COMPOSITION (TPL-03 Quote Page Framed Border): Short centered quote with wide margins and seasonal border motifs on 2-4 sides. Top-third: quote; Outer frame: florals and symbols; Corners: accent clusters; Center whitespace preserved.
REPRESENTATION: no people, no figures, and no body parts anywhere on this page. Cultural character is carried by objects, textiles, plants, and pattern, never by a figure. Keep those details lived-in rather than costume-like.
SEASON (Summer): sunlight, porches, gardens, walking paths, community warmth.
TONE: calm, hopeful, reflective, grounded, and supportive; relaxed posture, open hands, soft expressions.
LINE WORK: primary contours 0.75-1.25 pt, secondary detail 0.5-0.75 pt, at least two visibly distinct line weights, nothing below 0.5 pt, fully closed shapes suitable for coloring.
WHITE SPACE: Preserve at least 50 percent open space around text.
VARIATION: Use 2 of TPL-03 in this book — change the border family and quote placement: full frame vs two-corner vs top-and-bottom band.
QUOTE TEXT: ""I choose freedom today."" Set centered in the upper-middle in a clean serif, well inside the safe margin. This is the only text on the page.
NEGATIVE: violence, weapons, bruising, visible injury, drug use, drug paraphernalia, self-harm, police scenes, hospital or clinical crisis imagery, restraints, panic or extreme distress, gray shading, grayscale, color fills, photorealism, 3D render, distorted hands, extra fingers, malformed faces, stray text or watermarks, overcrowded composition, dense mandala fill, low contrast, broken or open outlines, childish cartoon style, ethnic stereotyping, costume-like exaggeration.","Black-and-white printable adult coloring page, 8.5 x 11 inch portrait, 300 DPI, pure black line art on white, no shading, no grayscale, no color fills, all content inside a 0.375 inch safe margin. Bold sun-themed border. Short centered quote with wide margins and seasonal border motifs on 2-4 sides. no people, no figures, and no body parts anywhere on this page. Cultural character is carried by objects, textiles, plants, and pattern, never by a figure. Keep those details lived-in rather than costume-like. Season cues: sunlight, porches, gardens, walking paths, community warmth. Tone: calm, hopeful, reflective, grounded, and supportive; relaxed posture, open hands, soft expressions. Line work: primary contours 0.75-1.25 pt, secondary detail 0.5-0.75 pt, at least two visibly distinct line weights, nothing below 0.5 pt, fully closed shapes suitable for coloring. Preserve at least 50 percent open space around text. Quote text: ""I choose freedom today."" centered, upper-middle.","violence, weapons, bruising, visible injury, drug use, drug paraphernalia, self-harm, police scenes, hospital or clinical crisis imagery, restraints, panic or extreme distress, gray shading, grayscale, color fills, photorealism, 3D render, distorted hands, extra fingers, malformed faces, stray text or watermarks, overcrowded composition, dense mandala fill, low contrast, broken or open outlines, childish cartoon style, ethnic stereotyping, costume-like exaggeration"
African American Summer 11,African American,Summer,11,Quote page,TPL-03,Quote Page Framed Border,Light,My future is brighter than my past.,High,"DOC SPEC: 8.5 x 11 inch portrait, 300 DPI, pure black line art on white, no shading, no grayscale, no color fills, all content inside a 0.375 inch safe margin.
SCENE: Warm rays and open space.
COMPOSITION (TPL-03 Quote Page Framed Border): Short centered quote with wide margins and seasonal border motifs on 2-4 sides. Top-third: quote; Outer frame: florals and symbols; Corners: accent clusters; Center whitespace preserved.
REPRESENTATION: no people, no figures, and no body parts anywhere on this page. Cultural character is carried by objects, textiles, plants, and pattern, never by a figure. Keep those details lived-in rather than costume-like.
SEASON (Summer): sunlight, porches, gardens, walking paths, community warmth.
TONE: calm, hopeful, reflective, grounded, and supportive; relaxed posture, open hands, soft expressions.
LINE WORK: primary contours 0.75-1.25 pt, secondary detail 0.5-0.75 pt, at least two visibly distinct line weights, nothing below 0.5 pt, fully closed shapes suitable for coloring.
WHITE SPACE: Preserve at least 50 percent open space around text.
VARIATION: Use 3 of TPL-03 in this book — change the border family and quote placement: full frame vs two-corner vs top-and-bottom band.
QUOTE TEXT: ""My future is brighter than my past."" Set centered in the upper-middle in a clean serif, well inside the safe margin. This is the only text on the page.
NEGATIVE: violence, weapons, bruising, visible injury, drug use, drug paraphernalia, self-harm, police scenes, hospital or clinical crisis imagery, restraints, panic or extreme distress, gray shading, grayscale, color fills, photorealism, 3D render, distorted hands, extra fingers, malformed faces, stray text or watermarks, overcrowded composition, dense mandala fill, low contrast, broken or open outlines, childish cartoon style, ethnic stereotyping, costume-like exaggeration.","Black-and-white printable adult coloring page, 8.5 x 11 inch portrait, 300 DPI, pure black line art on white, no shading, no grayscale, no color fills, all content inside a 0.375 inch safe margin. Warm rays and open space. Short centered quote with wide margins and seasonal border motifs on 2-4 sides. no people, no figures, and no body parts anywhere on this page. Cultural character is carried by objects, textiles, plants, and pattern, never by a figure. Keep those details lived-in rather than costume-like. Season cues: sunlight, porches, gardens, walking paths, community warmth. Tone: calm, hopeful, reflective, grounded, and supportive; relaxed posture, open hands, soft expressions. Line work: primary contours 0.75-1.25 pt, secondary detail 0.5-0.75 pt, at least two visibly distinct line weights, nothing below 0.5 pt, fully closed shapes suitable for coloring. Preserve at least 50 percent open space around text. Quote text: ""My future is brighter than my past."" centered, upper-middle.","violence, weapons, bruising, visible injury, drug use, drug paraphernalia, self-harm, police scenes, hospital or clinical crisis imagery, restraints, panic or extreme distress, gray shading, grayscale, color fills, photorealism, 3D render, distorted hands, extra fingers, malformed faces, stray text or watermarks, overcrowded composition, dense mandala fill, low contrast, broken or open outlines, childish cartoon style, ethnic stereotyping, costume-like exaggeration"
African American Summer 12,African American,Summer,12,Symbol page,TPL-05,Symbol Cluster Page,Medium,,Medium,"DOC SPEC: 8.5 x 11 inch portrait, 300 DPI, pure black line art on white, no shading, no grayscale, no color fills, all content inside a 0.375 inch safe margin.
SCENE: Sunflowers, sandals, lemonade, hearts, and rays.
COMPOSITION (TPL-05 Symbol Cluster Page): 8-15 related motifs grouped in balanced clusters with breathing room between forms. Distributed clusters across the full page with one central anchor motif.
REPRESENTATION: no people, no figures, and no body parts anywhere on this page. Cultural character is carried by objects, textiles, plants, and pattern, never by a figure. Keep those details lived-in rather than costume-like.
SEASON (Summer): sunlight, porches, gardens, walking paths, community warmth.
TONE: calm, hopeful, reflective, grounded, and supportive; relaxed posture, open hands, soft expressions.
LINE WORK: primary contours 0.75-1.25 pt, secondary detail 0.5-0.75 pt, at least two visibly distinct line weights, nothing below 0.5 pt, fully closed shapes suitable for coloring.
WHITE SPACE: Keep clean separations between motifs for easy coloring.
TEXT: none. The page must contain no lettering of any kind.
NEGATIVE: violence, weapons, bruising, visible injury, drug use, drug paraphernalia, self-harm, police scenes, hospital or clinical crisis imagery, restraints, panic or extreme distress, gray shading, grayscale, color fills, photorealism, 3D render, distorted hands, extra fingers, malformed faces, stray text or watermarks, overcrowded composition, dense mandala fill, low contrast, broken or open outlines, childish cartoon style, ethnic stereotyping, costume-like exaggeration.","Black-and-white printable adult coloring page, 8.5 x 11 inch portrait, 300 DPI, pure black line art on white, no shading, no grayscale, no color fills, all content inside a 0.375 inch safe margin. Sunflowers, sandals, lemonade, hearts, and rays. 8-15 related motifs grouped in balanced clusters with breathing room between forms. no people, no figures, and no body parts anywhere on this page. Cultural character is carried by objects, textiles, plants, and pattern, never by a figure. Keep those details lived-in rather than costume-like. Season cues: sunlight, porches, gardens, walking paths, community warmth. Tone: calm, hopeful, reflective, grounded, and supportive; relaxed posture, open hands, soft expressions. Line work: primary contours 0.75-1.25 pt, secondary detail 0.5-0.75 pt, at least two visibly distinct line weights, nothing below 0.5 pt, fully closed shapes suitable for coloring. Keep clean separations between motifs for easy coloring. No text anywhere on the page.","violence, weapons, bruising, visible injury, drug use, drug paraphernalia, self-harm, police scenes, hospital or clinical crisis imagery, restraints, panic or extreme distress, gray shading, grayscale, color fills, photorealism, 3D render, distorted hands, extra fingers, malformed faces, stray text or watermarks, overcrowded composition, dense mandala fill, low contrast, broken or open outlines, childish cartoon style, ethnic stereotyping, costume-like exaggeration"
African American Summer 13,African American,Summer,13,Decorative page,TPL-10,Decorative Border & Pattern Page,Medium,,Medium,"DOC SPEC: 8.5 x 11 inch portrait, 300 DPI, pure black line art on white, no shading, no grayscale, no color fills, all content inside a 0.375 inch safe margin.
SCENE: Porch, fans, flowers, and radiant lines.
COMPOSITION (TPL-10 Decorative Border & Pattern Page): Seasonal border or repeating pattern frame with 4-8 comfort objects set inside it; flatter and more graphic than a symbol cluster. Full-page border or corner frames; Center: object grouping; Background: restrained repeating pattern or open white.
REPRESENTATION: no people, no figures, and no body parts anywhere on this page. Cultural character is carried by objects, textiles, plants, and pattern, never by a figure. Keep those details lived-in rather than costume-like.
SEASON (Summer): sunlight, porches, gardens, walking paths, community warmth.
TONE: calm, hopeful, reflective, grounded, and supportive; relaxed posture, open hands, soft expressions.
LINE WORK: primary contours 0.75-1.25 pt, secondary detail 0.5-0.75 pt, at least two visibly distinct line weights, nothing below 0.5 pt, fully closed shapes suitable for coloring.
WHITE SPACE: Keep the center open enough to read as a resting page; pattern supports, never fills.
TEXT: none. The page must contain no lettering of any kind.
NEGATIVE: violence, weapons, bruising, visible injury, drug use, drug paraphernalia, self-harm, police scenes, hospital or clinical crisis imagery, restraints, panic or extreme distress, gray shading, grayscale, color fills, photorealism, 3D render, distorted hands, extra fingers, malformed faces, stray text or watermarks, overcrowded composition, dense mandala fill, low contrast, broken or open outlines, childish cartoon style, ethnic stereotyping, costume-like exaggeration.","Black-and-white printable adult coloring page, 8.5 x 11 inch portrait, 300 DPI, pure black line art on white, no shading, no grayscale, no color fills, all content inside a 0.375 inch safe margin. Porch, fans, flowers, and radiant lines. Seasonal border or repeating pattern frame with 4-8 comfort objects set inside it; flatter and more graphic than a symbol cluster. no people, no figures, and no body parts anywhere on this page. Cultural character is carried by objects, textiles, plants, and pattern, never by a figure. Keep those details lived-in rather than costume-like. Season cues: sunlight, porches, gardens, walking paths, community warmth. Tone: calm, hopeful, reflective, grounded, and supportive; relaxed posture, open hands, soft expressions. Line work: primary contours 0.75-1.25 pt, secondary detail 0.5-0.75 pt, at least two visibly distinct line weights, nothing below 0.5 pt, fully closed shapes suitable for coloring. Keep the center open enough to read as a resting page; pattern supports, never fills. No text anywhere on the page.","violence, weapons, bruising, visible injury, drug use, drug paraphernalia, self-harm, police scenes, hospital or clinical crisis imagery, restraints, panic or extreme distress, gray shading, grayscale, color fills, photorealism, 3D render, distorted hands, extra fingers, malformed faces, stray text or watermarks, overcrowded composition, dense mandala fill, low contrast, broken or open outlines, childish cartoon style, ethnic stereotyping, costume-like exaggeration"
African American Summer 14,African American,Summer,14,Environment page,TPL-09,Outdoor Sanctuary,Heavy,,Medium,"DOC SPEC: 8.5 x 11 inch portrait, 300 DPI, pure black line art on white, no shading, no grayscale, no color fills, all content inside a 0.375 inch safe margin.
SCENE: Backyard safe-space patio with string lights.
COMPOSITION (TPL-09 Outdoor Sanctuary): One outdoor retreat space with a strong built anchor (patio, courtyard, balcony, garden bed) plus plants and seating. No people. Top: sky, string lights, pergola, or wall edge; Center: seating or planting anchor; Lower: paving, path, pots, ground plants.
REPRESENTATION: no people, no figures, and no body parts anywhere on this page. Cultural character is carried by objects, textiles, plants, and pattern, never by a figure. Keep those details lived-in rather than costume-like.
SEASON (Summer): sunlight, porches, gardens, walking paths, community warmth.
TONE: calm, hopeful, reflective, grounded, and supportive; relaxed posture, open hands, soft expressions.
LINE WORK: primary contours 0.75-1.25 pt, secondary detail 0.5-0.75 pt, at least two visibly distinct line weights, nothing below 0.5 pt, fully closed shapes suitable for coloring.
WHITE SPACE: Keep sky, paving, and lawn zones broadly open; do not pattern every surface.
TEXT: none. The page must contain no lettering of any kind.
NEGATIVE: violence, weapons, bruising, visible injury, drug use, drug paraphernalia, self-harm, police scenes, hospital or clinical crisis imagery, restraints, panic or extreme distress, gray shading, grayscale, color fills, photorealism, 3D render, distorted hands, extra fingers, malformed faces, stray text or watermarks, overcrowded composition, dense mandala fill, low contrast, broken or open outlines, childish cartoon style, ethnic stereotyping, costume-like exaggeration.","Black-and-white printable adult coloring page, 8.5 x 11 inch portrait, 300 DPI, pure black line art on white, no shading, no grayscale, no color fills, all content inside a 0.375 inch safe margin. Backyard safe-space patio with string lights. One outdoor retreat space with a strong built anchor (patio, courtyard, balcony, garden bed) plus plants and seating. No people. no people, no figures, and no body parts anywhere on this page. Cultural character is carried by objects, textiles, plants, and pattern, never by a figure. Keep those details lived-in rather than costume-like. Season cues: sunlight, porches, gardens, walking paths, community warmth. Tone: calm, hopeful, reflective, grounded, and supportive; relaxed posture, open hands, soft expressions. Line work: primary contours 0.75-1.25 pt, secondary detail 0.5-0.75 pt, at least two visibly distinct line weights, nothing below 0.5 pt, fully closed shapes suitable for coloring. Keep sky, paving, and lawn zones broadly open; do not pattern every surface. No text anywhere on the page.","violence, weapons, bruising, visible injury, drug use, drug paraphernalia, self-harm, police scenes, hospital or clinical crisis imagery, restraints, panic or extreme distress, gray shading, grayscale, color fills, photorealism, 3D render, distorted hands, extra fingers, malformed faces, stray text or watermarks, overcrowded composition, dense mandala fill, low contrast, broken or open outlines, childish cartoon style, ethnic stereotyping, costume-like exaggeration"
African American Summer 15,African American,Summer,15,Environment page,TPL-09,Outdoor Sanctuary,Heavy,,High,"DOC SPEC: 8.5 x 11 inch portrait, 300 DPI, pure black line art on white, no shading, no grayscale, no color fills, all content inside a 0.375 inch safe margin.
SCENE: Summer community garden scene.
COMPOSITION (TPL-09 Outdoor Sanctuary): One outdoor retreat space with a strong built anchor (patio, courtyard, balcony, garden bed) plus plants and seating. No people. Top: sky, string lights, pergola, or wall edge; Center: seating or planting anchor; Lower: paving, path, pots, ground plants.
REPRESENTATION: no people, no figures, and no body parts anywhere on this page. Cultural character is carried by objects, textiles, plants, and pattern, never by a figure. Keep those details lived-in rather than costume-like.
SEASON (Summer): sunlight, porches, gardens, walking paths, community warmth.
TONE: calm, hopeful, reflective, grounded, and supportive; relaxed posture, open hands, soft expressions.
LINE WORK: primary contours 0.75-1.25 pt, secondary detail 0.5-0.75 pt, at least two visibly distinct line weights, nothing below 0.5 pt, fully closed shapes suitable for coloring.
WHITE SPACE: Keep sky, paving, and lawn zones broadly open; do not pattern every surface.
VARIATION: Use 2 of TPL-09 in this book — change the built anchor: bench vs table vs planter bed, and the enclosure edge.
TEXT: none. The page must contain no lettering of any kind.
NEGATIVE: violence, weapons, bruising, visible injury, drug use, drug paraphernalia, self-harm, police scenes, hospital or clinical crisis imagery, restraints, panic or extreme distress, gray shading, grayscale, color fills, photorealism, 3D render, distorted hands, extra fingers, malformed faces, stray text or watermarks, overcrowded composition, dense mandala fill, low contrast, broken or open outlines, childish cartoon style, ethnic stereotyping, costume-like exaggeration.","Black-and-white printable adult coloring page, 8.5 x 11 inch portrait, 300 DPI, pure black line art on white, no shading, no grayscale, no color fills, all content inside a 0.375 inch safe margin. Summer community garden scene. One outdoor retreat space with a strong built anchor (patio, courtyard, balcony, garden bed) plus plants and seating. No people. no people, no figures, and no body parts anywhere on this page. Cultural character is carried by objects, textiles, plants, and pattern, never by a figure. Keep those details lived-in rather than costume-like. Season cues: sunlight, porches, gardens, walking paths, community warmth. Tone: calm, hopeful, reflective, grounded, and supportive; relaxed posture, open hands, soft expressions. Line work: primary contours 0.75-1.25 pt, secondary detail 0.5-0.75 pt, at least two visibly distinct line weights, nothing below 0.5 pt, fully closed shapes suitable for coloring. Keep sky, paving, and lawn zones broadly open; do not pattern every surface. No text anywhere on the page.","violence, weapons, bruising, visible injury, drug use, drug paraphernalia, self-harm, police scenes, hospital or clinical crisis imagery, restraints, panic or extreme distress, gray shading, grayscale, color fills, photorealism, 3D render, distorted hands, extra fingers, malformed faces, stray text or watermarks, overcrowded composition, dense mandala fill, low contrast, broken or open outlines, childish cartoon style, ethnic stereotyping, costume-like exaggeration"
African American Fall 01,African American,Fall,01,Solo portrait,TPL-08,Window + Journal Reflection,Medium,,High,"DOC SPEC: 8.5 x 11 inch portrait, 300 DPI, pure black line art on white, no shading, no grayscale, no color fills, all content inside a 0.375 inch safe margin.
SCENE: Woman in sweater journaling with falling leaves outside.
COMPOSITION (TPL-08 Window + Journal Reflection): Person seated indoors at a window with a journal, mug, or book; the outside view simplified to weather and one or two shapes; indoor comfort props nearby. Top: window frame and weather; Center: seated figure; Lower: blanket, book, mug, plant.
REPRESENTATION: African American figures with natural hairstyles, a broad range of skin tones rendered through line detail only, everyday contemporary clothing, and respectful home and community settings. Natural proportions. No stereotypes, no costume-like exaggeration, no tokenism.
SEASON (Fall): leaves, tea, blankets, candles, gratitude, release.
TONE: calm, hopeful, reflective, grounded, and supportive; relaxed posture, open hands, soft expressions.
LINE WORK: primary contours 0.75-1.25 pt, secondary detail 0.5-0.75 pt, at least two visibly distinct line weights, nothing below 0.5 pt, fully closed shapes suitable for coloring.
WHITE SPACE: The window view should stay simple and not compete with the figure.
TEXT: none. The page must contain no lettering of any kind.
NEGATIVE: violence, weapons, bruising, visible injury, drug use, drug paraphernalia, self-harm, police scenes, hospital or clinical crisis imagery, restraints, panic or extreme distress, gray shading, grayscale, color fills, photorealism, 3D render, distorted hands, extra fingers, malformed faces, stray text or watermarks, overcrowded composition, dense mandala fill, low contrast, broken or open outlines, childish cartoon style, ethnic stereotyping, costume-like exaggeration.","Black-and-white printable adult coloring page, 8.5 x 11 inch portrait, 300 DPI, pure black line art on white, no shading, no grayscale, no color fills, all content inside a 0.375 inch safe margin. Woman in sweater journaling with falling leaves outside. Person seated indoors at a window with a journal, mug, or book; the outside view simplified to weather and one or two shapes; indoor comfort props nearby. African American figures with natural hairstyles, a broad range of skin tones rendered through line detail only, everyday contemporary clothing, and respectful home and community settings. Season cues: leaves, tea, blankets, candles, gratitude, release. Tone: calm, hopeful, reflective, grounded, and supportive; relaxed posture, open hands, soft expressions. Line work: primary contours 0.75-1.25 pt, secondary detail 0.5-0.75 pt, at least two visibly distinct line weights, nothing below 0.5 pt, fully closed shapes suitable for coloring. The window view should stay simple and not compete with the figure. No text anywhere on the page.","violence, weapons, bruising, visible injury, drug use, drug paraphernalia, self-harm, police scenes, hospital or clinical crisis imagery, restraints, panic or extreme distress, gray shading, grayscale, color fills, photorealism, 3D render, distorted hands, extra fingers, malformed faces, stray text or watermarks, overcrowded composition, dense mandala fill, low contrast, broken or open outlines, childish cartoon style, ethnic stereotyping, costume-like exaggeration"
African American Fall 02,African American,Fall,02,Solo portrait,TPL-06,Walking Reflection Scene,Light-Medium,,Medium,"DOC SPEC: 8.5 x 11 inch portrait, 300 DPI, pure black line art on white, no shading, no grayscale, no color fills, all content inside a 0.375 inch safe margin.
SCENE: Man holding coffee on a quiet morning walk.
COMPOSITION (TPL-06 Walking Reflection Scene): Single figure outdoors on a path, sidewalk, trail, dock, or shoreline with calm background depth and limited environmental clutter. Top: sky, trees, or buildings minimal; Center: figure; Lower: path, leaves, water, flowers, pavement texture.
REPRESENTATION: African American figures with natural hairstyles, a broad range of skin tones rendered through line detail only, everyday contemporary clothing, and respectful home and community settings. Natural proportions. No stereotypes, no costume-like exaggeration, no tokenism.
SEASON (Fall): leaves, tea, blankets, candles, gratitude, release.
TONE: calm, hopeful, reflective, grounded, and supportive; relaxed posture, open hands, soft expressions.
LINE WORK: primary contours 0.75-1.25 pt, secondary detail 0.5-0.75 pt, at least two visibly distinct line weights, nothing below 0.5 pt, fully closed shapes suitable for coloring.
WHITE SPACE: Keep large sky and path zones open to avoid density.
TEXT: none. The page must contain no lettering of any kind.
NEGATIVE: violence, weapons, bruising, visible injury, drug use, drug paraphernalia, self-harm, police scenes, hospital or clinical crisis imagery, restraints, panic or extreme distress, gray shading, grayscale, color fills, photorealism, 3D render, distorted hands, extra fingers, malformed faces, stray text or watermarks, overcrowded composition, dense mandala fill, low contrast, broken or open outlines, childish cartoon style, ethnic stereotyping, costume-like exaggeration.","Black-and-white printable adult coloring page, 8.5 x 11 inch portrait, 300 DPI, pure black line art on white, no shading, no grayscale, no color fills, all content inside a 0.375 inch safe margin. Man holding coffee on a quiet morning walk. Single figure outdoors on a path, sidewalk, trail, dock, or shoreline with calm background depth and limited environmental clutter. African American figures with natural hairstyles, a broad range of skin tones rendered through line detail only, everyday contemporary clothing, and respectful home and community settings. Season cues: leaves, tea, blankets, candles, gratitude, release. Tone: calm, hopeful, reflective, grounded, and supportive; relaxed posture, open hands, soft expressions. Line work: primary contours 0.75-1.25 pt, secondary detail 0.5-0.75 pt, at least two visibly distinct line weights, nothing below 0.5 pt, fully closed shapes suitable for coloring. Keep large sky and path zones open to avoid density. No text anywhere on the page.","violence, weapons, bruising, visible injury, drug use, drug paraphernalia, self-harm, police scenes, hospital or clinical crisis imagery, restraints, panic or extreme distress, gray shading, grayscale, color fills, photorealism, 3D render, distorted hands, extra fingers, malformed faces, stray text or watermarks, overcrowded composition, dense mandala fill, low contrast, broken or open outlines, childish cartoon style, ethnic stereotyping, costume-like exaggeration"
African American Fall 03,African American,Fall,03,Solo portrait,TPL-01,Solo Portrait Calm Scene,Medium,,High,"DOC SPEC: 8.5 x 11 inch portrait, 300 DPI, pure black line art on white, no shading, no grayscale, no color fills, all content inside a 0.375 inch safe margin.
SCENE: Young adult resting on a couch with soft blanket.
COMPOSITION (TPL-01 Solo Portrait Calm Scene): One focal person centered slightly off-axis, 2-3 supporting props, light background context, open lower corners. Top: seasonal cues; Center: face/body focal point; Mid-lower: hands/object; Edges: light framing motifs.
REPRESENTATION: African American figures with natural hairstyles, a broad range of skin tones rendered through line detail only, everyday contemporary clothing, and respectful home and community settings. Natural proportions. No stereotypes, no costume-like exaggeration, no tokenism.
SEASON (Fall): leaves, tea, blankets, candles, gratitude, release.
TONE: calm, hopeful, reflective, grounded, and supportive; relaxed posture, open hands, soft expressions.
LINE WORK: primary contours 0.75-1.25 pt, secondary detail 0.5-0.75 pt, at least two visibly distinct line weights, nothing below 0.5 pt, fully closed shapes suitable for coloring.
WHITE SPACE: Leave 35-45 percent open colorable space.
TEXT: none. The page must contain no lettering of any kind.
NEGATIVE: violence, weapons, bruising, visible injury, drug use, drug paraphernalia, self-harm, police scenes, hospital or clinical crisis imagery, restraints, panic or extreme distress, gray shading, grayscale, color fills, photorealism, 3D render, distorted hands, extra fingers, malformed faces, stray text or watermarks, overcrowded composition, dense mandala fill, low contrast, broken or open outlines, childish cartoon style, ethnic stereotyping, costume-like exaggeration.","Black-and-white printable adult coloring page, 8.5 x 11 inch portrait, 300 DPI, pure black line art on white, no shading, no grayscale, no color fills, all content inside a 0.375 inch safe margin. Young adult resting on a couch with soft blanket. One focal person centered slightly off-axis, 2-3 supporting props, light background context, open lower corners. African American figures with natural hairstyles, a broad range of skin tones rendered through line detail only, everyday contemporary clothing, and respectful home and community settings. Season cues: leaves, tea, blankets, candles, gratitude, release. Tone: calm, hopeful, reflective, grounded, and supportive; relaxed posture, open hands, soft expressions. Line work: primary contours 0.75-1.25 pt, secondary detail 0.5-0.75 pt, at least two visibly distinct line weights, nothing below 0.5 pt, fully closed shapes suitable for coloring. Leave 35-45 percent open colorable space. No text anywhere on the page.","violence, weapons, bruising, visible injury, drug use, drug paraphernalia, self-harm, police scenes, hospital or clinical crisis imagery, restraints, panic or extreme distress, gray shading, grayscale, color fills, photorealism, 3D render, distorted hands, extra fingers, malformed faces, stray text or watermarks, overcrowded composition, dense mandala fill, low contrast, broken or open outlines, childish cartoon style, ethnic stereotyping, costume-like exaggeration"
African American Fall 04,African American,Fall,04,Solo portrait,TPL-01,Solo Portrait Calm Scene,Medium,,High,"DOC SPEC: 8.5 x 11 inch portrait, 300 DPI, pure black line art on white, no shading, no grayscale, no color fills, all content inside a 0.375 inch safe margin.
SCENE: Woman lighting a candle beside a gratitude notebook.
COMPOSITION (TPL-01 Solo Portrait Calm Scene): One focal person centered slightly off-axis, 2-3 supporting props, light background context, open lower corners. Top: seasonal cues; Center: face/body focal point; Mid-lower: hands/object; Edges: light framing motifs.
REPRESENTATION: African American figures with natural hairstyles, a broad range of skin tones rendered through line detail only, everyday contemporary clothing, and respectful home and community settings. Natural proportions. No stereotypes, no costume-like exaggeration, no tokenism.
SEASON (Fall): leaves, tea, blankets, candles, gratitude, release.
TONE: calm, hopeful, reflective, grounded, and supportive; relaxed posture, open hands, soft expressions.
LINE WORK: primary contours 0.75-1.25 pt, secondary detail 0.5-0.75 pt, at least two visibly distinct line weights, nothing below 0.5 pt, fully closed shapes suitable for coloring.
WHITE SPACE: Leave 35-45 percent open colorable space.
VARIATION: Use 2 of TPL-01 in this book — change the viewpoint and prop cluster: seated vs standing, three-quarter vs frontal, and a different anchor object.
TEXT: none. The page must contain no lettering of any kind.
NEGATIVE: violence, weapons, bruising, visible injury, drug use, drug paraphernalia, self-harm, police scenes, hospital or clinical crisis imagery, restraints, panic or extreme distress, gray shading, grayscale, color fills, photorealism, 3D render, distorted hands, extra fingers, malformed faces, stray text or watermarks, overcrowded composition, dense mandala fill, low contrast, broken or open outlines, childish cartoon style, ethnic stereotyping, costume-like exaggeration.","Black-and-white printable adult coloring page, 8.5 x 11 inch portrait, 300 DPI, pure black line art on white, no shading, no grayscale, no color fills, all content inside a 0.375 inch safe margin. Woman lighting a candle beside a gratitude notebook. One focal person centered slightly off-axis, 2-3 supporting props, light background context, open lower corners. African American figures with natural hairstyles, a broad range of skin tones rendered through line detail only, everyday contemporary clothing, and respectful home and community settings. Season cues: leaves, tea, blankets, candles, gratitude, release. Tone: calm, hopeful, reflective, grounded, and supportive; relaxed posture, open hands, soft expressions. Line work: primary contours 0.75-1.25 pt, secondary detail 0.5-0.75 pt, at least two visibly distinct line weights, nothing below 0.5 pt, fully closed shapes suitable for coloring. Leave 35-45 percent open colorable space. No text anywhere on the page.","violence, weapons, bruising, visible injury, drug use, drug paraphernalia, self-harm, police scenes, hospital or clinical crisis imagery, restraints, panic or extreme distress, gray shading, grayscale, color fills, photorealism, 3D render, distorted hands, extra fingers, malformed faces, stray text or watermarks, overcrowded composition, dense mandala fill, low contrast, broken or open outlines, childish cartoon style, ethnic stereotyping, costume-like exaggeration"
African American Fall 05,African American,Fall,05,Community scene,TPL-02,Support Circle Scene,Heavy,,High,"DOC SPEC: 8.5 x 11 inch portrait, 300 DPI, pure black line art on white, no shading, no grayscale, no color fills, all content inside a 0.375 inch safe margin.
SCENE: Small indoor support circle with warm décor.
COMPOSITION (TPL-02 Support Circle Scene): 3-5 people in a curved or circular arrangement, one clear focal interaction, simple background geometry. Indoor variant uses simple room geometry; outdoor variant uses trees, park edge, or garden as a low-detail backdrop. Top: wall, window, banners, or tree line kept minimal; Center: group interaction; Bottom: chairs, floor, ground, grounding objects.
REPRESENTATION: African American figures with natural hairstyles, a broad range of skin tones rendered through line detail only, everyday contemporary clothing, and respectful home and community settings. Natural proportions. No stereotypes, no costume-like exaggeration, no tokenism.
SEASON (Fall): leaves, tea, blankets, candles, gratitude, release.
TONE: calm, hopeful, reflective, grounded, and supportive; relaxed posture, open hands, soft expressions.
LINE WORK: primary contours 0.75-1.25 pt, secondary detail 0.5-0.75 pt, at least two visibly distinct line weights, nothing below 0.5 pt, fully closed shapes suitable for coloring.
WHITE SPACE: Keep background under 30 percent detail so figures stay readable.
TEXT: none. The page must contain no lettering of any kind.
NEGATIVE: violence, weapons, bruising, visible injury, drug use, drug paraphernalia, self-harm, police scenes, hospital or clinical crisis imagery, restraints, panic or extreme distress, gray shading, grayscale, color fills, photorealism, 3D render, distorted hands, extra fingers, malformed faces, stray text or watermarks, overcrowded composition, dense mandala fill, low contrast, broken or open outlines, childish cartoon style, ethnic stereotyping, costume-like exaggeration.","Black-and-white printable adult coloring page, 8.5 x 11 inch portrait, 300 DPI, pure black line art on white, no shading, no grayscale, no color fills, all content inside a 0.375 inch safe margin. Small indoor support circle with warm décor. 3-5 people in a curved or circular arrangement, one clear focal interaction, simple background geometry. Indoor variant uses simple room geometry; outdoor variant uses trees, park edge, or garden as a low-detail backdrop. African American figures with natural hairstyles, a broad range of skin tones rendered through line detail only, everyday contemporary clothing, and respectful home and community settings. Season cues: leaves, tea, blankets, candles, gratitude, release. Tone: calm, hopeful, reflective, grounded, and supportive; relaxed posture, open hands, soft expressions. Line work: primary contours 0.75-1.25 pt, secondary detail 0.5-0.75 pt, at least two visibly distinct line weights, nothing below 0.5 pt, fully closed shapes suitable for coloring. Keep background under 30 percent detail so figures stay readable. No text anywhere on the page.","violence, weapons, bruising, visible injury, drug use, drug paraphernalia, self-harm, police scenes, hospital or clinical crisis imagery, restraints, panic or extreme distress, gray shading, grayscale, color fills, photorealism, 3D render, distorted hands, extra fingers, malformed faces, stray text or watermarks, overcrowded composition, dense mandala fill, low contrast, broken or open outlines, childish cartoon style, ethnic stereotyping, costume-like exaggeration"
African American Fall 06,African American,Fall,06,Community scene,TPL-07,Pair Conversation Scene,Medium,,Medium,"DOC SPEC: 8.5 x 11 inch portrait, 300 DPI, pure black line art on white, no shading, no grayscale, no color fills, all content inside a 0.375 inch safe margin.
SCENE: Parent and teen baking together in recovery home.
COMPOSITION (TPL-07 Pair Conversation Scene): Exactly 2-3 figures in close, readable interaction: seated together, standing side by side, or walking together. Anchor is a porch railing, patio edge, park or city bench, kitchen or dining table, shop chair, or shared task. Top: plants, string lights, window, or tree line; Center: the two figures and their shared focus; Bottom: floorboards, table, bench, path, or ground.
REPRESENTATION: African American figures with natural hairstyles, a broad range of skin tones rendered through line detail only, everyday contemporary clothing, and respectful home and community settings. Natural proportions. No stereotypes, no costume-like exaggeration, no tokenism.
SEASON (Fall): leaves, tea, blankets, candles, gratitude, release.
TONE: calm, hopeful, reflective, grounded, and supportive; relaxed posture, open hands, soft expressions.
LINE WORK: primary contours 0.75-1.25 pt, secondary detail 0.5-0.75 pt, at least two visibly distinct line weights, nothing below 0.5 pt, fully closed shapes suitable for coloring.
WHITE SPACE: Keep railing, walls, table, and ground simple enough for color fill.
TEXT: none. The page must contain no lettering of any kind.
NEGATIVE: violence, weapons, bruising, visible injury, drug use, drug paraphernalia, self-harm, police scenes, hospital or clinical crisis imagery, restraints, panic or extreme distress, gray shading, grayscale, color fills, photorealism, 3D render, distorted hands, extra fingers, malformed faces, stray text or watermarks, overcrowded composition, dense mandala fill, low contrast, broken or open outlines, childish cartoon style, ethnic stereotyping, costume-like exaggeration.","Black-and-white printable adult coloring page, 8.5 x 11 inch portrait, 300 DPI, pure black line art on white, no shading, no grayscale, no color fills, all content inside a 0.375 inch safe margin. Parent and teen baking together in recovery home. Exactly 2-3 figures in close, readable interaction: seated together, standing side by side, or walking together. Anchor is a porch railing, patio edge, park or city bench, kitchen or dining table, shop chair, or shared task. African American figures with natural hairstyles, a broad range of skin tones rendered through line detail only, everyday contemporary clothing, and respectful home and community settings. Season cues: leaves, tea, blankets, candles, gratitude, release. Tone: calm, hopeful, reflective, grounded, and supportive; relaxed posture, open hands, soft expressions. Line work: primary contours 0.75-1.25 pt, secondary detail 0.5-0.75 pt, at least two visibly distinct line weights, nothing below 0.5 pt, fully closed shapes suitable for coloring. Keep railing, walls, table, and ground simple enough for color fill. No text anywhere on the page.","violence, weapons, bruising, visible injury, drug use, drug paraphernalia, self-harm, police scenes, hospital or clinical crisis imagery, restraints, panic or extreme distress, gray shading, grayscale, color fills, photorealism, 3D render, distorted hands, extra fingers, malformed faces, stray text or watermarks, overcrowded composition, dense mandala fill, low contrast, broken or open outlines, childish cartoon style, ethnic stereotyping, costume-like exaggeration"
African American Fall 07,African American,Fall,07,Community scene,TPL-07,Pair Conversation Scene,Medium,,Medium,"DOC SPEC: 8.5 x 11 inch portrait, 300 DPI, pure black line art on white, no shading, no grayscale, no color fills, all content inside a 0.375 inch safe margin.
SCENE: Siblings reconnecting at a kitchen table.
COMPOSITION (TPL-07 Pair Conversation Scene): Exactly 2-3 figures in close, readable interaction: seated together, standing side by side, or walking together. Anchor is a porch railing, patio edge, park or city bench, kitchen or dining table, shop chair, or shared task. Top: plants, string lights, window, or tree line; Center: the two figures and their shared focus; Bottom: floorboards, table, bench, path, or ground.
REPRESENTATION: African American figures with natural hairstyles, a broad range of skin tones rendered through line detail only, everyday contemporary clothing, and respectful home and community settings. Natural proportions. No stereotypes, no costume-like exaggeration, no tokenism.
SEASON (Fall): leaves, tea, blankets, candles, gratitude, release.
TONE: calm, hopeful, reflective, grounded, and supportive; relaxed posture, open hands, soft expressions.
LINE WORK: primary contours 0.75-1.25 pt, secondary detail 0.5-0.75 pt, at least two visibly distinct line weights, nothing below 0.5 pt, fully closed shapes suitable for coloring.
WHITE SPACE: Keep railing, walls, table, and ground simple enough for color fill.
VARIATION: Use 2 of TPL-07 in this book — change the arrangement: side by side vs facing, seated vs walking, and a different shared object.
TEXT: none. The page must contain no lettering of any kind.
NEGATIVE: violence, weapons, bruising, visible injury, drug use, drug paraphernalia, self-harm, police scenes, hospital or clinical crisis imagery, restraints, panic or extreme distress, gray shading, grayscale, color fills, photorealism, 3D render, distorted hands, extra fingers, malformed faces, stray text or watermarks, overcrowded composition, dense mandala fill, low contrast, broken or open outlines, childish cartoon style, ethnic stereotyping, costume-like exaggeration.","Black-and-white printable adult coloring page, 8.5 x 11 inch portrait, 300 DPI, pure black line art on white, no shading, no grayscale, no color fills, all content inside a 0.375 inch safe margin. Siblings reconnecting at a kitchen table. Exactly 2-3 figures in close, readable interaction: seated together, standing side by side, or walking together. Anchor is a porch railing, patio edge, park or city bench, kitchen or dining table, shop chair, or shared task. African American figures with natural hairstyles, a broad range of skin tones rendered through line detail only, everyday contemporary clothing, and respectful home and community settings. Season cues: leaves, tea, blankets, candles, gratitude, release. Tone: calm, hopeful, reflective, grounded, and supportive; relaxed posture, open hands, soft expressions. Line work: primary contours 0.75-1.25 pt, secondary detail 0.5-0.75 pt, at least two visibly distinct line weights, nothing below 0.5 pt, fully closed shapes suitable for coloring. Keep railing, walls, table, and ground simple enough for color fill. No text anywhere on the page.","violence, weapons, bruising, visible injury, drug use, drug paraphernalia, self-harm, police scenes, hospital or clinical crisis imagery, restraints, panic or extreme distress, gray shading, grayscale, color fills, photorealism, 3D render, distorted hands, extra fingers, malformed faces, stray text or watermarks, overcrowded composition, dense mandala fill, low contrast, broken or open outlines, childish cartoon style, ethnic stereotyping, costume-like exaggeration"
African American Fall 08,African American,Fall,08,Community scene,TPL-07,Pair Conversation Scene,Medium,,High,"DOC SPEC: 8.5 x 11 inch portrait, 300 DPI, pure black line art on white, no shading, no grayscale, no color fills, all content inside a 0.375 inch safe margin.
SCENE: Sponsor-style conversation on a park bench.
COMPOSITION (TPL-07 Pair Conversation Scene): Exactly 2-3 figures in close, readable interaction: seated together, standing side by side, or walking together. Anchor is a porch railing, patio edge, park or city bench, kitchen or dining table, shop chair, or shared task. Top: plants, string lights, window, or tree line; Center: the two figures and their shared focus; Bottom: floorboards, table, bench, path, or ground.
REPRESENTATION: African American figures with natural hairstyles, a broad range of skin tones rendered through line detail only, everyday contemporary clothing, and respectful home and community settings. Natural proportions. No stereotypes, no costume-like exaggeration, no tokenism.
SEASON (Fall): leaves, tea, blankets, candles, gratitude, release.
TONE: calm, hopeful, reflective, grounded, and supportive; relaxed posture, open hands, soft expressions.
LINE WORK: primary contours 0.75-1.25 pt, secondary detail 0.5-0.75 pt, at least two visibly distinct line weights, nothing below 0.5 pt, fully closed shapes suitable for coloring.
WHITE SPACE: Keep railing, walls, table, and ground simple enough for color fill.
VARIATION: Use 3 of TPL-07 in this book — change the arrangement: side by side vs facing, seated vs walking, and a different shared object.
TEXT: none. The page must contain no lettering of any kind.
NEGATIVE: violence, weapons, bruising, visible injury, drug use, drug paraphernalia, self-harm, police scenes, hospital or clinical crisis imagery, restraints, panic or extreme distress, gray shading, grayscale, color fills, photorealism, 3D render, distorted hands, extra fingers, malformed faces, stray text or watermarks, overcrowded composition, dense mandala fill, low contrast, broken or open outlines, childish cartoon style, ethnic stereotyping, costume-like exaggeration.","Black-and-white printable adult coloring page, 8.5 x 11 inch portrait, 300 DPI, pure black line art on white, no shading, no grayscale, no color fills, all content inside a 0.375 inch safe margin. Sponsor-style conversation on a park bench. Exactly 2-3 figures in close, readable interaction: seated together, standing side by side, or walking together. Anchor is a porch railing, patio edge, park or city bench, kitchen or dining table, shop chair, or shared task. African American figures with natural hairstyles, a broad range of skin tones rendered through line detail only, everyday contemporary clothing, and respectful home and community settings. Season cues: leaves, tea, blankets, candles, gratitude, release. Tone: calm, hopeful, reflective, grounded, and supportive; relaxed posture, open hands, soft expressions. Line work: primary contours 0.75-1.25 pt, secondary detail 0.5-0.75 pt, at least two visibly distinct line weights, nothing below 0.5 pt, fully closed shapes suitable for coloring. Keep railing, walls, table, and ground simple enough for color fill. No text anywhere on the page.","violence, weapons, bruising, visible injury, drug use, drug paraphernalia, self-harm, police scenes, hospital or clinical crisis imagery, restraints, panic or extreme distress, gray shading, grayscale, color fills, photorealism, 3D render, distorted hands, extra fingers, malformed faces, stray text or watermarks, overcrowded composition, dense mandala fill, low contrast, broken or open outlines, childish cartoon style, ethnic stereotyping, costume-like exaggeration"
African American Fall 09,African American,Fall,09,Quote page,TPL-03,Quote Page Framed Border,Light,Let go and grow.,High,"DOC SPEC: 8.5 x 11 inch portrait, 300 DPI, pure black line art on white, no shading, no grayscale, no color fills, all content inside a 0.375 inch safe margin.
SCENE: Autumn leaves and warm texture.
COMPOSITION (TPL-03 Quote Page Framed Border): Short centered quote with wide margins and seasonal border motifs on 2-4 sides. Top-third: quote; Outer frame: florals and symbols; Corners: accent clusters; Center whitespace preserved.
REPRESENTATION: no people, no figures, and no body parts anywhere on this page. Cultural character is carried by objects, textiles, plants, and pattern, never by a figure. Keep those details lived-in rather than costume-like.
SEASON (Fall): leaves, tea, blankets, candles, gratitude, release.
TONE: calm, hopeful, reflective, grounded, and supportive; relaxed posture, open hands, soft expressions.
LINE WORK: primary contours 0.75-1.25 pt, secondary detail 0.5-0.75 pt, at least two visibly distinct line weights, nothing below 0.5 pt, fully closed shapes suitable for coloring.
WHITE SPACE: Preserve at least 50 percent open space around text.
QUOTE TEXT: ""Let go and grow."" Set centered in the upper-middle in a clean serif, well inside the safe margin. This is the only text on the page.
NEGATIVE: violence, weapons, bruising, visible injury, drug use, drug paraphernalia, self-harm, police scenes, hospital or clinical crisis imagery, restraints, panic or extreme distress, gray shading, grayscale, color fills, photorealism, 3D render, distorted hands, extra fingers, malformed faces, stray text or watermarks, overcrowded composition, dense mandala fill, low contrast, broken or open outlines, childish cartoon style, ethnic stereotyping, costume-like exaggeration.","Black-and-white printable adult coloring page, 8.5 x 11 inch portrait, 300 DPI, pure black line art on white, no shading, no grayscale, no color fills, all content inside a 0.375 inch safe margin. Autumn leaves and warm texture. Short centered quote with wide margins and seasonal border motifs on 2-4 sides. no people, no figures, and no body parts anywhere on this page. Cultural character is carried by objects, textiles, plants, and pattern, never by a figure. Keep those details lived-in rather than costume-like. Season cues: leaves, tea, blankets, candles, gratitude, release. Tone: calm, hopeful, reflective, grounded, and supportive; relaxed posture, open hands, soft expressions. Line work: primary contours 0.75-1.25 pt, secondary detail 0.5-0.75 pt, at least two visibly distinct line weights, nothing below 0.5 pt, fully closed shapes suitable for coloring. Preserve at least 50 percent open space around text. Quote text: ""Let go and grow."" centered, upper-middle.","violence, weapons, bruising, visible injury, drug use, drug paraphernalia, self-harm, police scenes, hospital or clinical crisis imagery, restraints, panic or extreme distress, gray shading, grayscale, color fills, photorealism, 3D render, distorted hands, extra fingers, malformed faces, stray text or watermarks, overcrowded composition, dense mandala fill, low contrast, broken or open outlines, childish cartoon style, ethnic stereotyping, costume-like exaggeration"
African American Fall 10,African American,Fall,10,Quote page,TPL-03,Quote Page Framed Border,Light,Rest is recovery too.,High,"DOC SPEC: 8.5 x 11 inch portrait, 300 DPI, pure black line art on white, no shading, no grayscale, no color fills, all content inside a 0.375 inch safe margin.
SCENE: Coffee mug and soft knit accents.
COMPOSITION (TPL-03 Quote Page Framed Border): Short centered quote with wide margins and seasonal border motifs on 2-4 sides. Top-third: quote; Outer frame: florals and symbols; Corners: accent clusters; Center whitespace preserved.
REPRESENTATION: no people, no figures, and no body parts anywhere on this page. Cultural character is carried by objects, textiles, plants, and pattern, never by a figure. Keep those details lived-in rather than costume-like.
SEASON (Fall): leaves, tea, blankets, candles, gratitude, release.
TONE: calm, hopeful, reflective, grounded, and supportive; relaxed posture, open hands, soft expressions.
LINE WORK: primary contours 0.75-1.25 pt, secondary detail 0.5-0.75 pt, at least two visibly distinct line weights, nothing below 0.5 pt, fully closed shapes suitable for coloring.
WHITE SPACE: Preserve at least 50 percent open space around text.
VARIATION: Use 2 of TPL-03 in this book — change the border family and quote placement: full frame vs two-corner vs top-and-bottom band.
QUOTE TEXT: ""Rest is recovery too."" Set centered in the upper-middle in a clean serif, well inside the safe margin. This is the only text on the page.
NEGATIVE: violence, weapons, bruising, visible injury, drug use, drug paraphernalia, self-harm, police scenes, hospital or clinical crisis imagery, restraints, panic or extreme distress, gray shading, grayscale, color fills, photorealism, 3D render, distorted hands, extra fingers, malformed faces, stray text or watermarks, overcrowded composition, dense mandala fill, low contrast, broken or open outlines, childish cartoon style, ethnic stereotyping, costume-like exaggeration.","Black-and-white printable adult coloring page, 8.5 x 11 inch portrait, 300 DPI, pure black line art on white, no shading, no grayscale, no color fills, all content inside a 0.375 inch safe margin. Coffee mug and soft knit accents. Short centered quote with wide margins and seasonal border motifs on 2-4 sides. no people, no figures, and no body parts anywhere on this page. Cultural character is carried by objects, textiles, plants, and pattern, never by a figure. Keep those details lived-in rather than costume-like. Season cues: leaves, tea, blankets, candles, gratitude, release. Tone: calm, hopeful, reflective, grounded, and supportive; relaxed posture, open hands, soft expressions. Line work: primary contours 0.75-1.25 pt, secondary detail 0.5-0.75 pt, at least two visibly distinct line weights, nothing below 0.5 pt, fully closed shapes suitable for coloring. Preserve at least 50 percent open space around text. Quote text: ""Rest is recovery too."" centered, upper-middle.","violence, weapons, bruising, visible injury, drug use, drug paraphernalia, self-harm, police scenes, hospital or clinical crisis imagery, restraints, panic or extreme distress, gray shading, grayscale, color fills, photorealism, 3D render, distorted hands, extra fingers, malformed faces, stray text or watermarks, overcrowded composition, dense mandala fill, low contrast, broken or open outlines, childish cartoon style, ethnic stereotyping, costume-like exaggeration"
African American Fall 11,African American,Fall,11,Quote page,TPL-03,Quote Page Framed Border,Light,My story is still unfolding.,High,"DOC SPEC: 8.5 x 11 inch portrait, 300 DPI, pure black line art on white, no shading, no grayscale, no color fills, all content inside a 0.375 inch safe margin.
SCENE: Leaves and open space.
COMPOSITION (TPL-03 Quote Page Framed Border): Short centered quote with wide margins and seasonal border motifs on 2-4 sides. Top-third: quote; Outer frame: florals and symbols; Corners: accent clusters; Center whitespace preserved.
REPRESENTATION: no people, no figures, and no body parts anywhere on this page. Cultural character is carried by objects, textiles, plants, and pattern, never by a figure. Keep those details lived-in rather than costume-like.
SEASON (Fall): leaves, tea, blankets, candles, gratitude, release.
TONE: calm, hopeful, reflective, grounded, and supportive; relaxed posture, open hands, soft expressions.
LINE WORK: primary contours 0.75-1.25 pt, secondary detail 0.5-0.75 pt, at least two visibly distinct line weights, nothing below 0.5 pt, fully closed shapes suitable for coloring.
WHITE SPACE: Preserve at least 50 percent open space around text.
VARIATION: Use 3 of TPL-03 in this book — change the border family and quote placement: full frame vs two-corner vs top-and-bottom band.
QUOTE TEXT: ""My story is still unfolding."" Set centered in the upper-middle in a clean serif, well inside the safe margin. This is the only text on the page.
NEGATIVE: violence, weapons, bruising, visible injury, drug use, drug paraphernalia, self-harm, police scenes, hospital or clinical crisis imagery, restraints, panic or extreme distress, gray shading, grayscale, color fills, photorealism, 3D render, distorted hands, extra fingers, malformed faces, stray text or watermarks, overcrowded composition, dense mandala fill, low contrast, broken or open outlines, childish cartoon style, ethnic stereotyping, costume-like exaggeration.","Black-and-white printable adult coloring page, 8.5 x 11 inch portrait, 300 DPI, pure black line art on white, no shading, no grayscale, no color fills, all content inside a 0.375 inch safe margin. Leaves and open space. Short centered quote with wide margins and seasonal border motifs on 2-4 sides. no people, no figures, and no body parts anywhere on this page. Cultural character is carried by objects, textiles, plants, and pattern, never by a figure. Keep those details lived-in rather than costume-like. Season cues: leaves, tea, blankets, candles, gratitude, release. Tone: calm, hopeful, reflective, grounded, and supportive; relaxed posture, open hands, soft expressions. Line work: primary contours 0.75-1.25 pt, secondary detail 0.5-0.75 pt, at least two visibly distinct line weights, nothing below 0.5 pt, fully closed shapes suitable for coloring. Preserve at least 50 percent open space around text. Quote text: ""My story is still unfolding."" centered, upper-middle.","violence, weapons, bruising, visible injury, drug use, drug paraphernalia, self-harm, police scenes, hospital or clinical crisis imagery, restraints, panic or extreme distress, gray shading, grayscale, color fills, photorealism, 3D render, distorted hands, extra fingers, malformed faces, stray text or watermarks, overcrowded composition, dense mandala fill, low contrast, broken or open outlines, childish cartoon style, ethnic stereotyping, costume-like exaggeration"
African American Fall 12,African American,Fall,12,Symbol page,TPL-05,Symbol Cluster Page,Medium,,Medium,"DOC SPEC: 8.5 x 11 inch portrait, 300 DPI, pure black line art on white, no shading, no grayscale, no color fills, all content inside a 0.375 inch safe margin.
SCENE: Leaves, pumpkins, journals, and faith symbols.
COMPOSITION (TPL-05 Symbol Cluster Page): 8-15 related motifs grouped in balanced clusters with breathing room between forms. Distributed clusters across the full page with one central anchor motif.
REPRESENTATION: no people, no figures, and no body parts anywhere on this page. Cultural character is carried by objects, textiles, plants, and pattern, never by a figure. Keep those details lived-in rather than costume-like.
SEASON (Fall): leaves, tea, blankets, candles, gratitude, release.
TONE: calm, hopeful, reflective, grounded, and supportive; relaxed posture, open hands, soft expressions.
LINE WORK: primary contours 0.75-1.25 pt, secondary detail 0.5-0.75 pt, at least two visibly distinct line weights, nothing below 0.5 pt, fully closed shapes suitable for coloring.
WHITE SPACE: Keep clean separations between motifs for easy coloring.
TEXT: none. The page must contain no lettering of any kind.
NEGATIVE: violence, weapons, bruising, visible injury, drug use, drug paraphernalia, self-harm, police scenes, hospital or clinical crisis imagery, restraints, panic or extreme distress, gray shading, grayscale, color fills, photorealism, 3D render, distorted hands, extra fingers, malformed faces, stray text or watermarks, overcrowded composition, dense mandala fill, low contrast, broken or open outlines, childish cartoon style, ethnic stereotyping, costume-like exaggeration.","Black-and-white printable adult coloring page, 8.5 x 11 inch portrait, 300 DPI, pure black line art on white, no shading, no grayscale, no color fills, all content inside a 0.375 inch safe margin. Leaves, pumpkins, journals, and faith symbols. 8-15 related motifs grouped in balanced clusters with breathing room between forms. no people, no figures, and no body parts anywhere on this page. Cultural character is carried by objects, textiles, plants, and pattern, never by a figure. Keep those details lived-in rather than costume-like. Season cues: leaves, tea, blankets, candles, gratitude, release. Tone: calm, hopeful, reflective, grounded, and supportive; relaxed posture, open hands, soft expressions. Line work: primary contours 0.75-1.25 pt, secondary detail 0.5-0.75 pt, at least two visibly distinct line weights, nothing below 0.5 pt, fully closed shapes suitable for coloring. Keep clean separations between motifs for easy coloring. No text anywhere on the page.","violence, weapons, bruising, visible injury, drug use, drug paraphernalia, self-harm, police scenes, hospital or clinical crisis imagery, restraints, panic or extreme distress, gray shading, grayscale, color fills, photorealism, 3D render, distorted hands, extra fingers, malformed faces, stray text or watermarks, overcrowded composition, dense mandala fill, low contrast, broken or open outlines, childish cartoon style, ethnic stereotyping, costume-like exaggeration"
African American Fall 13,African American,Fall,13,Decorative page,TPL-10,Decorative Border & Pattern Page,Medium,,Medium,"DOC SPEC: 8.5 x 11 inch portrait, 300 DPI, pure black line art on white, no shading, no grayscale, no color fills, all content inside a 0.375 inch safe margin.
SCENE: Plaid patterns, leaves, candles, and harvest shapes.
COMPOSITION (TPL-10 Decorative Border & Pattern Page): Seasonal border or repeating pattern frame with 4-8 comfort objects set inside it; flatter and more graphic than a symbol cluster. Full-page border or corner frames; Center: object grouping; Background: restrained repeating pattern or open white.
REPRESENTATION: no people, no figures, and no body parts anywhere on this page. Cultural character is carried by objects, textiles, plants, and pattern, never by a figure. Keep those details lived-in rather than costume-like.
SEASON (Fall): leaves, tea, blankets, candles, gratitude, release.
TONE: calm, hopeful, reflective, grounded, and supportive; relaxed posture, open hands, soft expressions.
LINE WORK: primary contours 0.75-1.25 pt, secondary detail 0.5-0.75 pt, at least two visibly distinct line weights, nothing below 0.5 pt, fully closed shapes suitable for coloring.
WHITE SPACE: Keep the center open enough to read as a resting page; pattern supports, never fills.
TEXT: none. The page must contain no lettering of any kind.
NEGATIVE: violence, weapons, bruising, visible injury, drug use, drug paraphernalia, self-harm, police scenes, hospital or clinical crisis imagery, restraints, panic or extreme distress, gray shading, grayscale, color fills, photorealism, 3D render, distorted hands, extra fingers, malformed faces, stray text or watermarks, overcrowded composition, dense mandala fill, low contrast, broken or open outlines, childish cartoon style, ethnic stereotyping, costume-like exaggeration.","Black-and-white printable adult coloring page, 8.5 x 11 inch portrait, 300 DPI, pure black line art on white, no shading, no grayscale, no color fills, all content inside a 0.375 inch safe margin. Plaid patterns, leaves, candles, and harvest shapes. Seasonal border or repeating pattern frame with 4-8 comfort objects set inside it; flatter and more graphic than a symbol cluster. no people, no figures, and no body parts anywhere on this page. Cultural character is carried by objects, textiles, plants, and pattern, never by a figure. Keep those details lived-in rather than costume-like. Season cues: leaves, tea, blankets, candles, gratitude, release. Tone: calm, hopeful, reflective, grounded, and supportive; relaxed posture, open hands, soft expressions. Line work: primary contours 0.75-1.25 pt, secondary detail 0.5-0.75 pt, at least two visibly distinct line weights, nothing below 0.5 pt, fully closed shapes suitable for coloring. Keep the center open enough to read as a resting page; pattern supports, never fills. No text anywhere on the page.","violence, weapons, bruising, visible injury, drug use, drug paraphernalia, self-harm, police scenes, hospital or clinical crisis imagery, restraints, panic or extreme distress, gray shading, grayscale, color fills, photorealism, 3D render, distorted hands, extra fingers, malformed faces, stray text or watermarks, overcrowded composition, dense mandala fill, low contrast, broken or open outlines, childish cartoon style, ethnic stereotyping, costume-like exaggeration"
African American Fall 14,African American,Fall,14,Environment page,TPL-04,Healing Room Interior,Heavy,,High,"DOC SPEC: 8.5 x 11 inch portrait, 300 DPI, pure black line art on white, no shading, no grayscale, no color fills, all content inside a 0.375 inch safe margin.
SCENE: Reading nook sanctuary with blanket and books.
COMPOSITION (TPL-04 Healing Room Interior): One interior room with strong furniture silhouette, layered comfort objects, single anchor light source or window. No people. Top: wall art or window; Center: bed, chair, or table anchor; Lower: rug, books, slippers, plants.
REPRESENTATION: no people, no figures, and no body parts anywhere on this page. Cultural character is carried by objects, textiles, plants, and pattern, never by a figure. Keep those details lived-in rather than costume-like.
SEASON (Fall): leaves, tea, blankets, candles, gratitude, release.
TONE: calm, hopeful, reflective, grounded, and supportive; relaxed posture, open hands, soft expressions.
LINE WORK: primary contours 0.75-1.25 pt, secondary detail 0.5-0.75 pt, at least two visibly distinct line weights, nothing below 0.5 pt, fully closed shapes suitable for coloring.
WHITE SPACE: Avoid filling every surface with pattern; leave floors and walls partially open.
TEXT: none. The page must contain no lettering of any kind.
NEGATIVE: violence, weapons, bruising, visible injury, drug use, drug paraphernalia, self-harm, police scenes, hospital or clinical crisis imagery, restraints, panic or extreme distress, gray shading, grayscale, color fills, photorealism, 3D render, distorted hands, extra fingers, malformed faces, stray text or watermarks, overcrowded composition, dense mandala fill, low contrast, broken or open outlines, childish cartoon style, ethnic stereotyping, costume-like exaggeration.","Black-and-white printable adult coloring page, 8.5 x 11 inch portrait, 300 DPI, pure black line art on white, no shading, no grayscale, no color fills, all content inside a 0.375 inch safe margin. Reading nook sanctuary with blanket and books. One interior room with strong furniture silhouette, layered comfort objects, single anchor light source or window. No people. no people, no figures, and no body parts anywhere on this page. Cultural character is carried by objects, textiles, plants, and pattern, never by a figure. Keep those details lived-in rather than costume-like. Season cues: leaves, tea, blankets, candles, gratitude, release. Tone: calm, hopeful, reflective, grounded, and supportive; relaxed posture, open hands, soft expressions. Line work: primary contours 0.75-1.25 pt, secondary detail 0.5-0.75 pt, at least two visibly distinct line weights, nothing below 0.5 pt, fully closed shapes suitable for coloring. Avoid filling every surface with pattern; leave floors and walls partially open. No text anywhere on the page.","violence, weapons, bruising, visible injury, drug use, drug paraphernalia, self-harm, police scenes, hospital or clinical crisis imagery, restraints, panic or extreme distress, gray shading, grayscale, color fills, photorealism, 3D render, distorted hands, extra fingers, malformed faces, stray text or watermarks, overcrowded composition, dense mandala fill, low contrast, broken or open outlines, childish cartoon style, ethnic stereotyping, costume-like exaggeration"
African American Fall 15,African American,Fall,15,Environment page,TPL-04,Healing Room Interior,Heavy,,Medium,"DOC SPEC: 8.5 x 11 inch portrait, 300 DPI, pure black line art on white, no shading, no grayscale, no color fills, all content inside a 0.375 inch safe margin.
SCENE: Calm kitchen table scene with pie, tea, and peace.
COMPOSITION (TPL-04 Healing Room Interior): One interior room with strong furniture silhouette, layered comfort objects, single anchor light source or window. No people. Top: wall art or window; Center: bed, chair, or table anchor; Lower: rug, books, slippers, plants.
REPRESENTATION: no people, no figures, and no body parts anywhere on this page. Cultural character is carried by objects, textiles, plants, and pattern, never by a figure. Keep those details lived-in rather than costume-like.
SEASON (Fall): leaves, tea, blankets, candles, gratitude, release.
TONE: calm, hopeful, reflective, grounded, and supportive; relaxed posture, open hands, soft expressions.
LINE WORK: primary contours 0.75-1.25 pt, secondary detail 0.5-0.75 pt, at least two visibly distinct line weights, nothing below 0.5 pt, fully closed shapes suitable for coloring.
WHITE SPACE: Avoid filling every surface with pattern; leave floors and walls partially open.
VARIATION: Use 2 of TPL-04 in this book — change the room and anchor furniture: bed vs armchair vs table, and move the light source.
TEXT: none. The page must contain no lettering of any kind.
NEGATIVE: violence, weapons, bruising, visible injury, drug use, drug paraphernalia, self-harm, police scenes, hospital or clinical crisis imagery, restraints, panic or extreme distress, gray shading, grayscale, color fills, photorealism, 3D render, distorted hands, extra fingers, malformed faces, stray text or watermarks, overcrowded composition, dense mandala fill, low contrast, broken or open outlines, childish cartoon style, ethnic stereotyping, costume-like exaggeration.","Black-and-white printable adult coloring page, 8.5 x 11 inch portrait, 300 DPI, pure black line art on white, no shading, no grayscale, no color fills, all content inside a 0.375 inch safe margin. Calm kitchen table scene with pie, tea, and peace. One interior room with strong furniture silhouette, layered comfort objects, single anchor light source or window. No people. no people, no figures, and no body parts anywhere on this page. Cultural character is carried by objects, textiles, plants, and pattern, never by a figure. Keep those details lived-in rather than costume-like. Season cues: leaves, tea, blankets, candles, gratitude, release. Tone: calm, hopeful, reflective, grounded, and supportive; relaxed posture, open hands, soft expressions. Line work: primary contours 0.75-1.25 pt, secondary detail 0.5-0.75 pt, at least two visibly distinct line weights, nothing below 0.5 pt, fully closed shapes suitable for coloring. Avoid filling every surface with pattern; leave floors and walls partially open. No text anywhere on the page.","violence, weapons, bruising, visible injury, drug use, drug paraphernalia, self-harm, police scenes, hospital or clinical crisis imagery, restraints, panic or extreme distress, gray shading, grayscale, color fills, photorealism, 3D render, distorted hands, extra fingers, malformed faces, stray text or watermarks, overcrowded composition, dense mandala fill, low contrast, broken or open outlines, childish cartoon style, ethnic stereotyping, costume-like exaggeration"
African American Winter 01,African American,Winter,01,Solo portrait,TPL-08,Window + Journal Reflection,Medium,,High,"DOC SPEC: 8.5 x 11 inch portrait, 300 DPI, pure black line art on white, no shading, no grayscale, no color fills, all content inside a 0.375 inch safe margin.
SCENE: Woman at a window with snowfall and prayer journal.
COMPOSITION (TPL-08 Window + Journal Reflection): Person seated indoors at a window with a journal, mug, or book; the outside view simplified to weather and one or two shapes; indoor comfort props nearby. Top: window frame and weather; Center: seated figure; Lower: blanket, book, mug, plant.
REPRESENTATION: African American figures with natural hairstyles, a broad range of skin tones rendered through line detail only, everyday contemporary clothing, and respectful home and community settings. Natural proportions. No stereotypes, no costume-like exaggeration, no tokenism.
SEASON (Winter): snow, quilts, lamps, cocoa, candles, indoor calm.
TONE: calm, hopeful, reflective, grounded, and supportive; relaxed posture, open hands, soft expressions.
LINE WORK: primary contours 0.75-1.25 pt, secondary detail 0.5-0.75 pt, at least two visibly distinct line weights, nothing below 0.5 pt, fully closed shapes suitable for coloring.
WHITE SPACE: The window view should stay simple and not compete with the figure.
TEXT: none. The page must contain no lettering of any kind.
NEGATIVE: violence, weapons, bruising, visible injury, drug use, drug paraphernalia, self-harm, police scenes, hospital or clinical crisis imagery, restraints, panic or extreme distress, gray shading, grayscale, color fills, photorealism, 3D render, distorted hands, extra fingers, malformed faces, stray text or watermarks, overcrowded composition, dense mandala fill, low contrast, broken or open outlines, childish cartoon style, ethnic stereotyping, costume-like exaggeration.","Black-and-white printable adult coloring page, 8.5 x 11 inch portrait, 300 DPI, pure black line art on white, no shading, no grayscale, no color fills, all content inside a 0.375 inch safe margin. Woman at a window with snowfall and prayer journal. Person seated indoors at a window with a journal, mug, or book; the outside view simplified to weather and one or two shapes; indoor comfort props nearby. African American figures with natural hairstyles, a broad range of skin tones rendered through line detail only, everyday contemporary clothing, and respectful home and community settings. Season cues: snow, quilts, lamps, cocoa, candles, indoor calm. Tone: calm, hopeful, reflective, grounded, and supportive; relaxed posture, open hands, soft expressions. Line work: primary contours 0.75-1.25 pt, secondary detail 0.5-0.75 pt, at least two visibly distinct line weights, nothing below 0.5 pt, fully closed shapes suitable for coloring. The window view should stay simple and not compete with the figure. No text anywhere on the page.","violence, weapons, bruising, visible injury, drug use, drug paraphernalia, self-harm, police scenes, hospital or clinical crisis imagery, restraints, panic or extreme distress, gray shading, grayscale, color fills, photorealism, 3D render, distorted hands, extra fingers, malformed faces, stray text or watermarks, overcrowded composition, dense mandala fill, low contrast, broken or open outlines, childish cartoon style, ethnic stereotyping, costume-like exaggeration"
African American Winter 02,African American,Winter,02,Solo portrait,TPL-06,Walking Reflection Scene,Light-Medium,,Medium,"DOC SPEC: 8.5 x 11 inch portrait, 300 DPI, pure black line art on white, no shading, no grayscale, no color fills, all content inside a 0.375 inch safe margin.
SCENE: Man in knit cap walking through peaceful winter air.
COMPOSITION (TPL-06 Walking Reflection Scene): Single figure outdoors on a path, sidewalk, trail, dock, or shoreline with calm background depth and limited environmental clutter. Top: sky, trees, or buildings minimal; Center: figure; Lower: path, leaves, water, flowers, pavement texture.
REPRESENTATION: African American figures with natural hairstyles, a broad range of skin tones rendered through line detail only, everyday contemporary clothing, and respectful home and community settings. Natural proportions. No stereotypes, no costume-like exaggeration, no tokenism.
SEASON (Winter): snow, quilts, lamps, cocoa, candles, indoor calm.
TONE: calm, hopeful, reflective, grounded, and supportive; relaxed posture, open hands, soft expressions.
LINE WORK: primary contours 0.75-1.25 pt, secondary detail 0.5-0.75 pt, at least two visibly distinct line weights, nothing below 0.5 pt, fully closed shapes suitable for coloring.
WHITE SPACE: Keep large sky and path zones open to avoid density.
TEXT: none. The page must contain no lettering of any kind.
NEGATIVE: violence, weapons, bruising, visible injury, drug use, drug paraphernalia, self-harm, police scenes, hospital or clinical crisis imagery, restraints, panic or extreme distress, gray shading, grayscale, color fills, photorealism, 3D render, distorted hands, extra fingers, malformed faces, stray text or watermarks, overcrowded composition, dense mandala fill, low contrast, broken or open outlines, childish cartoon style, ethnic stereotyping, costume-like exaggeration.","Black-and-white printable adult coloring page, 8.5 x 11 inch portrait, 300 DPI, pure black line art on white, no shading, no grayscale, no color fills, all content inside a 0.375 inch safe margin. Man in knit cap walking through peaceful winter air. Single figure outdoors on a path, sidewalk, trail, dock, or shoreline with calm background depth and limited environmental clutter. African American figures with natural hairstyles, a broad range of skin tones rendered through line detail only, everyday contemporary clothing, and respectful home and community settings. Season cues: snow, quilts, lamps, cocoa, candles, indoor calm. Tone: calm, hopeful, reflective, grounded, and supportive; relaxed posture, open hands, soft expressions. Line work: primary contours 0.75-1.25 pt, secondary detail 0.5-0.75 pt, at least two visibly distinct line weights, nothing below 0.5 pt, fully closed shapes suitable for coloring. Keep large sky and path zones open to avoid density. No text anywhere on the page.","violence, weapons, bruising, visible injury, drug use, drug paraphernalia, self-harm, police scenes, hospital or clinical crisis imagery, restraints, panic or extreme distress, gray shading, grayscale, color fills, photorealism, 3D render, distorted hands, extra fingers, malformed faces, stray text or watermarks, overcrowded composition, dense mandala fill, low contrast, broken or open outlines, childish cartoon style, ethnic stereotyping, costume-like exaggeration"
African American Winter 03,African American,Winter,03,Solo portrait,TPL-01,Solo Portrait Calm Scene,Medium,,High,"DOC SPEC: 8.5 x 11 inch portrait, 300 DPI, pure black line art on white, no shading, no grayscale, no color fills, all content inside a 0.375 inch safe margin.
SCENE: Young adult coloring beside candles and blanket.
COMPOSITION (TPL-01 Solo Portrait Calm Scene): One focal person centered slightly off-axis, 2-3 supporting props, light background context, open lower corners. Top: seasonal cues; Center: face/body focal point; Mid-lower: hands/object; Edges: light framing motifs.
REPRESENTATION: African American figures with natural hairstyles, a broad range of skin tones rendered through line detail only, everyday contemporary clothing, and respectful home and community settings. Natural proportions. No stereotypes, no costume-like exaggeration, no tokenism.
SEASON (Winter): snow, quilts, lamps, cocoa, candles, indoor calm.
TONE: calm, hopeful, reflective, grounded, and supportive; relaxed posture, open hands, soft expressions.
LINE WORK: primary contours 0.75-1.25 pt, secondary detail 0.5-0.75 pt, at least two visibly distinct line weights, nothing below 0.5 pt, fully closed shapes suitable for coloring.
WHITE SPACE: Leave 35-45 percent open colorable space.
TEXT: none. The page must contain no lettering of any kind.
NEGATIVE: violence, weapons, bruising, visible injury, drug use, drug paraphernalia, self-harm, police scenes, hospital or clinical crisis imagery, restraints, panic or extreme distress, gray shading, grayscale, color fills, photorealism, 3D render, distorted hands, extra fingers, malformed faces, stray text or watermarks, overcrowded composition, dense mandala fill, low contrast, broken or open outlines, childish cartoon style, ethnic stereotyping, costume-like exaggeration.","Black-and-white printable adult coloring page, 8.5 x 11 inch portrait, 300 DPI, pure black line art on white, no shading, no grayscale, no color fills, all content inside a 0.375 inch safe margin. Young adult coloring beside candles and blanket. One focal person centered slightly off-axis, 2-3 supporting props, light background context, open lower corners. African American figures with natural hairstyles, a broad range of skin tones rendered through line detail only, everyday contemporary clothing, and respectful home and community settings. Season cues: snow, quilts, lamps, cocoa, candles, indoor calm. Tone: calm, hopeful, reflective, grounded, and supportive; relaxed posture, open hands, soft expressions. Line work: primary contours 0.75-1.25 pt, secondary detail 0.5-0.75 pt, at least two visibly distinct line weights, nothing below 0.5 pt, fully closed shapes suitable for coloring. Leave 35-45 percent open colorable space. No text anywhere on the page.","violence, weapons, bruising, visible injury, drug use, drug paraphernalia, self-harm, police scenes, hospital or clinical crisis imagery, restraints, panic or extreme distress, gray shading, grayscale, color fills, photorealism, 3D render, distorted hands, extra fingers, malformed faces, stray text or watermarks, overcrowded composition, dense mandala fill, low contrast, broken or open outlines, childish cartoon style, ethnic stereotyping, costume-like exaggeration"
African American Winter 04,African American,Winter,04,Solo portrait,TPL-01,Solo Portrait Calm Scene,Medium,,High,"DOC SPEC: 8.5 x 11 inch portrait, 300 DPI, pure black line art on white, no shading, no grayscale, no color fills, all content inside a 0.375 inch safe margin.
SCENE: Woman holding cocoa and reflecting by a lamp.
COMPOSITION (TPL-01 Solo Portrait Calm Scene): One focal person centered slightly off-axis, 2-3 supporting props, light background context, open lower corners. Top: seasonal cues; Center: face/body focal point; Mid-lower: hands/object; Edges: light framing motifs.
REPRESENTATION: African American figures with natural hairstyles, a broad range of skin tones rendered through line detail only, everyday contemporary clothing, and respectful home and community settings. Natural proportions. No stereotypes, no costume-like exaggeration, no tokenism.
SEASON (Winter): snow, quilts, lamps, cocoa, candles, indoor calm.
TONE: calm, hopeful, reflective, grounded, and supportive; relaxed posture, open hands, soft expressions.
LINE WORK: primary contours 0.75-1.25 pt, secondary detail 0.5-0.75 pt, at least two visibly distinct line weights, nothing below 0.5 pt, fully closed shapes suitable for coloring.
WHITE SPACE: Leave 35-45 percent open colorable space.
VARIATION: Use 2 of TPL-01 in this book — change the viewpoint and prop cluster: seated vs standing, three-quarter vs frontal, and a different anchor object.
TEXT: none. The page must contain no lettering of any kind.
NEGATIVE: violence, weapons, bruising, visible injury, drug use, drug paraphernalia, self-harm, police scenes, hospital or clinical crisis imagery, restraints, panic or extreme distress, gray shading, grayscale, color fills, photorealism, 3D render, distorted hands, extra fingers, malformed faces, stray text or watermarks, overcrowded composition, dense mandala fill, low contrast, broken or open outlines, childish cartoon style, ethnic stereotyping, costume-like exaggeration.","Black-and-white printable adult coloring page, 8.5 x 11 inch portrait, 300 DPI, pure black line art on white, no shading, no grayscale, no color fills, all content inside a 0.375 inch safe margin. Woman holding cocoa and reflecting by a lamp. One focal person centered slightly off-axis, 2-3 supporting props, light background context, open lower corners. African American figures with natural hairstyles, a broad range of skin tones rendered through line detail only, everyday contemporary clothing, and respectful home and community settings. Season cues: snow, quilts, lamps, cocoa, candles, indoor calm. Tone: calm, hopeful, reflective, grounded, and supportive; relaxed posture, open hands, soft expressions. Line work: primary contours 0.75-1.25 pt, secondary detail 0.5-0.75 pt, at least two visibly distinct line weights, nothing below 0.5 pt, fully closed shapes suitable for coloring. Leave 35-45 percent open colorable space. No text anywhere on the page.","violence, weapons, bruising, visible injury, drug use, drug paraphernalia, self-harm, police scenes, hospital or clinical crisis imagery, restraints, panic or extreme distress, gray shading, grayscale, color fills, photorealism, 3D render, distorted hands, extra fingers, malformed faces, stray text or watermarks, overcrowded composition, dense mandala fill, low contrast, broken or open outlines, childish cartoon style, ethnic stereotyping, costume-like exaggeration"
African American Winter 05,African American,Winter,05,Community scene,TPL-02,Support Circle Scene,Heavy,,High,"DOC SPEC: 8.5 x 11 inch portrait, 300 DPI, pure black line art on white, no shading, no grayscale, no color fills, all content inside a 0.375 inch safe margin.
SCENE: Indoor support group with holiday-neutral warmth.
COMPOSITION (TPL-02 Support Circle Scene): 3-5 people in a curved or circular arrangement, one clear focal interaction, simple background geometry. Indoor variant uses simple room geometry; outdoor variant uses trees, park edge, or garden as a low-detail backdrop. Top: wall, window, banners, or tree line kept minimal; Center: group interaction; Bottom: chairs, floor, ground, grounding objects.
REPRESENTATION: African American figures with natural hairstyles, a broad range of skin tones rendered through line detail only, everyday contemporary clothing, and respectful home and community settings. Natural proportions. No stereotypes, no costume-like exaggeration, no tokenism.
SEASON (Winter): snow, quilts, lamps, cocoa, candles, indoor calm.
TONE: calm, hopeful, reflective, grounded, and supportive; relaxed posture, open hands, soft expressions.
LINE WORK: primary contours 0.75-1.25 pt, secondary detail 0.5-0.75 pt, at least two visibly distinct line weights, nothing below 0.5 pt, fully closed shapes suitable for coloring.
WHITE SPACE: Keep background under 30 percent detail so figures stay readable.
TEXT: none. The page must contain no lettering of any kind.
NEGATIVE: violence, weapons, bruising, visible injury, drug use, drug paraphernalia, self-harm, police scenes, hospital or clinical crisis imagery, restraints, panic or extreme distress, gray shading, grayscale, color fills, photorealism, 3D render, distorted hands, extra fingers, malformed faces, stray text or watermarks, overcrowded composition, dense mandala fill, low contrast, broken or open outlines, childish cartoon style, ethnic stereotyping, costume-like exaggeration.","Black-and-white printable adult coloring page, 8.5 x 11 inch portrait, 300 DPI, pure black line art on white, no shading, no grayscale, no color fills, all content inside a 0.375 inch safe margin. Indoor support group with holiday-neutral warmth. 3-5 people in a curved or circular arrangement, one clear focal interaction, simple background geometry. Indoor variant uses simple room geometry; outdoor variant uses trees, park edge, or garden as a low-detail backdrop. African American figures with natural hairstyles, a broad range of skin tones rendered through line detail only, everyday contemporary clothing, and respectful home and community settings. Season cues: snow, quilts, lamps, cocoa, candles, indoor calm. Tone: calm, hopeful, reflective, grounded, and supportive; relaxed posture, open hands, soft expressions. Line work: primary contours 0.75-1.25 pt, secondary detail 0.5-0.75 pt, at least two visibly distinct line weights, nothing below 0.5 pt, fully closed shapes suitable for coloring. Keep background under 30 percent detail so figures stay readable. No text anywhere on the page.","violence, weapons, bruising, visible injury, drug use, drug paraphernalia, self-harm, police scenes, hospital or clinical crisis imagery, restraints, panic or extreme distress, gray shading, grayscale, color fills, photorealism, 3D render, distorted hands, extra fingers, malformed faces, stray text or watermarks, overcrowded composition, dense mandala fill, low contrast, broken or open outlines, childish cartoon style, ethnic stereotyping, costume-like exaggeration"
African American Winter 06,African American,Winter,06,Community scene,TPL-07,Pair Conversation Scene,Medium,,Medium,"DOC SPEC: 8.5 x 11 inch portrait, 300 DPI, pure black line art on white, no shading, no grayscale, no color fills, all content inside a 0.375 inch safe margin.
SCENE: Grandmother and adult grandchild sharing quiet encouragement.
COMPOSITION (TPL-07 Pair Conversation Scene): Exactly 2-3 figures in close, readable interaction: seated together, standing side by side, or walking together. Anchor is a porch railing, patio edge, park or city bench, kitchen or dining table, shop chair, or shared task. Top: plants, string lights, window, or tree line; Center: the two figures and their shared focus; Bottom: floorboards, table, bench, path, or ground.
REPRESENTATION: African American figures with natural hairstyles, a broad range of skin tones rendered through line detail only, everyday contemporary clothing, and respectful home and community settings. Natural proportions. No stereotypes, no costume-like exaggeration, no tokenism.
SEASON (Winter): snow, quilts, lamps, cocoa, candles, indoor calm.
TONE: calm, hopeful, reflective, grounded, and supportive; relaxed posture, open hands, soft expressions.
LINE WORK: primary contours 0.75-1.25 pt, secondary detail 0.5-0.75 pt, at least two visibly distinct line weights, nothing below 0.5 pt, fully closed shapes suitable for coloring.
WHITE SPACE: Keep railing, walls, table, and ground simple enough for color fill.
TEXT: none. The page must contain no lettering of any kind.
NEGATIVE: violence, weapons, bruising, visible injury, drug use, drug paraphernalia, self-harm, police scenes, hospital or clinical crisis imagery, restraints, panic or extreme distress, gray shading, grayscale, color fills, photorealism, 3D render, distorted hands, extra fingers, malformed faces, stray text or watermarks, overcrowded composition, dense mandala fill, low contrast, broken or open outlines, childish cartoon style, ethnic stereotyping, costume-like exaggeration.","Black-and-white printable adult coloring page, 8.5 x 11 inch portrait, 300 DPI, pure black line art on white, no shading, no grayscale, no color fills, all content inside a 0.375 inch safe margin. Grandmother and adult grandchild sharing quiet encouragement. Exactly 2-3 figures in close, readable interaction: seated together, standing side by side, or walking together. Anchor is a porch railing, patio edge, park or city bench, kitchen or dining table, shop chair, or shared task. African American figures with natural hairstyles, a broad range of skin tones rendered through line detail only, everyday contemporary clothing, and respectful home and community settings. Season cues: snow, quilts, lamps, cocoa, candles, indoor calm. Tone: calm, hopeful, reflective, grounded, and supportive; relaxed posture, open hands, soft expressions. Line work: primary contours 0.75-1.25 pt, secondary detail 0.5-0.75 pt, at least two visibly distinct line weights, nothing below 0.5 pt, fully closed shapes suitable for coloring. Keep railing, walls, table, and ground simple enough for color fill. No text anywhere on the page.","violence, weapons, bruising, visible injury, drug use, drug paraphernalia, self-harm, police scenes, hospital or clinical crisis imagery, restraints, panic or extreme distress, gray shading, grayscale, color fills, photorealism, 3D render, distorted hands, extra fingers, malformed faces, stray text or watermarks, overcrowded composition, dense mandala fill, low contrast, broken or open outlines, childish cartoon style, ethnic stereotyping, costume-like exaggeration"
African American Winter 07,African American,Winter,07,Community scene,TPL-07,Pair Conversation Scene,Medium,,Medium,"DOC SPEC: 8.5 x 11 inch portrait, 300 DPI, pure black line art on white, no shading, no grayscale, no color fills, all content inside a 0.375 inch safe margin.
SCENE: Couple healing together through conversation.
COMPOSITION (TPL-07 Pair Conversation Scene): Exactly 2-3 figures in close, readable interaction: seated together, standing side by side, or walking together. Anchor is a porch railing, patio edge, park or city bench, kitchen or dining table, shop chair, or shared task. Top: plants, string lights, window, or tree line; Center: the two figures and their shared focus; Bottom: floorboards, table, bench, path, or ground.
REPRESENTATION: African American figures with natural hairstyles, a broad range of skin tones rendered through line detail only, everyday contemporary clothing, and respectful home and community settings. Natural proportions. No stereotypes, no costume-like exaggeration, no tokenism.
SEASON (Winter): snow, quilts, lamps, cocoa, candles, indoor calm.
TONE: calm, hopeful, reflective, grounded, and supportive; relaxed posture, open hands, soft expressions.
LINE WORK: primary contours 0.75-1.25 pt, secondary detail 0.5-0.75 pt, at least two visibly distinct line weights, nothing below 0.5 pt, fully closed shapes suitable for coloring.
WHITE SPACE: Keep railing, walls, table, and ground simple enough for color fill.
VARIATION: Use 2 of TPL-07 in this book — change the arrangement: side by side vs facing, seated vs walking, and a different shared object.
TEXT: none. The page must contain no lettering of any kind.
NEGATIVE: violence, weapons, bruising, visible injury, drug use, drug paraphernalia, self-harm, police scenes, hospital or clinical crisis imagery, restraints, panic or extreme distress, gray shading, grayscale, color fills, photorealism, 3D render, distorted hands, extra fingers, malformed faces, stray text or watermarks, overcrowded composition, dense mandala fill, low contrast, broken or open outlines, childish cartoon style, ethnic stereotyping, costume-like exaggeration.","Black-and-white printable adult coloring page, 8.5 x 11 inch portrait, 300 DPI, pure black line art on white, no shading, no grayscale, no color fills, all content inside a 0.375 inch safe margin. Couple healing together through conversation. Exactly 2-3 figures in close, readable interaction: seated together, standing side by side, or walking together. Anchor is a porch railing, patio edge, park or city bench, kitchen or dining table, shop chair, or shared task. African American figures with natural hairstyles, a broad range of skin tones rendered through line detail only, everyday contemporary clothing, and respectful home and community settings. Season cues: snow, quilts, lamps, cocoa, candles, indoor calm. Tone: calm, hopeful, reflective, grounded, and supportive; relaxed posture, open hands, soft expressions. Line work: primary contours 0.75-1.25 pt, secondary detail 0.5-0.75 pt, at least two visibly distinct line weights, nothing below 0.5 pt, fully closed shapes suitable for coloring. Keep railing, walls, table, and ground simple enough for color fill. No text anywhere on the page.","violence, weapons, bruising, visible injury, drug use, drug paraphernalia, self-harm, police scenes, hospital or clinical crisis imagery, restraints, panic or extreme distress, gray shading, grayscale, color fills, photorealism, 3D render, distorted hands, extra fingers, malformed faces, stray text or watermarks, overcrowded composition, dense mandala fill, low contrast, broken or open outlines, childish cartoon style, ethnic stereotyping, costume-like exaggeration"
African American Winter 08,African American,Winter,08,Community scene,TPL-07,Pair Conversation Scene,Medium,,High,"DOC SPEC: 8.5 x 11 inch portrait, 300 DPI, pure black line art on white, no shading, no grayscale, no color fills, all content inside a 0.375 inch safe margin.
SCENE: Friend dropping off soup and support.
COMPOSITION (TPL-07 Pair Conversation Scene): Exactly 2-3 figures in close, readable interaction: seated together, standing side by side, or walking together. Anchor is a porch railing, patio edge, park or city bench, kitchen or dining table, shop chair, or shared task. Top: plants, string lights, window, or tree line; Center: the two figures and their shared focus; Bottom: floorboards, table, bench, path, or ground.
REPRESENTATION: African American figures with natural hairstyles, a broad range of skin tones rendered through line detail only, everyday contemporary clothing, and respectful home and community settings. Natural proportions. No stereotypes, no costume-like exaggeration, no tokenism.
SEASON (Winter): snow, quilts, lamps, cocoa, candles, indoor calm.
TONE: calm, hopeful, reflective, grounded, and supportive; relaxed posture, open hands, soft expressions.
LINE WORK: primary contours 0.75-1.25 pt, secondary detail 0.5-0.75 pt, at least two visibly distinct line weights, nothing below 0.5 pt, fully closed shapes suitable for coloring.
WHITE SPACE: Keep railing, walls, table, and ground simple enough for color fill.
VARIATION: Use 3 of TPL-07 in this book — change the arrangement: side by side vs facing, seated vs walking, and a different shared object.
TEXT: none. The page must contain no lettering of any kind.
NEGATIVE: violence, weapons, bruising, visible injury, drug use, drug paraphernalia, self-harm, police scenes, hospital or clinical crisis imagery, restraints, panic or extreme distress, gray shading, grayscale, color fills, photorealism, 3D render, distorted hands, extra fingers, malformed faces, stray text or watermarks, overcrowded composition, dense mandala fill, low contrast, broken or open outlines, childish cartoon style, ethnic stereotyping, costume-like exaggeration.","Black-and-white printable adult coloring page, 8.5 x 11 inch portrait, 300 DPI, pure black line art on white, no shading, no grayscale, no color fills, all content inside a 0.375 inch safe margin. Friend dropping off soup and support. Exactly 2-3 figures in close, readable interaction: seated together, standing side by side, or walking together. Anchor is a porch railing, patio edge, park or city bench, kitchen or dining table, shop chair, or shared task. African American figures with natural hairstyles, a broad range of skin tones rendered through line detail only, everyday contemporary clothing, and respectful home and community settings. Season cues: snow, quilts, lamps, cocoa, candles, indoor calm. Tone: calm, hopeful, reflective, grounded, and supportive; relaxed posture, open hands, soft expressions. Line work: primary contours 0.75-1.25 pt, secondary detail 0.5-0.75 pt, at least two visibly distinct line weights, nothing below 0.5 pt, fully closed shapes suitable for coloring. Keep railing, walls, table, and ground simple enough for color fill. No text anywhere on the page.","violence, weapons, bruising, visible injury, drug use, drug paraphernalia, self-harm, police scenes, hospital or clinical crisis imagery, restraints, panic or extreme distress, gray shading, grayscale, color fills, photorealism, 3D render, distorted hands, extra fingers, malformed faces, stray text or watermarks, overcrowded composition, dense mandala fill, low contrast, broken or open outlines, childish cartoon style, ethnic stereotyping, costume-like exaggeration"
African American Winter 09,African American,Winter,09,Quote page,TPL-03,Quote Page Framed Border,Light,Hope lives here.,High,"DOC SPEC: 8.5 x 11 inch portrait, 300 DPI, pure black line art on white, no shading, no grayscale, no color fills, all content inside a 0.375 inch safe margin.
SCENE: Snowflake border and candle glow.
COMPOSITION (TPL-03 Quote Page Framed Border): Short centered quote with wide margins and seasonal border motifs on 2-4 sides. Top-third: quote; Outer frame: florals and symbols; Corners: accent clusters; Center whitespace preserved.
REPRESENTATION: no people, no figures, and no body parts anywhere on this page. Cultural character is carried by objects, textiles, plants, and pattern, never by a figure. Keep those details lived-in rather than costume-like.
SEASON (Winter): snow, quilts, lamps, cocoa, candles, indoor calm.
TONE: calm, hopeful, reflective, grounded, and supportive; relaxed posture, open hands, soft expressions.
LINE WORK: primary contours 0.75-1.25 pt, secondary detail 0.5-0.75 pt, at least two visibly distinct line weights, nothing below 0.5 pt, fully closed shapes suitable for coloring.
WHITE SPACE: Preserve at least 50 percent open space around text.
QUOTE TEXT: ""Hope lives here."" Set centered in the upper-middle in a clean serif, well inside the safe margin. This is the only text on the page.
NEGATIVE: violence, weapons, bruising, visible injury, drug use, drug paraphernalia, self-harm, police scenes, hospital or clinical crisis imagery, restraints, panic or extreme distress, gray shading, grayscale, color fills, photorealism, 3D render, distorted hands, extra fingers, malformed faces, stray text or watermarks, overcrowded composition, dense mandala fill, low contrast, broken or open outlines, childish cartoon style, ethnic stereotyping, costume-like exaggeration.","Black-and-white printable adult coloring page, 8.5 x 11 inch portrait, 300 DPI, pure black line art on white, no shading, no grayscale, no color fills, all content inside a 0.375 inch safe margin. Snowflake border and candle glow. Short centered quote with wide margins and seasonal border motifs on 2-4 sides. no people, no figures, and no body parts anywhere on this page. Cultural character is carried by objects, textiles, plants, and pattern, never by a figure. Keep those details lived-in rather than costume-like. Season cues: snow, quilts, lamps, cocoa, candles, indoor calm. Tone: calm, hopeful, reflective, grounded, and supportive; relaxed posture, open hands, soft expressions. Line work: primary contours 0.75-1.25 pt, secondary detail 0.5-0.75 pt, at least two visibly distinct line weights, nothing below 0.5 pt, fully closed shapes suitable for coloring. Preserve at least 50 percent open space around text. Quote text: ""Hope lives here."" centered, upper-middle.","violence, weapons, bruising, visible injury, drug use, drug paraphernalia, self-harm, police scenes, hospital or clinical crisis imagery, restraints, panic or extreme distress, gray shading, grayscale, color fills, photorealism, 3D render, distorted hands, extra fingers, malformed faces, stray text or watermarks, overcrowded composition, dense mandala fill, low contrast, broken or open outlines, childish cartoon style, ethnic stereotyping, costume-like exaggeration"
African American Winter 10,African American,Winter,10,Quote page,TPL-03,Quote Page Framed Border,Light,I can be gentle with myself.,High,"DOC SPEC: 8.5 x 11 inch portrait, 300 DPI, pure black line art on white, no shading, no grayscale, no color fills, all content inside a 0.375 inch safe margin.
SCENE: Winter window and soft blanket accents.
COMPOSITION (TPL-03 Quote Page Framed Border): Short centered quote with wide margins and seasonal border motifs on 2-4 sides. Top-third: quote; Outer frame: florals and symbols; Corners: accent clusters; Center whitespace preserved.
REPRESENTATION: no people, no figures, and no body parts anywhere on this page. Cultural character is carried by objects, textiles, plants, and pattern, never by a figure. Keep those details lived-in rather than costume-like.
SEASON (Winter): snow, quilts, lamps, cocoa, candles, indoor calm.
TONE: calm, hopeful, reflective, grounded, and supportive; relaxed posture, open hands, soft expressions.
LINE WORK: primary contours 0.75-1.25 pt, secondary detail 0.5-0.75 pt, at least two visibly distinct line weights, nothing below 0.5 pt, fully closed shapes suitable for coloring.
WHITE SPACE: Preserve at least 50 percent open space around text.
VARIATION: Use 2 of TPL-03 in this book — change the border family and quote placement: full frame vs two-corner vs top-and-bottom band.
QUOTE TEXT: ""I can be gentle with myself."" Set centered in the upper-middle in a clean serif, well inside the safe margin. This is the only text on the page.
NEGATIVE: violence, weapons, bruising, visible injury, drug use, drug paraphernalia, self-harm, police scenes, hospital or clinical crisis imagery, restraints, panic or extreme distress, gray shading, grayscale, color fills, photorealism, 3D render, distorted hands, extra fingers, malformed faces, stray text or watermarks, overcrowded composition, dense mandala fill, low contrast, broken or open outlines, childish cartoon style, ethnic stereotyping, costume-like exaggeration.","Black-and-white printable adult coloring page, 8.5 x 11 inch portrait, 300 DPI, pure black line art on white, no shading, no grayscale, no color fills, all content inside a 0.375 inch safe margin. Winter window and soft blanket accents. Short centered quote with wide margins and seasonal border motifs on 2-4 sides. no people, no figures, and no body parts anywhere on this page. Cultural character is carried by objects, textiles, plants, and pattern, never by a figure. Keep those details lived-in rather than costume-like. Season cues: snow, quilts, lamps, cocoa, candles, indoor calm. Tone: calm, hopeful, reflective, grounded, and supportive; relaxed posture, open hands, soft expressions. Line work: primary contours 0.75-1.25 pt, secondary detail 0.5-0.75 pt, at least two visibly distinct line weights, nothing below 0.5 pt, fully closed shapes suitable for coloring. Preserve at least 50 percent open space around text. Quote text: ""I can be gentle with myself."" centered, upper-middle.","violence, weapons, bruising, visible injury, drug use, drug paraphernalia, self-harm, police scenes, hospital or clinical crisis imagery, restraints, panic or extreme distress, gray shading, grayscale, color fills, photorealism, 3D render, distorted hands, extra fingers, malformed faces, stray text or watermarks, overcrowded composition, dense mandala fill, low contrast, broken or open outlines, childish cartoon style, ethnic stereotyping, costume-like exaggeration"
African American Winter 11,African American,Winter,11,Quote page,TPL-03,Quote Page Framed Border,Light,Light returns.,High,"DOC SPEC: 8.5 x 11 inch portrait, 300 DPI, pure black line art on white, no shading, no grayscale, no color fills, all content inside a 0.375 inch safe margin.
SCENE: Candle and light motif.
COMPOSITION (TPL-03 Quote Page Framed Border): Short centered quote with wide margins and seasonal border motifs on 2-4 sides. Top-third: quote; Outer frame: florals and symbols; Corners: accent clusters; Center whitespace preserved.
REPRESENTATION: no people, no figures, and no body parts anywhere on this page. Cultural character is carried by objects, textiles, plants, and pattern, never by a figure. Keep those details lived-in rather than costume-like.
SEASON (Winter): snow, quilts, lamps, cocoa, candles, indoor calm.
TONE: calm, hopeful, reflective, grounded, and supportive; relaxed posture, open hands, soft expressions.
LINE WORK: primary contours 0.75-1.25 pt, secondary detail 0.5-0.75 pt, at least two visibly distinct line weights, nothing below 0.5 pt, fully closed shapes suitable for coloring.
WHITE SPACE: Preserve at least 50 percent open space around text.
VARIATION: Use 3 of TPL-03 in this book — change the border family and quote placement: full frame vs two-corner vs top-and-bottom band.
QUOTE TEXT: ""Light returns."" Set centered in the upper-middle in a clean serif, well inside the safe margin. This is the only text on the page.
NEGATIVE: violence, weapons, bruising, visible injury, drug use, drug paraphernalia, self-harm, police scenes, hospital or clinical crisis imagery, restraints, panic or extreme distress, gray shading, grayscale, color fills, photorealism, 3D render, distorted hands, extra fingers, malformed faces, stray text or watermarks, overcrowded composition, dense mandala fill, low contrast, broken or open outlines, childish cartoon style, ethnic stereotyping, costume-like exaggeration.","Black-and-white printable adult coloring page, 8.5 x 11 inch portrait, 300 DPI, pure black line art on white, no shading, no grayscale, no color fills, all content inside a 0.375 inch safe margin. Candle and light motif. Short centered quote with wide margins and seasonal border motifs on 2-4 sides. no people, no figures, and no body parts anywhere on this page. Cultural character is carried by objects, textiles, plants, and pattern, never by a figure. Keep those details lived-in rather than costume-like. Season cues: snow, quilts, lamps, cocoa, candles, indoor calm. Tone: calm, hopeful, reflective, grounded, and supportive; relaxed posture, open hands, soft expressions. Line work: primary contours 0.75-1.25 pt, secondary detail 0.5-0.75 pt, at least two visibly distinct line weights, nothing below 0.5 pt, fully closed shapes suitable for coloring. Preserve at least 50 percent open space around text. Quote text: ""Light returns."" centered, upper-middle.","violence, weapons, bruising, visible injury, drug use, drug paraphernalia, self-harm, police scenes, hospital or clinical crisis imagery, restraints, panic or extreme distress, gray shading, grayscale, color fills, photorealism, 3D render, distorted hands, extra fingers, malformed faces, stray text or watermarks, overcrowded composition, dense mandala fill, low contrast, broken or open outlines, childish cartoon style, ethnic stereotyping, costume-like exaggeration"
African American Winter 12,African American,Winter,12,Symbol page,TPL-05,Symbol Cluster Page,Medium,,Medium,"DOC SPEC: 8.5 x 11 inch portrait, 300 DPI, pure black line art on white, no shading, no grayscale, no color fills, all content inside a 0.375 inch safe margin.
SCENE: Mittens, candles, doves, hearts, and stars.
COMPOSITION (TPL-05 Symbol Cluster Page): 8-15 related motifs grouped in balanced clusters with breathing room between forms. Distributed clusters across the full page with one central anchor motif.
REPRESENTATION: no people, no figures, and no body parts anywhere on this page. Cultural character is carried by objects, textiles, plants, and pattern, never by a figure. Keep those details lived-in rather than costume-like.
SEASON (Winter): snow, quilts, lamps, cocoa, candles, indoor calm.
TONE: calm, hopeful, reflective, grounded, and supportive; relaxed posture, open hands, soft expressions.
LINE WORK: primary contours 0.75-1.25 pt, secondary detail 0.5-0.75 pt, at least two visibly distinct line weights, nothing below 0.5 pt, fully closed shapes suitable for coloring.
WHITE SPACE: Keep clean separations between motifs for easy coloring.
TEXT: none. The page must contain no lettering of any kind.
NEGATIVE: violence, weapons, bruising, visible injury, drug use, drug paraphernalia, self-harm, police scenes, hospital or clinical crisis imagery, restraints, panic or extreme distress, gray shading, grayscale, color fills, photorealism, 3D render, distorted hands, extra fingers, malformed faces, stray text or watermarks, overcrowded composition, dense mandala fill, low contrast, broken or open outlines, childish cartoon style, ethnic stereotyping, costume-like exaggeration.","Black-and-white printable adult coloring page, 8.5 x 11 inch portrait, 300 DPI, pure black line art on white, no shading, no grayscale, no color fills, all content inside a 0.375 inch safe margin. Mittens, candles, doves, hearts, and stars. 8-15 related motifs grouped in balanced clusters with breathing room between forms. no people, no figures, and no body parts anywhere on this page. Cultural character is carried by objects, textiles, plants, and pattern, never by a figure. Keep those details lived-in rather than costume-like. Season cues: snow, quilts, lamps, cocoa, candles, indoor calm. Tone: calm, hopeful, reflective, grounded, and supportive; relaxed posture, open hands, soft expressions. Line work: primary contours 0.75-1.25 pt, secondary detail 0.5-0.75 pt, at least two visibly distinct line weights, nothing below 0.5 pt, fully closed shapes suitable for coloring. Keep clean separations between motifs for easy coloring. No text anywhere on the page.","violence, weapons, bruising, visible injury, drug use, drug paraphernalia, self-harm, police scenes, hospital or clinical crisis imagery, restraints, panic or extreme distress, gray shading, grayscale, color fills, photorealism, 3D render, distorted hands, extra fingers, malformed faces, stray text or watermarks, overcrowded composition, dense mandala fill, low contrast, broken or open outlines, childish cartoon style, ethnic stereotyping, costume-like exaggeration"
African American Winter 13,African American,Winter,13,Decorative page,TPL-10,Decorative Border & Pattern Page,Medium,,Medium,"DOC SPEC: 8.5 x 11 inch portrait, 300 DPI, pure black line art on white, no shading, no grayscale, no color fills, all content inside a 0.375 inch safe margin.
SCENE: Quilts, ornaments, stars, and calm lines.
COMPOSITION (TPL-10 Decorative Border & Pattern Page): Seasonal border or repeating pattern frame with 4-8 comfort objects set inside it; flatter and more graphic than a symbol cluster. Full-page border or corner frames; Center: object grouping; Background: restrained repeating pattern or open white.
REPRESENTATION: no people, no figures, and no body parts anywhere on this page. Cultural character is carried by objects, textiles, plants, and pattern, never by a figure. Keep those details lived-in rather than costume-like.
SEASON (Winter): snow, quilts, lamps, cocoa, candles, indoor calm.
TONE: calm, hopeful, reflective, grounded, and supportive; relaxed posture, open hands, soft expressions.
LINE WORK: primary contours 0.75-1.25 pt, secondary detail 0.5-0.75 pt, at least two visibly distinct line weights, nothing below 0.5 pt, fully closed shapes suitable for coloring.
WHITE SPACE: Keep the center open enough to read as a resting page; pattern supports, never fills.
TEXT: none. The page must contain no lettering of any kind.
NEGATIVE: violence, weapons, bruising, visible injury, drug use, drug paraphernalia, self-harm, police scenes, hospital or clinical crisis imagery, restraints, panic or extreme distress, gray shading, grayscale, color fills, photorealism, 3D render, distorted hands, extra fingers, malformed faces, stray text or watermarks, overcrowded composition, dense mandala fill, low contrast, broken or open outlines, childish cartoon style, ethnic stereotyping, costume-like exaggeration.","Black-and-white printable adult coloring page, 8.5 x 11 inch portrait, 300 DPI, pure black line art on white, no shading, no grayscale, no color fills, all content inside a 0.375 inch safe margin. Quilts, ornaments, stars, and calm lines. Seasonal border or repeating pattern frame with 4-8 comfort objects set inside it; flatter and more graphic than a symbol cluster. no people, no figures, and no body parts anywhere on this page. Cultural character is carried by objects, textiles, plants, and pattern, never by a figure. Keep those details lived-in rather than costume-like. Season cues: snow, quilts, lamps, cocoa, candles, indoor calm. Tone: calm, hopeful, reflective, grounded, and supportive; relaxed posture, open hands, soft expressions. Line work: primary contours 0.75-1.25 pt, secondary detail 0.5-0.75 pt, at least two visibly distinct line weights, nothing below 0.5 pt, fully closed shapes suitable for coloring. Keep the center open enough to read as a resting page; pattern supports, never fills. No text anywhere on the page.","violence, weapons, bruising, visible injury, drug use, drug paraphernalia, self-harm, police scenes, hospital or clinical crisis imagery, restraints, panic or extreme distress, gray shading, grayscale, color fills, photorealism, 3D render, distorted hands, extra fingers, malformed faces, stray text or watermarks, overcrowded composition, dense mandala fill, low contrast, broken or open outlines, childish cartoon style, ethnic stereotyping, costume-like exaggeration"
African American Winter 14,African American,Winter,14,Environment page,TPL-04,Healing Room Interior,Heavy,,High,"DOC SPEC: 8.5 x 11 inch portrait, 300 DPI, pure black line art on white, no shading, no grayscale, no color fills, all content inside a 0.375 inch safe margin.
SCENE: Bedroom retreat with soft lamp and heavy comforter.
COMPOSITION (TPL-04 Healing Room Interior): One interior room with strong furniture silhouette, layered comfort objects, single anchor light source or window. No people. Top: wall art or window; Center: bed, chair, or table anchor; Lower: rug, books, slippers, plants.
REPRESENTATION: no people, no figures, and no body parts anywhere on this page. Cultural character is carried by objects, textiles, plants, and pattern, never by a figure. Keep those details lived-in rather than costume-like.
SEASON (Winter): snow, quilts, lamps, cocoa, candles, indoor calm.
TONE: calm, hopeful, reflective, grounded, and supportive; relaxed posture, open hands, soft expressions.
LINE WORK: primary contours 0.75-1.25 pt, secondary detail 0.5-0.75 pt, at least two visibly distinct line weights, nothing below 0.5 pt, fully closed shapes suitable for coloring.
WHITE SPACE: Avoid filling every surface with pattern; leave floors and walls partially open.
TEXT: none. The page must contain no lettering of any kind.
NEGATIVE: violence, weapons, bruising, visible injury, drug use, drug paraphernalia, self-harm, police scenes, hospital or clinical crisis imagery, restraints, panic or extreme distress, gray shading, grayscale, color fills, photorealism, 3D render, distorted hands, extra fingers, malformed faces, stray text or watermarks, overcrowded composition, dense mandala fill, low contrast, broken or open outlines, childish cartoon style, ethnic stereotyping, costume-like exaggeration.","Black-and-white printable adult coloring page, 8.5 x 11 inch portrait, 300 DPI, pure black line art on white, no shading, no grayscale, no color fills, all content inside a 0.375 inch safe margin. Bedroom retreat with soft lamp and heavy comforter. One interior room with strong furniture silhouette, layered comfort objects, single anchor light source or window. No people. no people, no figures, and no body parts anywhere on this page. Cultural character is carried by objects, textiles, plants, and pattern, never by a figure. Keep those details lived-in rather than costume-like. Season cues: snow, quilts, lamps, cocoa, candles, indoor calm. Tone: calm, hopeful, reflective, grounded, and supportive; relaxed posture, open hands, soft expressions. Line work: primary contours 0.75-1.25 pt, secondary detail 0.5-0.75 pt, at least two visibly distinct line weights, nothing below 0.5 pt, fully closed shapes suitable for coloring. Avoid filling every surface with pattern; leave floors and walls partially open. No text anywhere on the page.","violence, weapons, bruising, visible injury, drug use, drug paraphernalia, self-harm, police scenes, hospital or clinical crisis imagery, restraints, panic or extreme distress, gray shading, grayscale, color fills, photorealism, 3D render, distorted hands, extra fingers, malformed faces, stray text or watermarks, overcrowded composition, dense mandala fill, low contrast, broken or open outlines, childish cartoon style, ethnic stereotyping, costume-like exaggeration"
African American Winter 15,African American,Winter,15,Environment page,TPL-04,Healing Room Interior,Heavy,,Medium,"DOC SPEC: 8.5 x 11 inch portrait, 300 DPI, pure black line art on white, no shading, no grayscale, no color fills, all content inside a 0.375 inch safe margin.
SCENE: Peaceful living room with tea table and books.
COMPOSITION (TPL-04 Healing Room Interior): One interior room with strong furniture silhouette, layered comfort objects, single anchor light source or window. No people. Top: wall art or window; Center: bed, chair, or table anchor; Lower: rug, books, slippers, plants.
REPRESENTATION: no people, no figures, and no body parts anywhere on this page. Cultural character is carried by objects, textiles, plants, and pattern, never by a figure. Keep those details lived-in rather than costume-like.
SEASON (Winter): snow, quilts, lamps, cocoa, candles, indoor calm.
TONE: calm, hopeful, reflective, grounded, and supportive; relaxed posture, open hands, soft expressions.
LINE WORK: primary contours 0.75-1.25 pt, secondary detail 0.5-0.75 pt, at least two visibly distinct line weights, nothing below 0.5 pt, fully closed shapes suitable for coloring.
WHITE SPACE: Avoid filling every surface with pattern; leave floors and walls partially open.
VARIATION: Use 2 of TPL-04 in this book — change the room and anchor furniture: bed vs armchair vs table, and move the light source.
TEXT: none. The page must contain no lettering of any kind.
NEGATIVE: violence, weapons, bruising, visible injury, drug use, drug paraphernalia, self-harm, police scenes, hospital or clinical crisis imagery, restraints, panic or extreme distress, gray shading, grayscale, color fills, photorealism, 3D render, distorted hands, extra fingers, malformed faces, stray text or watermarks, overcrowded composition, dense mandala fill, low contrast, broken or open outlines, childish cartoon style, ethnic stereotyping, costume-like exaggeration.","Black-and-white printable adult coloring page, 8.5 x 11 inch portrait, 300 DPI, pure black line art on white, no shading, no grayscale, no color fills, all content inside a 0.375 inch safe margin. Peaceful living room with tea table and books. One interior room with strong furniture silhouette, layered comfort objects, single anchor light source or window. No people. no people, no figures, and no body parts anywhere on this page. Cultural character is carried by objects, textiles, plants, and pattern, never by a figure. Keep those details lived-in rather than costume-like. Season cues: snow, quilts, lamps, cocoa, candles, indoor calm. Tone: calm, hopeful, reflective, grounded, and supportive; relaxed posture, open hands, soft expressions. Line work: primary contours 0.75-1.25 pt, secondary detail 0.5-0.75 pt, at least two visibly distinct line weights, nothing below 0.5 pt, fully closed shapes suitable for coloring. Avoid filling every surface with pattern; leave floors and walls partially open. No text anywhere on the page.","violence, weapons, bruising, visible injury, drug use, drug paraphernalia, self-harm, police scenes, hospital or clinical crisis imagery, restraints, panic or extreme distress, gray shading, grayscale, color fills, photorealism, 3D render, distorted hands, extra fingers, malformed faces, stray text or watermarks, overcrowded composition, dense mandala fill, low contrast, broken or open outlines, childish cartoon style, ethnic stereotyping, costume-like exaggeration"
Hispanic Spring 01,Hispanic,Spring,01,Solo portrait,TPL-08,Window + Journal Reflection,Medium,,High,"DOC SPEC: 8.5 x 11 inch portrait, 300 DPI, pure black line art on white, no shading, no grayscale, no color fills, all content inside a 0.375 inch safe margin.
SCENE: Latina woman journaling near flowers and open curtains.
COMPOSITION (TPL-08 Window + Journal Reflection): Person seated indoors at a window with a journal, mug, or book; the outside view simplified to weather and one or two shapes; indoor comfort props nearby. Top: window frame and weather; Center: seated figure; Lower: blanket, book, mug, plant.
REPRESENTATION: Hispanic figures with varied skin tones and hair textures, warm family framing, and culturally familiar domestic details. Natural proportions. No stereotypes, no costume-like exaggeration, no tokenism.
SEASON (Spring): flowers, rain, fresh air, journals, new beginnings.
TONE: calm, hopeful, reflective, grounded, and supportive; relaxed posture, open hands, soft expressions.
LINE WORK: primary contours 0.75-1.25 pt, secondary detail 0.5-0.75 pt, at least two visibly distinct line weights, nothing below 0.5 pt, fully closed shapes suitable for coloring.
WHITE SPACE: The window view should stay simple and not compete with the figure.
TEXT: none. The page must contain no lettering of any kind.
NEGATIVE: violence, weapons, bruising, visible injury, drug use, drug paraphernalia, self-harm, police scenes, hospital or clinical crisis imagery, restraints, panic or extreme distress, gray shading, grayscale, color fills, photorealism, 3D render, distorted hands, extra fingers, malformed faces, stray text or watermarks, overcrowded composition, dense mandala fill, low contrast, broken or open outlines, childish cartoon style, ethnic stereotyping, costume-like exaggeration.","Black-and-white printable adult coloring page, 8.5 x 11 inch portrait, 300 DPI, pure black line art on white, no shading, no grayscale, no color fills, all content inside a 0.375 inch safe margin. Latina woman journaling near flowers and open curtains. Person seated indoors at a window with a journal, mug, or book; the outside view simplified to weather and one or two shapes; indoor comfort props nearby. Hispanic figures with varied skin tones and hair textures, warm family framing, and culturally familiar domestic details. Season cues: flowers, rain, fresh air, journals, new beginnings. Tone: calm, hopeful, reflective, grounded, and supportive; relaxed posture, open hands, soft expressions. Line work: primary contours 0.75-1.25 pt, secondary detail 0.5-0.75 pt, at least two visibly distinct line weights, nothing below 0.5 pt, fully closed shapes suitable for coloring. The window view should stay simple and not compete with the figure. No text anywhere on the page.","violence, weapons, bruising, visible injury, drug use, drug paraphernalia, self-harm, police scenes, hospital or clinical crisis imagery, restraints, panic or extreme distress, gray shading, grayscale, color fills, photorealism, 3D render, distorted hands, extra fingers, malformed faces, stray text or watermarks, overcrowded composition, dense mandala fill, low contrast, broken or open outlines, childish cartoon style, ethnic stereotyping, costume-like exaggeration"
Hispanic Spring 02,Hispanic,Spring,02,Solo portrait,TPL-06,Walking Reflection Scene,Light-Medium,,Medium,"DOC SPEC: 8.5 x 11 inch portrait, 300 DPI, pure black line art on white, no shading, no grayscale, no color fills, all content inside a 0.375 inch safe margin.
SCENE: Latino man walking after dawn with peaceful expression.
COMPOSITION (TPL-06 Walking Reflection Scene): Single figure outdoors on a path, sidewalk, trail, dock, or shoreline with calm background depth and limited environmental clutter. Top: sky, trees, or buildings minimal; Center: figure; Lower: path, leaves, water, flowers, pavement texture.
REPRESENTATION: Hispanic figures with varied skin tones and hair textures, warm family framing, and culturally familiar domestic details. Natural proportions. No stereotypes, no costume-like exaggeration, no tokenism.
SEASON (Spring): flowers, rain, fresh air, journals, new beginnings.
TONE: calm, hopeful, reflective, grounded, and supportive; relaxed posture, open hands, soft expressions.
LINE WORK: primary contours 0.75-1.25 pt, secondary detail 0.5-0.75 pt, at least two visibly distinct line weights, nothing below 0.5 pt, fully closed shapes suitable for coloring.
WHITE SPACE: Keep large sky and path zones open to avoid density.
TEXT: none. The page must contain no lettering of any kind.
NEGATIVE: violence, weapons, bruising, visible injury, drug use, drug paraphernalia, self-harm, police scenes, hospital or clinical crisis imagery, restraints, panic or extreme distress, gray shading, grayscale, color fills, photorealism, 3D render, distorted hands, extra fingers, malformed faces, stray text or watermarks, overcrowded composition, dense mandala fill, low contrast, broken or open outlines, childish cartoon style, ethnic stereotyping, costume-like exaggeration.","Black-and-white printable adult coloring page, 8.5 x 11 inch portrait, 300 DPI, pure black line art on white, no shading, no grayscale, no color fills, all content inside a 0.375 inch safe margin. Latino man walking after dawn with peaceful expression. Single figure outdoors on a path, sidewalk, trail, dock, or shoreline with calm background depth and limited environmental clutter. Hispanic figures with varied skin tones and hair textures, warm family framing, and culturally familiar domestic details. Season cues: flowers, rain, fresh air, journals, new beginnings. Tone: calm, hopeful, reflective, grounded, and supportive; relaxed posture, open hands, soft expressions. Line work: primary contours 0.75-1.25 pt, secondary detail 0.5-0.75 pt, at least two visibly distinct line weights, nothing below 0.5 pt, fully closed shapes suitable for coloring. Keep large sky and path zones open to avoid density. No text anywhere on the page.","violence, weapons, bruising, visible injury, drug use, drug paraphernalia, self-harm, police scenes, hospital or clinical crisis imagery, restraints, panic or extreme distress, gray shading, grayscale, color fills, photorealism, 3D render, distorted hands, extra fingers, malformed faces, stray text or watermarks, overcrowded composition, dense mandala fill, low contrast, broken or open outlines, childish cartoon style, ethnic stereotyping, costume-like exaggeration"
Hispanic Spring 03,Hispanic,Spring,03,Solo portrait,TPL-01,Solo Portrait Calm Scene,Medium,,High,"DOC SPEC: 8.5 x 11 inch portrait, 300 DPI, pure black line art on white, no shading, no grayscale, no color fills, all content inside a 0.375 inch safe margin.
SCENE: Young adult doing grounding exercise on patio.
COMPOSITION (TPL-01 Solo Portrait Calm Scene): One focal person centered slightly off-axis, 2-3 supporting props, light background context, open lower corners. Top: seasonal cues; Center: face/body focal point; Mid-lower: hands/object; Edges: light framing motifs.
REPRESENTATION: Hispanic figures with varied skin tones and hair textures, warm family framing, and culturally familiar domestic details. Natural proportions. No stereotypes, no costume-like exaggeration, no tokenism.
SEASON (Spring): flowers, rain, fresh air, journals, new beginnings.
TONE: calm, hopeful, reflective, grounded, and supportive; relaxed posture, open hands, soft expressions.
LINE WORK: primary contours 0.75-1.25 pt, secondary detail 0.5-0.75 pt, at least two visibly distinct line weights, nothing below 0.5 pt, fully closed shapes suitable for coloring.
WHITE SPACE: Leave 35-45 percent open colorable space.
TEXT: none. The page must contain no lettering of any kind.
NEGATIVE: violence, weapons, bruising, visible injury, drug use, drug paraphernalia, self-harm, police scenes, hospital or clinical crisis imagery, restraints, panic or extreme distress, gray shading, grayscale, color fills, photorealism, 3D render, distorted hands, extra fingers, malformed faces, stray text or watermarks, overcrowded composition, dense mandala fill, low contrast, broken or open outlines, childish cartoon style, ethnic stereotyping, costume-like exaggeration.","Black-and-white printable adult coloring page, 8.5 x 11 inch portrait, 300 DPI, pure black line art on white, no shading, no grayscale, no color fills, all content inside a 0.375 inch safe margin. Young adult doing grounding exercise on patio. One focal person centered slightly off-axis, 2-3 supporting props, light background context, open lower corners. Hispanic figures with varied skin tones and hair textures, warm family framing, and culturally familiar domestic details. Season cues: flowers, rain, fresh air, journals, new beginnings. Tone: calm, hopeful, reflective, grounded, and supportive; relaxed posture, open hands, soft expressions. Line work: primary contours 0.75-1.25 pt, secondary detail 0.5-0.75 pt, at least two visibly distinct line weights, nothing below 0.5 pt, fully closed shapes suitable for coloring. Leave 35-45 percent open colorable space. No text anywhere on the page.","violence, weapons, bruising, visible injury, drug use, drug paraphernalia, self-harm, police scenes, hospital or clinical crisis imagery, restraints, panic or extreme distress, gray shading, grayscale, color fills, photorealism, 3D render, distorted hands, extra fingers, malformed faces, stray text or watermarks, overcrowded composition, dense mandala fill, low contrast, broken or open outlines, childish cartoon style, ethnic stereotyping, costume-like exaggeration"
Hispanic Spring 04,Hispanic,Spring,04,Solo portrait,TPL-01,Solo Portrait Calm Scene,Medium,,High,"DOC SPEC: 8.5 x 11 inch portrait, 300 DPI, pure black line art on white, no shading, no grayscale, no color fills, all content inside a 0.375 inch safe margin.
SCENE: Woman with tea and blanket embracing rest.
COMPOSITION (TPL-01 Solo Portrait Calm Scene): One focal person centered slightly off-axis, 2-3 supporting props, light background context, open lower corners. Top: seasonal cues; Center: face/body focal point; Mid-lower: hands/object; Edges: light framing motifs.
REPRESENTATION: Hispanic figures with varied skin tones and hair textures, warm family framing, and culturally familiar domestic details. Natural proportions. No stereotypes, no costume-like exaggeration, no tokenism.
SEASON (Spring): flowers, rain, fresh air, journals, new beginnings.
TONE: calm, hopeful, reflective, grounded, and supportive; relaxed posture, open hands, soft expressions.
LINE WORK: primary contours 0.75-1.25 pt, secondary detail 0.5-0.75 pt, at least two visibly distinct line weights, nothing below 0.5 pt, fully closed shapes suitable for coloring.
WHITE SPACE: Leave 35-45 percent open colorable space.
VARIATION: Use 2 of TPL-01 in this book — change the viewpoint and prop cluster: seated vs standing, three-quarter vs frontal, and a different anchor object.
TEXT: none. The page must contain no lettering of any kind.
NEGATIVE: violence, weapons, bruising, visible injury, drug use, drug paraphernalia, self-harm, police scenes, hospital or clinical crisis imagery, restraints, panic or extreme distress, gray shading, grayscale, color fills, photorealism, 3D render, distorted hands, extra fingers, malformed faces, stray text or watermarks, overcrowded composition, dense mandala fill, low contrast, broken or open outlines, childish cartoon style, ethnic stereotyping, costume-like exaggeration.","Black-and-white printable adult coloring page, 8.5 x 11 inch portrait, 300 DPI, pure black line art on white, no shading, no grayscale, no color fills, all content inside a 0.375 inch safe margin. Woman with tea and blanket embracing rest. One focal person centered slightly off-axis, 2-3 supporting props, light background context, open lower corners. Hispanic figures with varied skin tones and hair textures, warm family framing, and culturally familiar domestic details. Season cues: flowers, rain, fresh air, journals, new beginnings. Tone: calm, hopeful, reflective, grounded, and supportive; relaxed posture, open hands, soft expressions. Line work: primary contours 0.75-1.25 pt, secondary detail 0.5-0.75 pt, at least two visibly distinct line weights, nothing below 0.5 pt, fully closed shapes suitable for coloring. Leave 35-45 percent open colorable space. No text anywhere on the page.","violence, weapons, bruising, visible injury, drug use, drug paraphernalia, self-harm, police scenes, hospital or clinical crisis imagery, restraints, panic or extreme distress, gray shading, grayscale, color fills, photorealism, 3D render, distorted hands, extra fingers, malformed faces, stray text or watermarks, overcrowded composition, dense mandala fill, low contrast, broken or open outlines, childish cartoon style, ethnic stereotyping, costume-like exaggeration"
Hispanic Spring 05,Hispanic,Spring,05,Community scene,TPL-02,Support Circle Scene,Heavy,,High,"DOC SPEC: 8.5 x 11 inch portrait, 300 DPI, pure black line art on white, no shading, no grayscale, no color fills, all content inside a 0.375 inch safe margin.
SCENE: Small support circle in a bright community room.
COMPOSITION (TPL-02 Support Circle Scene): 3-5 people in a curved or circular arrangement, one clear focal interaction, simple background geometry. Indoor variant uses simple room geometry; outdoor variant uses trees, park edge, or garden as a low-detail backdrop. Top: wall, window, banners, or tree line kept minimal; Center: group interaction; Bottom: chairs, floor, ground, grounding objects.
REPRESENTATION: Hispanic figures with varied skin tones and hair textures, warm family framing, and culturally familiar domestic details. Natural proportions. No stereotypes, no costume-like exaggeration, no tokenism.
SEASON (Spring): flowers, rain, fresh air, journals, new beginnings.
TONE: calm, hopeful, reflective, grounded, and supportive; relaxed posture, open hands, soft expressions.
LINE WORK: primary contours 0.75-1.25 pt, secondary detail 0.5-0.75 pt, at least two visibly distinct line weights, nothing below 0.5 pt, fully closed shapes suitable for coloring.
WHITE SPACE: Keep background under 30 percent detail so figures stay readable.
TEXT: none. The page must contain no lettering of any kind.
NEGATIVE: violence, weapons, bruising, visible injury, drug use, drug paraphernalia, self-harm, police scenes, hospital or clinical crisis imagery, restraints, panic or extreme distress, gray shading, grayscale, color fills, photorealism, 3D render, distorted hands, extra fingers, malformed faces, stray text or watermarks, overcrowded composition, dense mandala fill, low contrast, broken or open outlines, childish cartoon style, ethnic stereotyping, costume-like exaggeration.","Black-and-white printable adult coloring page, 8.5 x 11 inch portrait, 300 DPI, pure black line art on white, no shading, no grayscale, no color fills, all content inside a 0.375 inch safe margin. Small support circle in a bright community room. 3-5 people in a curved or circular arrangement, one clear focal interaction, simple background geometry. Indoor variant uses simple room geometry; outdoor variant uses trees, park edge, or garden as a low-detail backdrop. Hispanic figures with varied skin tones and hair textures, warm family framing, and culturally familiar domestic details. Season cues: flowers, rain, fresh air, journals, new beginnings. Tone: calm, hopeful, reflective, grounded, and supportive; relaxed posture, open hands, soft expressions. Line work: primary contours 0.75-1.25 pt, secondary detail 0.5-0.75 pt, at least two visibly distinct line weights, nothing below 0.5 pt, fully closed shapes suitable for coloring. Keep background under 30 percent detail so figures stay readable. No text anywhere on the page.","violence, weapons, bruising, visible injury, drug use, drug paraphernalia, self-harm, police scenes, hospital or clinical crisis imagery, restraints, panic or extreme distress, gray shading, grayscale, color fills, photorealism, 3D render, distorted hands, extra fingers, malformed faces, stray text or watermarks, overcrowded composition, dense mandala fill, low contrast, broken or open outlines, childish cartoon style, ethnic stereotyping, costume-like exaggeration"
Hispanic Spring 06,Hispanic,Spring,06,Community scene,TPL-07,Pair Conversation Scene,Medium,,Medium,"DOC SPEC: 8.5 x 11 inch portrait, 300 DPI, pure black line art on white, no shading, no grayscale, no color fills, all content inside a 0.375 inch safe margin.
SCENE: Mother and daughter tending a garden together.
COMPOSITION (TPL-07 Pair Conversation Scene): Exactly 2-3 figures in close, readable interaction: seated together, standing side by side, or walking together. Anchor is a porch railing, patio edge, park or city bench, kitchen or dining table, shop chair, or shared task. Top: plants, string lights, window, or tree line; Center: the two figures and their shared focus; Bottom: floorboards, table, bench, path, or ground.
REPRESENTATION: Hispanic figures with varied skin tones and hair textures, warm family framing, and culturally familiar domestic details. Natural proportions. No stereotypes, no costume-like exaggeration, no tokenism.
SEASON (Spring): flowers, rain, fresh air, journals, new beginnings.
TONE: calm, hopeful, reflective, grounded, and supportive; relaxed posture, open hands, soft expressions.
LINE WORK: primary contours 0.75-1.25 pt, secondary detail 0.5-0.75 pt, at least two visibly distinct line weights, nothing below 0.5 pt, fully closed shapes suitable for coloring.
WHITE SPACE: Keep railing, walls, table, and ground simple enough for color fill.
TEXT: none. The page must contain no lettering of any kind.
NEGATIVE: violence, weapons, bruising, visible injury, drug use, drug paraphernalia, self-harm, police scenes, hospital or clinical crisis imagery, restraints, panic or extreme distress, gray shading, grayscale, color fills, photorealism, 3D render, distorted hands, extra fingers, malformed faces, stray text or watermarks, overcrowded composition, dense mandala fill, low contrast, broken or open outlines, childish cartoon style, ethnic stereotyping, costume-like exaggeration.","Black-and-white printable adult coloring page, 8.5 x 11 inch portrait, 300 DPI, pure black line art on white, no shading, no grayscale, no color fills, all content inside a 0.375 inch safe margin. Mother and daughter tending a garden together. Exactly 2-3 figures in close, readable interaction: seated together, standing side by side, or walking together. Anchor is a porch railing, patio edge, park or city bench, kitchen or dining table, shop chair, or shared task. Hispanic figures with varied skin tones and hair textures, warm family framing, and culturally familiar domestic details. Season cues: flowers, rain, fresh air, journals, new beginnings. Tone: calm, hopeful, reflective, grounded, and supportive; relaxed posture, open hands, soft expressions. Line work: primary contours 0.75-1.25 pt, secondary detail 0.5-0.75 pt, at least two visibly distinct line weights, nothing below 0.5 pt, fully closed shapes suitable for coloring. Keep railing, walls, table, and ground simple enough for color fill. No text anywhere on the page.","violence, weapons, bruising, visible injury, drug use, drug paraphernalia, self-harm, police scenes, hospital or clinical crisis imagery, restraints, panic or extreme distress, gray shading, grayscale, color fills, photorealism, 3D render, distorted hands, extra fingers, malformed faces, stray text or watermarks, overcrowded composition, dense mandala fill, low contrast, broken or open outlines, childish cartoon style, ethnic stereotyping, costume-like exaggeration"
Hispanic Spring 07,Hispanic,Spring,07,Community scene,TPL-02,Support Circle Scene,Heavy,,Medium,"DOC SPEC: 8.5 x 11 inch portrait, 300 DPI, pure black line art on white, no shading, no grayscale, no color fills, all content inside a 0.375 inch safe margin.
SCENE: Family sharing breakfast with a calm home feeling.
COMPOSITION (TPL-02 Support Circle Scene): 3-5 people in a curved or circular arrangement, one clear focal interaction, simple background geometry. Indoor variant uses simple room geometry; outdoor variant uses trees, park edge, or garden as a low-detail backdrop. Top: wall, window, banners, or tree line kept minimal; Center: group interaction; Bottom: chairs, floor, ground, grounding objects.
REPRESENTATION: Hispanic figures with varied skin tones and hair textures, warm family framing, and culturally familiar domestic details. Natural proportions. No stereotypes, no costume-like exaggeration, no tokenism.
SEASON (Spring): flowers, rain, fresh air, journals, new beginnings.
TONE: calm, hopeful, reflective, grounded, and supportive; relaxed posture, open hands, soft expressions.
LINE WORK: primary contours 0.75-1.25 pt, secondary detail 0.5-0.75 pt, at least two visibly distinct line weights, nothing below 0.5 pt, fully closed shapes suitable for coloring.
WHITE SPACE: Keep background under 30 percent detail so figures stay readable.
VARIATION: Use 2 of TPL-02 in this book — change the seating geometry and eye level: open horseshoe vs closed ring, standing vs seated, and a different room or landscape anchor.
TEXT: none. The page must contain no lettering of any kind.
NEGATIVE: violence, weapons, bruising, visible injury, drug use, drug paraphernalia, self-harm, police scenes, hospital or clinical crisis imagery, restraints, panic or extreme distress, gray shading, grayscale, color fills, photorealism, 3D render, distorted hands, extra fingers, malformed faces, stray text or watermarks, overcrowded composition, dense mandala fill, low contrast, broken or open outlines, childish cartoon style, ethnic stereotyping, costume-like exaggeration.","Black-and-white printable adult coloring page, 8.5 x 11 inch portrait, 300 DPI, pure black line art on white, no shading, no grayscale, no color fills, all content inside a 0.375 inch safe margin. Family sharing breakfast with a calm home feeling. 3-5 people in a curved or circular arrangement, one clear focal interaction, simple background geometry. Indoor variant uses simple room geometry; outdoor variant uses trees, park edge, or garden as a low-detail backdrop. Hispanic figures with varied skin tones and hair textures, warm family framing, and culturally familiar domestic details. Season cues: flowers, rain, fresh air, journals, new beginnings. Tone: calm, hopeful, reflective, grounded, and supportive; relaxed posture, open hands, soft expressions. Line work: primary contours 0.75-1.25 pt, secondary detail 0.5-0.75 pt, at least two visibly distinct line weights, nothing below 0.5 pt, fully closed shapes suitable for coloring. Keep background under 30 percent detail so figures stay readable. No text anywhere on the page.","violence, weapons, bruising, visible injury, drug use, drug paraphernalia, self-harm, police scenes, hospital or clinical crisis imagery, restraints, panic or extreme distress, gray shading, grayscale, color fills, photorealism, 3D render, distorted hands, extra fingers, malformed faces, stray text or watermarks, overcrowded composition, dense mandala fill, low contrast, broken or open outlines, childish cartoon style, ethnic stereotyping, costume-like exaggeration"
Hispanic Spring 08,Hispanic,Spring,08,Community scene,TPL-07,Pair Conversation Scene,Medium,,High,"DOC SPEC: 8.5 x 11 inch portrait, 300 DPI, pure black line art on white, no shading, no grayscale, no color fills, all content inside a 0.375 inch safe margin.
SCENE: Two friends talking after a wellness group.
COMPOSITION (TPL-07 Pair Conversation Scene): Exactly 2-3 figures in close, readable interaction: seated together, standing side by side, or walking together. Anchor is a porch railing, patio edge, park or city bench, kitchen or dining table, shop chair, or shared task. Top: plants, string lights, window, or tree line; Center: the two figures and their shared focus; Bottom: floorboards, table, bench, path, or ground.
REPRESENTATION: Hispanic figures with varied skin tones and hair textures, warm family framing, and culturally familiar domestic details. Natural proportions. No stereotypes, no costume-like exaggeration, no tokenism.
SEASON (Spring): flowers, rain, fresh air, journals, new beginnings.
TONE: calm, hopeful, reflective, grounded, and supportive; relaxed posture, open hands, soft expressions.
LINE WORK: primary contours 0.75-1.25 pt, secondary detail 0.5-0.75 pt, at least two visibly distinct line weights, nothing below 0.5 pt, fully closed shapes suitable for coloring.
WHITE SPACE: Keep railing, walls, table, and ground simple enough for color fill.
VARIATION: Use 2 of TPL-07 in this book — change the arrangement: side by side vs facing, seated vs walking, and a different shared object.
TEXT: none. The page must contain no lettering of any kind.
NEGATIVE: violence, weapons, bruising, visible injury, drug use, drug paraphernalia, self-harm, police scenes, hospital or clinical crisis imagery, restraints, panic or extreme distress, gray shading, grayscale, color fills, photorealism, 3D render, distorted hands, extra fingers, malformed faces, stray text or watermarks, overcrowded composition, dense mandala fill, low contrast, broken or open outlines, childish cartoon style, ethnic stereotyping, costume-like exaggeration.","Black-and-white printable adult coloring page, 8.5 x 11 inch portrait, 300 DPI, pure black line art on white, no shading, no grayscale, no color fills, all content inside a 0.375 inch safe margin. Two friends talking after a wellness group. Exactly 2-3 figures in close, readable interaction: seated together, standing side by side, or walking together. Anchor is a porch railing, patio edge, park or city bench, kitchen or dining table, shop chair, or shared task. Hispanic figures with varied skin tones and hair textures, warm family framing, and culturally familiar domestic details. Season cues: flowers, rain, fresh air, journals, new beginnings. Tone: calm, hopeful, reflective, grounded, and supportive; relaxed posture, open hands, soft expressions. Line work: primary contours 0.75-1.25 pt, secondary detail 0.5-0.75 pt, at least two visibly distinct line weights, nothing below 0.5 pt, fully closed shapes suitable for coloring. Keep railing, walls, table, and ground simple enough for color fill. No text anywhere on the page.","violence, weapons, bruising, visible injury, drug use, drug paraphernalia, self-harm, police scenes, hospital or clinical crisis imagery, restraints, panic or extreme distress, gray shading, grayscale, color fills, photorealism, 3D render, distorted hands, extra fingers, malformed faces, stray text or watermarks, overcrowded composition, dense mandala fill, low contrast, broken or open outlines, childish cartoon style, ethnic stereotyping, costume-like exaggeration"
Hispanic Spring 09,Hispanic,Spring,09,Quote page,TPL-03,Quote Page Framed Border,Light,Un día a la vez.,High,"DOC SPEC: 8.5 x 11 inch portrait, 300 DPI, pure black line art on white, no shading, no grayscale, no color fills, all content inside a 0.375 inch safe margin.
SCENE: Floral border.
COMPOSITION (TPL-03 Quote Page Framed Border): Short centered quote with wide margins and seasonal border motifs on 2-4 sides. Top-third: quote; Outer frame: florals and symbols; Corners: accent clusters; Center whitespace preserved.
REPRESENTATION: no people, no figures, and no body parts anywhere on this page. Cultural character is carried by objects, textiles, plants, and pattern, never by a figure. Keep those details lived-in rather than costume-like.
SEASON (Spring): flowers, rain, fresh air, journals, new beginnings.
TONE: calm, hopeful, reflective, grounded, and supportive; relaxed posture, open hands, soft expressions.
LINE WORK: primary contours 0.75-1.25 pt, secondary detail 0.5-0.75 pt, at least two visibly distinct line weights, nothing below 0.5 pt, fully closed shapes suitable for coloring.
WHITE SPACE: Preserve at least 50 percent open space around text.
QUOTE TEXT: ""Un día a la vez."" Set centered in the upper-middle in a clean serif, well inside the safe margin. This is the only text on the page. The quote is Spanish. Reproduce every accent exactly and verify it against the tracker before export.
NEGATIVE: violence, weapons, bruising, visible injury, drug use, drug paraphernalia, self-harm, police scenes, hospital or clinical crisis imagery, restraints, panic or extreme distress, gray shading, grayscale, color fills, photorealism, 3D render, distorted hands, extra fingers, malformed faces, stray text or watermarks, overcrowded composition, dense mandala fill, low contrast, broken or open outlines, childish cartoon style, ethnic stereotyping, costume-like exaggeration.","Black-and-white printable adult coloring page, 8.5 x 11 inch portrait, 300 DPI, pure black line art on white, no shading, no grayscale, no color fills, all content inside a 0.375 inch safe margin. Floral border. Short centered quote with wide margins and seasonal border motifs on 2-4 sides. no people, no figures, and no body parts anywhere on this page. Cultural character is carried by objects, textiles, plants, and pattern, never by a figure. Keep those details lived-in rather than costume-like. Season cues: flowers, rain, fresh air, journals, new beginnings. Tone: calm, hopeful, reflective, grounded, and supportive; relaxed posture, open hands, soft expressions. Line work: primary contours 0.75-1.25 pt, secondary detail 0.5-0.75 pt, at least two visibly distinct line weights, nothing below 0.5 pt, fully closed shapes suitable for coloring. Preserve at least 50 percent open space around text. Quote text: ""Un día a la vez."" centered, upper-middle.","violence, weapons, bruising, visible injury, drug use, drug paraphernalia, self-harm, police scenes, hospital or clinical crisis imagery, restraints, panic or extreme distress, gray shading, grayscale, color fills, photorealism, 3D render, distorted hands, extra fingers, malformed faces, stray text or watermarks, overcrowded composition, dense mandala fill, low contrast, broken or open outlines, childish cartoon style, ethnic stereotyping, costume-like exaggeration"
Hispanic Spring 10,Hispanic,Spring,10,Quote page,TPL-03,Quote Page Framed Border,Light,Estoy creciendo con esperanza.,High,"DOC SPEC: 8.5 x 11 inch portrait, 300 DPI, pure black line art on white, no shading, no grayscale, no color fills, all content inside a 0.375 inch safe margin.
SCENE: Butterflies and soft garden accents.
COMPOSITION (TPL-03 Quote Page Framed Border): Short centered quote with wide margins and seasonal border motifs on 2-4 sides. Top-third: quote; Outer frame: florals and symbols; Corners: accent clusters; Center whitespace preserved.
REPRESENTATION: no people, no figures, and no body parts anywhere on this page. Cultural character is carried by objects, textiles, plants, and pattern, never by a figure. Keep those details lived-in rather than costume-like.
SEASON (Spring): flowers, rain, fresh air, journals, new beginnings.
TONE: calm, hopeful, reflective, grounded, and supportive; relaxed posture, open hands, soft expressions.
LINE WORK: primary contours 0.75-1.25 pt, secondary detail 0.5-0.75 pt, at least two visibly distinct line weights, nothing below 0.5 pt, fully closed shapes suitable for coloring.
WHITE SPACE: Preserve at least 50 percent open space around text.
VARIATION: Use 2 of TPL-03 in this book — change the border family and quote placement: full frame vs two-corner vs top-and-bottom band.
QUOTE TEXT: ""Estoy creciendo con esperanza."" Set centered in the upper-middle in a clean serif, well inside the safe margin. This is the only text on the page. The quote is Spanish. Reproduce every accent exactly and verify it against the tracker before export.
NEGATIVE: violence, weapons, bruising, visible injury, drug use, drug paraphernalia, self-harm, police scenes, hospital or clinical crisis imagery, restraints, panic or extreme distress, gray shading, grayscale, color fills, photorealism, 3D render, distorted hands, extra fingers, malformed faces, stray text or watermarks, overcrowded composition, dense mandala fill, low contrast, broken or open outlines, childish cartoon style, ethnic stereotyping, costume-like exaggeration.","Black-and-white printable adult coloring page, 8.5 x 11 inch portrait, 300 DPI, pure black line art on white, no shading, no grayscale, no color fills, all content inside a 0.375 inch safe margin. Butterflies and soft garden accents. Short centered quote with wide margins and seasonal border motifs on 2-4 sides. no people, no figures, and no body parts anywhere on this page. Cultural character is carried by objects, textiles, plants, and pattern, never by a figure. Keep those details lived-in rather than costume-like. Season cues: flowers, rain, fresh air, journals, new beginnings. Tone: calm, hopeful, reflective, grounded, and supportive; relaxed posture, open hands, soft expressions. Line work: primary contours 0.75-1.25 pt, secondary detail 0.5-0.75 pt, at least two visibly distinct line weights, nothing below 0.5 pt, fully closed shapes suitable for coloring. Preserve at least 50 percent open space around text. Quote text: ""Estoy creciendo con esperanza."" centered, upper-middle.","violence, weapons, bruising, visible injury, drug use, drug paraphernalia, self-harm, police scenes, hospital or clinical crisis imagery, restraints, panic or extreme distress, gray shading, grayscale, color fills, photorealism, 3D render, distorted hands, extra fingers, malformed faces, stray text or watermarks, overcrowded composition, dense mandala fill, low contrast, broken or open outlines, childish cartoon style, ethnic stereotyping, costume-like exaggeration"
Hispanic Spring 11,Hispanic,Spring,11,Quote page,TPL-03,Quote Page Framed Border,Light,Mi paz importa.,Medium,"DOC SPEC: 8.5 x 11 inch portrait, 300 DPI, pure black line art on white, no shading, no grayscale, no color fills, all content inside a 0.375 inch safe margin.
SCENE: Rain, blossoms, and soft linework.
COMPOSITION (TPL-03 Quote Page Framed Border): Short centered quote with wide margins and seasonal border motifs on 2-4 sides. Top-third: quote; Outer frame: florals and symbols; Corners: accent clusters; Center whitespace preserved.
REPRESENTATION: no people, no figures, and no body parts anywhere on this page. Cultural character is carried by objects, textiles, plants, and pattern, never by a figure. Keep those details lived-in rather than costume-like.
SEASON (Spring): flowers, rain, fresh air, journals, new beginnings.
TONE: calm, hopeful, reflective, grounded, and supportive; relaxed posture, open hands, soft expressions.
LINE WORK: primary contours 0.75-1.25 pt, secondary detail 0.5-0.75 pt, at least two visibly distinct line weights, nothing below 0.5 pt, fully closed shapes suitable for coloring.
WHITE SPACE: Preserve at least 50 percent open space around text.
VARIATION: Use 3 of TPL-03 in this book — change the border family and quote placement: full frame vs two-corner vs top-and-bottom band.
QUOTE TEXT: ""Mi paz importa."" Set centered in the upper-middle in a clean serif, well inside the safe margin. This is the only text on the page. The quote is Spanish. Reproduce every accent exactly and verify it against the tracker before export.
NEGATIVE: violence, weapons, bruising, visible injury, drug use, drug paraphernalia, self-harm, police scenes, hospital or clinical crisis imagery, restraints, panic or extreme distress, gray shading, grayscale, color fills, photorealism, 3D render, distorted hands, extra fingers, malformed faces, stray text or watermarks, overcrowded composition, dense mandala fill, low contrast, broken or open outlines, childish cartoon style, ethnic stereotyping, costume-like exaggeration.","Black-and-white printable adult coloring page, 8.5 x 11 inch portrait, 300 DPI, pure black line art on white, no shading, no grayscale, no color fills, all content inside a 0.375 inch safe margin. Rain, blossoms, and soft linework. Short centered quote with wide margins and seasonal border motifs on 2-4 sides. no people, no figures, and no body parts anywhere on this page. Cultural character is carried by objects, textiles, plants, and pattern, never by a figure. Keep those details lived-in rather than costume-like. Season cues: flowers, rain, fresh air, journals, new beginnings. Tone: calm, hopeful, reflective, grounded, and supportive; relaxed posture, open hands, soft expressions. Line work: primary contours 0.75-1.25 pt, secondary detail 0.5-0.75 pt, at least two visibly distinct line weights, nothing below 0.5 pt, fully closed shapes suitable for coloring. Preserve at least 50 percent open space around text. Quote text: ""Mi paz importa."" centered, upper-middle.","violence, weapons, bruising, visible injury, drug use, drug paraphernalia, self-harm, police scenes, hospital or clinical crisis imagery, restraints, panic or extreme distress, gray shading, grayscale, color fills, photorealism, 3D render, distorted hands, extra fingers, malformed faces, stray text or watermarks, overcrowded composition, dense mandala fill, low contrast, broken or open outlines, childish cartoon style, ethnic stereotyping, costume-like exaggeration"
Hispanic Spring 12,Hispanic,Spring,12,Symbol page,TPL-05,Symbol Cluster Page,Medium,,Medium,"DOC SPEC: 8.5 x 11 inch portrait, 300 DPI, pure black line art on white, no shading, no grayscale, no color fills, all content inside a 0.375 inch safe margin.
SCENE: Flowers, hummingbirds, hearts, and sun motifs.
COMPOSITION (TPL-05 Symbol Cluster Page): 8-15 related motifs grouped in balanced clusters with breathing room between forms. Distributed clusters across the full page with one central anchor motif.
REPRESENTATION: no people, no figures, and no body parts anywhere on this page. Cultural character is carried by objects, textiles, plants, and pattern, never by a figure. Keep those details lived-in rather than costume-like.
SEASON (Spring): flowers, rain, fresh air, journals, new beginnings.
TONE: calm, hopeful, reflective, grounded, and supportive; relaxed posture, open hands, soft expressions.
LINE WORK: primary contours 0.75-1.25 pt, secondary detail 0.5-0.75 pt, at least two visibly distinct line weights, nothing below 0.5 pt, fully closed shapes suitable for coloring.
WHITE SPACE: Keep clean separations between motifs for easy coloring.
TEXT: none. The page must contain no lettering of any kind.
NEGATIVE: violence, weapons, bruising, visible injury, drug use, drug paraphernalia, self-harm, police scenes, hospital or clinical crisis imagery, restraints, panic or extreme distress, gray shading, grayscale, color fills, photorealism, 3D render, distorted hands, extra fingers, malformed faces, stray text or watermarks, overcrowded composition, dense mandala fill, low contrast, broken or open outlines, childish cartoon style, ethnic stereotyping, costume-like exaggeration.","Black-and-white printable adult coloring page, 8.5 x 11 inch portrait, 300 DPI, pure black line art on white, no shading, no grayscale, no color fills, all content inside a 0.375 inch safe margin. Flowers, hummingbirds, hearts, and sun motifs. 8-15 related motifs grouped in balanced clusters with breathing room between forms. no people, no figures, and no body parts anywhere on this page. Cultural character is carried by objects, textiles, plants, and pattern, never by a figure. Keep those details lived-in rather than costume-like. Season cues: flowers, rain, fresh air, journals, new beginnings. Tone: calm, hopeful, reflective, grounded, and supportive; relaxed posture, open hands, soft expressions. Line work: primary contours 0.75-1.25 pt, secondary detail 0.5-0.75 pt, at least two visibly distinct line weights, nothing below 0.5 pt, fully closed shapes suitable for coloring. Keep clean separations between motifs for easy coloring. No text anywhere on the page.","violence, weapons, bruising, visible injury, drug use, drug paraphernalia, self-harm, police scenes, hospital or clinical crisis imagery, restraints, panic or extreme distress, gray shading, grayscale, color fills, photorealism, 3D render, distorted hands, extra fingers, malformed faces, stray text or watermarks, overcrowded composition, dense mandala fill, low contrast, broken or open outlines, childish cartoon style, ethnic stereotyping, costume-like exaggeration"
Hispanic Spring 13,Hispanic,Spring,13,Decorative page,TPL-10,Decorative Border & Pattern Page,Medium,,Medium,"DOC SPEC: 8.5 x 11 inch portrait, 300 DPI, pure black line art on white, no shading, no grayscale, no color fills, all content inside a 0.375 inch safe margin.
SCENE: Journal, tiled accents, and spring border.
COMPOSITION (TPL-10 Decorative Border & Pattern Page): Seasonal border or repeating pattern frame with 4-8 comfort objects set inside it; flatter and more graphic than a symbol cluster. Full-page border or corner frames; Center: object grouping; Background: restrained repeating pattern or open white.
REPRESENTATION: no people, no figures, and no body parts anywhere on this page. Cultural character is carried by objects, textiles, plants, and pattern, never by a figure. Keep those details lived-in rather than costume-like.
SEASON (Spring): flowers, rain, fresh air, journals, new beginnings.
TONE: calm, hopeful, reflective, grounded, and supportive; relaxed posture, open hands, soft expressions.
LINE WORK: primary contours 0.75-1.25 pt, secondary detail 0.5-0.75 pt, at least two visibly distinct line weights, nothing below 0.5 pt, fully closed shapes suitable for coloring.
WHITE SPACE: Keep the center open enough to read as a resting page; pattern supports, never fills.
TEXT: none. The page must contain no lettering of any kind.
NEGATIVE: violence, weapons, bruising, visible injury, drug use, drug paraphernalia, self-harm, police scenes, hospital or clinical crisis imagery, restraints, panic or extreme distress, gray shading, grayscale, color fills, photorealism, 3D render, distorted hands, extra fingers, malformed faces, stray text or watermarks, overcrowded composition, dense mandala fill, low contrast, broken or open outlines, childish cartoon style, ethnic stereotyping, costume-like exaggeration.","Black-and-white printable adult coloring page, 8.5 x 11 inch portrait, 300 DPI, pure black line art on white, no shading, no grayscale, no color fills, all content inside a 0.375 inch safe margin. Journal, tiled accents, and spring border. Seasonal border or repeating pattern frame with 4-8 comfort objects set inside it; flatter and more graphic than a symbol cluster. no people, no figures, and no body parts anywhere on this page. Cultural character is carried by objects, textiles, plants, and pattern, never by a figure. Keep those details lived-in rather than costume-like. Season cues: flowers, rain, fresh air, journals, new beginnings. Tone: calm, hopeful, reflective, grounded, and supportive; relaxed posture, open hands, soft expressions. Line work: primary contours 0.75-1.25 pt, secondary detail 0.5-0.75 pt, at least two visibly distinct line weights, nothing below 0.5 pt, fully closed shapes suitable for coloring. Keep the center open enough to read as a resting page; pattern supports, never fills. No text anywhere on the page.","violence, weapons, bruising, visible injury, drug use, drug paraphernalia, self-harm, police scenes, hospital or clinical crisis imagery, restraints, panic or extreme distress, gray shading, grayscale, color fills, photorealism, 3D render, distorted hands, extra fingers, malformed faces, stray text or watermarks, overcrowded composition, dense mandala fill, low contrast, broken or open outlines, childish cartoon style, ethnic stereotyping, costume-like exaggeration"
Hispanic Spring 14,Hispanic,Spring,14,Environment page,TPL-04,Healing Room Interior,Heavy,,High,"DOC SPEC: 8.5 x 11 inch portrait, 300 DPI, pure black line art on white, no shading, no grayscale, no color fills, all content inside a 0.375 inch safe margin.
SCENE: Calm bedroom with woven blanket and plants.
COMPOSITION (TPL-04 Healing Room Interior): One interior room with strong furniture silhouette, layered comfort objects, single anchor light source or window. No people. Top: wall art or window; Center: bed, chair, or table anchor; Lower: rug, books, slippers, plants.
REPRESENTATION: no people, no figures, and no body parts anywhere on this page. Cultural character is carried by objects, textiles, plants, and pattern, never by a figure. Keep those details lived-in rather than costume-like.
SEASON (Spring): flowers, rain, fresh air, journals, new beginnings.
TONE: calm, hopeful, reflective, grounded, and supportive; relaxed posture, open hands, soft expressions.
LINE WORK: primary contours 0.75-1.25 pt, secondary detail 0.5-0.75 pt, at least two visibly distinct line weights, nothing below 0.5 pt, fully closed shapes suitable for coloring.
WHITE SPACE: Avoid filling every surface with pattern; leave floors and walls partially open.
TEXT: none. The page must contain no lettering of any kind.
NEGATIVE: violence, weapons, bruising, visible injury, drug use, drug paraphernalia, self-harm, police scenes, hospital or clinical crisis imagery, restraints, panic or extreme distress, gray shading, grayscale, color fills, photorealism, 3D render, distorted hands, extra fingers, malformed faces, stray text or watermarks, overcrowded composition, dense mandala fill, low contrast, broken or open outlines, childish cartoon style, ethnic stereotyping, costume-like exaggeration.","Black-and-white printable adult coloring page, 8.5 x 11 inch portrait, 300 DPI, pure black line art on white, no shading, no grayscale, no color fills, all content inside a 0.375 inch safe margin. Calm bedroom with woven blanket and plants. One interior room with strong furniture silhouette, layered comfort objects, single anchor light source or window. No people. no people, no figures, and no body parts anywhere on this page. Cultural character is carried by objects, textiles, plants, and pattern, never by a figure. Keep those details lived-in rather than costume-like. Season cues: flowers, rain, fresh air, journals, new beginnings. Tone: calm, hopeful, reflective, grounded, and supportive; relaxed posture, open hands, soft expressions. Line work: primary contours 0.75-1.25 pt, secondary detail 0.5-0.75 pt, at least two visibly distinct line weights, nothing below 0.5 pt, fully closed shapes suitable for coloring. Avoid filling every surface with pattern; leave floors and walls partially open. No text anywhere on the page.","violence, weapons, bruising, visible injury, drug use, drug paraphernalia, self-harm, police scenes, hospital or clinical crisis imagery, restraints, panic or extreme distress, gray shading, grayscale, color fills, photorealism, 3D render, distorted hands, extra fingers, malformed faces, stray text or watermarks, overcrowded composition, dense mandala fill, low contrast, broken or open outlines, childish cartoon style, ethnic stereotyping, costume-like exaggeration"
Hispanic Spring 15,Hispanic,Spring,15,Environment page,TPL-09,Outdoor Sanctuary,Heavy,,Medium,"DOC SPEC: 8.5 x 11 inch portrait, 300 DPI, pure black line art on white, no shading, no grayscale, no color fills, all content inside a 0.375 inch safe margin.
SCENE: Courtyard or patio sanctuary scene.
COMPOSITION (TPL-09 Outdoor Sanctuary): One outdoor retreat space with a strong built anchor (patio, courtyard, balcony, garden bed) plus plants and seating. No people. Top: sky, string lights, pergola, or wall edge; Center: seating or planting anchor; Lower: paving, path, pots, ground plants.
REPRESENTATION: no people, no figures, and no body parts anywhere on this page. Cultural character is carried by objects, textiles, plants, and pattern, never by a figure. Keep those details lived-in rather than costume-like.
SEASON (Spring): flowers, rain, fresh air, journals, new beginnings.
TONE: calm, hopeful, reflective, grounded, and supportive; relaxed posture, open hands, soft expressions.
LINE WORK: primary contours 0.75-1.25 pt, secondary detail 0.5-0.75 pt, at least two visibly distinct line weights, nothing below 0.5 pt, fully closed shapes suitable for coloring.
WHITE SPACE: Keep sky, paving, and lawn zones broadly open; do not pattern every surface.
TEXT: none. The page must contain no lettering of any kind.
NEGATIVE: violence, weapons, bruising, visible injury, drug use, drug paraphernalia, self-harm, police scenes, hospital or clinical crisis imagery, restraints, panic or extreme distress, gray shading, grayscale, color fills, photorealism, 3D render, distorted hands, extra fingers, malformed faces, stray text or watermarks, overcrowded composition, dense mandala fill, low contrast, broken or open outlines, childish cartoon style, ethnic stereotyping, costume-like exaggeration.","Black-and-white printable adult coloring page, 8.5 x 11 inch portrait, 300 DPI, pure black line art on white, no shading, no grayscale, no color fills, all content inside a 0.375 inch safe margin. Courtyard or patio sanctuary scene. One outdoor retreat space with a strong built anchor (patio, courtyard, balcony, garden bed) plus plants and seating. No people. no people, no figures, and no body parts anywhere on this page. Cultural character is carried by objects, textiles, plants, and pattern, never by a figure. Keep those details lived-in rather than costume-like. Season cues: flowers, rain, fresh air, journals, new beginnings. Tone: calm, hopeful, reflective, grounded, and supportive; relaxed posture, open hands, soft expressions. Line work: primary contours 0.75-1.25 pt, secondary detail 0.5-0.75 pt, at least two visibly distinct line weights, nothing below 0.5 pt, fully closed shapes suitable for coloring. Keep sky, paving, and lawn zones broadly open; do not pattern every surface. No text anywhere on the page.","violence, weapons, bruising, visible injury, drug use, drug paraphernalia, self-harm, police scenes, hospital or clinical crisis imagery, restraints, panic or extreme distress, gray shading, grayscale, color fills, photorealism, 3D render, distorted hands, extra fingers, malformed faces, stray text or watermarks, overcrowded composition, dense mandala fill, low contrast, broken or open outlines, childish cartoon style, ethnic stereotyping, costume-like exaggeration"
Hispanic Summer 01,Hispanic,Summer,01,Solo portrait,TPL-01,Solo Portrait Calm Scene,Medium,,High,"DOC SPEC: 8.5 x 11 inch portrait, 300 DPI, pure black line art on white, no shading, no grayscale, no color fills, all content inside a 0.375 inch safe margin.
SCENE: Woman resting in sunlight with sketchbook.
COMPOSITION (TPL-01 Solo Portrait Calm Scene): One focal person centered slightly off-axis, 2-3 supporting props, light background context, open lower corners. Top: seasonal cues; Center: face/body focal point; Mid-lower: hands/object; Edges: light framing motifs.
REPRESENTATION: Hispanic figures with varied skin tones and hair textures, warm family framing, and culturally familiar domestic details. Natural proportions. No stereotypes, no costume-like exaggeration, no tokenism.
SEASON (Summer): sunlight, porches, gardens, walking paths, community warmth.
TONE: calm, hopeful, reflective, grounded, and supportive; relaxed posture, open hands, soft expressions.
LINE WORK: primary contours 0.75-1.25 pt, secondary detail 0.5-0.75 pt, at least two visibly distinct line weights, nothing below 0.5 pt, fully closed shapes suitable for coloring.
WHITE SPACE: Leave 35-45 percent open colorable space.
TEXT: none. The page must contain no lettering of any kind.
NEGATIVE: violence, weapons, bruising, visible injury, drug use, drug paraphernalia, self-harm, police scenes, hospital or clinical crisis imagery, restraints, panic or extreme distress, gray shading, grayscale, color fills, photorealism, 3D render, distorted hands, extra fingers, malformed faces, stray text or watermarks, overcrowded composition, dense mandala fill, low contrast, broken or open outlines, childish cartoon style, ethnic stereotyping, costume-like exaggeration.","Black-and-white printable adult coloring page, 8.5 x 11 inch portrait, 300 DPI, pure black line art on white, no shading, no grayscale, no color fills, all content inside a 0.375 inch safe margin. Woman resting in sunlight with sketchbook. One focal person centered slightly off-axis, 2-3 supporting props, light background context, open lower corners. Hispanic figures with varied skin tones and hair textures, warm family framing, and culturally familiar domestic details. Season cues: sunlight, porches, gardens, walking paths, community warmth. Tone: calm, hopeful, reflective, grounded, and supportive; relaxed posture, open hands, soft expressions. Line work: primary contours 0.75-1.25 pt, secondary detail 0.5-0.75 pt, at least two visibly distinct line weights, nothing below 0.5 pt, fully closed shapes suitable for coloring. Leave 35-45 percent open colorable space. No text anywhere on the page.","violence, weapons, bruising, visible injury, drug use, drug paraphernalia, self-harm, police scenes, hospital or clinical crisis imagery, restraints, panic or extreme distress, gray shading, grayscale, color fills, photorealism, 3D render, distorted hands, extra fingers, malformed faces, stray text or watermarks, overcrowded composition, dense mandala fill, low contrast, broken or open outlines, childish cartoon style, ethnic stereotyping, costume-like exaggeration"
Hispanic Summer 02,Hispanic,Summer,02,Solo portrait,TPL-06,Walking Reflection Scene,Light-Medium,,Medium,"DOC SPEC: 8.5 x 11 inch portrait, 300 DPI, pure black line art on white, no shading, no grayscale, no color fills, all content inside a 0.375 inch safe margin.
SCENE: Man on beachside boardwalk or riverside walk.
COMPOSITION (TPL-06 Walking Reflection Scene): Single figure outdoors on a path, sidewalk, trail, dock, or shoreline with calm background depth and limited environmental clutter. Top: sky, trees, or buildings minimal; Center: figure; Lower: path, leaves, water, flowers, pavement texture.
REPRESENTATION: Hispanic figures with varied skin tones and hair textures, warm family framing, and culturally familiar domestic details. Natural proportions. No stereotypes, no costume-like exaggeration, no tokenism.
SEASON (Summer): sunlight, porches, gardens, walking paths, community warmth.
TONE: calm, hopeful, reflective, grounded, and supportive; relaxed posture, open hands, soft expressions.
LINE WORK: primary contours 0.75-1.25 pt, secondary detail 0.5-0.75 pt, at least two visibly distinct line weights, nothing below 0.5 pt, fully closed shapes suitable for coloring.
WHITE SPACE: Keep large sky and path zones open to avoid density.
TEXT: none. The page must contain no lettering of any kind.
NEGATIVE: violence, weapons, bruising, visible injury, drug use, drug paraphernalia, self-harm, police scenes, hospital or clinical crisis imagery, restraints, panic or extreme distress, gray shading, grayscale, color fills, photorealism, 3D render, distorted hands, extra fingers, malformed faces, stray text or watermarks, overcrowded composition, dense mandala fill, low contrast, broken or open outlines, childish cartoon style, ethnic stereotyping, costume-like exaggeration.","Black-and-white printable adult coloring page, 8.5 x 11 inch portrait, 300 DPI, pure black line art on white, no shading, no grayscale, no color fills, all content inside a 0.375 inch safe margin. Man on beachside boardwalk or riverside walk. Single figure outdoors on a path, sidewalk, trail, dock, or shoreline with calm background depth and limited environmental clutter. Hispanic figures with varied skin tones and hair textures, warm family framing, and culturally familiar domestic details. Season cues: sunlight, porches, gardens, walking paths, community warmth. Tone: calm, hopeful, reflective, grounded, and supportive; relaxed posture, open hands, soft expressions. Line work: primary contours 0.75-1.25 pt, secondary detail 0.5-0.75 pt, at least two visibly distinct line weights, nothing below 0.5 pt, fully closed shapes suitable for coloring. Keep large sky and path zones open to avoid density. No text anywhere on the page.","violence, weapons, bruising, visible injury, drug use, drug paraphernalia, self-harm, police scenes, hospital or clinical crisis imagery, restraints, panic or extreme distress, gray shading, grayscale, color fills, photorealism, 3D render, distorted hands, extra fingers, malformed faces, stray text or watermarks, overcrowded composition, dense mandala fill, low contrast, broken or open outlines, childish cartoon style, ethnic stereotyping, costume-like exaggeration"
Hispanic Summer 03,Hispanic,Summer,03,Solo portrait,TPL-01,Solo Portrait Calm Scene,Medium,,High,"DOC SPEC: 8.5 x 11 inch portrait, 300 DPI, pure black line art on white, no shading, no grayscale, no color fills, all content inside a 0.375 inch safe margin.
SCENE: Young adult stretching in a bright backyard.
COMPOSITION (TPL-01 Solo Portrait Calm Scene): One focal person centered slightly off-axis, 2-3 supporting props, light background context, open lower corners. Top: seasonal cues; Center: face/body focal point; Mid-lower: hands/object; Edges: light framing motifs.
REPRESENTATION: Hispanic figures with varied skin tones and hair textures, warm family framing, and culturally familiar domestic details. Natural proportions. No stereotypes, no costume-like exaggeration, no tokenism.
SEASON (Summer): sunlight, porches, gardens, walking paths, community warmth.
TONE: calm, hopeful, reflective, grounded, and supportive; relaxed posture, open hands, soft expressions.
LINE WORK: primary contours 0.75-1.25 pt, secondary detail 0.5-0.75 pt, at least two visibly distinct line weights, nothing below 0.5 pt, fully closed shapes suitable for coloring.
WHITE SPACE: Leave 35-45 percent open colorable space.
VARIATION: Use 2 of TPL-01 in this book — change the viewpoint and prop cluster: seated vs standing, three-quarter vs frontal, and a different anchor object.
TEXT: none. The page must contain no lettering of any kind.
NEGATIVE: violence, weapons, bruising, visible injury, drug use, drug paraphernalia, self-harm, police scenes, hospital or clinical crisis imagery, restraints, panic or extreme distress, gray shading, grayscale, color fills, photorealism, 3D render, distorted hands, extra fingers, malformed faces, stray text or watermarks, overcrowded composition, dense mandala fill, low contrast, broken or open outlines, childish cartoon style, ethnic stereotyping, costume-like exaggeration.","Black-and-white printable adult coloring page, 8.5 x 11 inch portrait, 300 DPI, pure black line art on white, no shading, no grayscale, no color fills, all content inside a 0.375 inch safe margin. Young adult stretching in a bright backyard. One focal person centered slightly off-axis, 2-3 supporting props, light background context, open lower corners. Hispanic figures with varied skin tones and hair textures, warm family framing, and culturally familiar domestic details. Season cues: sunlight, porches, gardens, walking paths, community warmth. Tone: calm, hopeful, reflective, grounded, and supportive; relaxed posture, open hands, soft expressions. Line work: primary contours 0.75-1.25 pt, secondary detail 0.5-0.75 pt, at least two visibly distinct line weights, nothing below 0.5 pt, fully closed shapes suitable for coloring. Leave 35-45 percent open colorable space. No text anywhere on the page.","violence, weapons, bruising, visible injury, drug use, drug paraphernalia, self-harm, police scenes, hospital or clinical crisis imagery, restraints, panic or extreme distress, gray shading, grayscale, color fills, photorealism, 3D render, distorted hands, extra fingers, malformed faces, stray text or watermarks, overcrowded composition, dense mandala fill, low contrast, broken or open outlines, childish cartoon style, ethnic stereotyping, costume-like exaggeration"
Hispanic Summer 04,Hispanic,Summer,04,Solo portrait,TPL-01,Solo Portrait Calm Scene,Medium,,Medium,"DOC SPEC: 8.5 x 11 inch portrait, 300 DPI, pure black line art on white, no shading, no grayscale, no color fills, all content inside a 0.375 inch safe margin.
SCENE: Woman laughing softly on shaded porch.
COMPOSITION (TPL-01 Solo Portrait Calm Scene): One focal person centered slightly off-axis, 2-3 supporting props, light background context, open lower corners. Top: seasonal cues; Center: face/body focal point; Mid-lower: hands/object; Edges: light framing motifs.
REPRESENTATION: Hispanic figures with varied skin tones and hair textures, warm family framing, and culturally familiar domestic details. Natural proportions. No stereotypes, no costume-like exaggeration, no tokenism.
SEASON (Summer): sunlight, porches, gardens, walking paths, community warmth.
TONE: calm, hopeful, reflective, grounded, and supportive; relaxed posture, open hands, soft expressions.
LINE WORK: primary contours 0.75-1.25 pt, secondary detail 0.5-0.75 pt, at least two visibly distinct line weights, nothing below 0.5 pt, fully closed shapes suitable for coloring.
WHITE SPACE: Leave 35-45 percent open colorable space.
VARIATION: Use 3 of TPL-01 in this book — change the viewpoint and prop cluster: seated vs standing, three-quarter vs frontal, and a different anchor object.
TEXT: none. The page must contain no lettering of any kind.
NEGATIVE: violence, weapons, bruising, visible injury, drug use, drug paraphernalia, self-harm, police scenes, hospital or clinical crisis imagery, restraints, panic or extreme distress, gray shading, grayscale, color fills, photorealism, 3D render, distorted hands, extra fingers, malformed faces, stray text or watermarks, overcrowded composition, dense mandala fill, low contrast, broken or open outlines, childish cartoon style, ethnic stereotyping, costume-like exaggeration.","Black-and-white printable adult coloring page, 8.5 x 11 inch portrait, 300 DPI, pure black line art on white, no shading, no grayscale, no color fills, all content inside a 0.375 inch safe margin. Woman laughing softly on shaded porch. One focal person centered slightly off-axis, 2-3 supporting props, light background context, open lower corners. Hispanic figures with varied skin tones and hair textures, warm family framing, and culturally familiar domestic details. Season cues: sunlight, porches, gardens, walking paths, community warmth. Tone: calm, hopeful, reflective, grounded, and supportive; relaxed posture, open hands, soft expressions. Line work: primary contours 0.75-1.25 pt, secondary detail 0.5-0.75 pt, at least two visibly distinct line weights, nothing below 0.5 pt, fully closed shapes suitable for coloring. Leave 35-45 percent open colorable space. No text anywhere on the page.","violence, weapons, bruising, visible injury, drug use, drug paraphernalia, self-harm, police scenes, hospital or clinical crisis imagery, restraints, panic or extreme distress, gray shading, grayscale, color fills, photorealism, 3D render, distorted hands, extra fingers, malformed faces, stray text or watermarks, overcrowded composition, dense mandala fill, low contrast, broken or open outlines, childish cartoon style, ethnic stereotyping, costume-like exaggeration"
Hispanic Summer 05,Hispanic,Summer,05,Community scene,TPL-02,Support Circle Scene,Heavy,,High,"DOC SPEC: 8.5 x 11 inch portrait, 300 DPI, pure black line art on white, no shading, no grayscale, no color fills, all content inside a 0.375 inch safe margin.
SCENE: Outdoor support group under trees.
COMPOSITION (TPL-02 Support Circle Scene): 3-5 people in a curved or circular arrangement, one clear focal interaction, simple background geometry. Indoor variant uses simple room geometry; outdoor variant uses trees, park edge, or garden as a low-detail backdrop. Top: wall, window, banners, or tree line kept minimal; Center: group interaction; Bottom: chairs, floor, ground, grounding objects.
REPRESENTATION: Hispanic figures with varied skin tones and hair textures, warm family framing, and culturally familiar domestic details. Natural proportions. No stereotypes, no costume-like exaggeration, no tokenism.
SEASON (Summer): sunlight, porches, gardens, walking paths, community warmth.
TONE: calm, hopeful, reflective, grounded, and supportive; relaxed posture, open hands, soft expressions.
LINE WORK: primary contours 0.75-1.25 pt, secondary detail 0.5-0.75 pt, at least two visibly distinct line weights, nothing below 0.5 pt, fully closed shapes suitable for coloring.
WHITE SPACE: Keep background under 30 percent detail so figures stay readable.
TEXT: none. The page must contain no lettering of any kind.
NEGATIVE: violence, weapons, bruising, visible injury, drug use, drug paraphernalia, self-harm, police scenes, hospital or clinical crisis imagery, restraints, panic or extreme distress, gray shading, grayscale, color fills, photorealism, 3D render, distorted hands, extra fingers, malformed faces, stray text or watermarks, overcrowded composition, dense mandala fill, low contrast, broken or open outlines, childish cartoon style, ethnic stereotyping, costume-like exaggeration.","Black-and-white printable adult coloring page, 8.5 x 11 inch portrait, 300 DPI, pure black line art on white, no shading, no grayscale, no color fills, all content inside a 0.375 inch safe margin. Outdoor support group under trees. 3-5 people in a curved or circular arrangement, one clear focal interaction, simple background geometry. Indoor variant uses simple room geometry; outdoor variant uses trees, park edge, or garden as a low-detail backdrop. Hispanic figures with varied skin tones and hair textures, warm family framing, and culturally familiar domestic details. Season cues: sunlight, porches, gardens, walking paths, community warmth. Tone: calm, hopeful, reflective, grounded, and supportive; relaxed posture, open hands, soft expressions. Line work: primary contours 0.75-1.25 pt, secondary detail 0.5-0.75 pt, at least two visibly distinct line weights, nothing below 0.5 pt, fully closed shapes suitable for coloring. Keep background under 30 percent detail so figures stay readable. No text anywhere on the page.","violence, weapons, bruising, visible injury, drug use, drug paraphernalia, self-harm, police scenes, hospital or clinical crisis imagery, restraints, panic or extreme distress, gray shading, grayscale, color fills, photorealism, 3D render, distorted hands, extra fingers, malformed faces, stray text or watermarks, overcrowded composition, dense mandala fill, low contrast, broken or open outlines, childish cartoon style, ethnic stereotyping, costume-like exaggeration"
Hispanic Summer 06,Hispanic,Summer,06,Community scene,TPL-02,Support Circle Scene,Heavy,,High,"DOC SPEC: 8.5 x 11 inch portrait, 300 DPI, pure black line art on white, no shading, no grayscale, no color fills, all content inside a 0.375 inch safe margin.
SCENE: Family cookout focused on reconnection and peace.
COMPOSITION (TPL-02 Support Circle Scene): 3-5 people in a curved or circular arrangement, one clear focal interaction, simple background geometry. Indoor variant uses simple room geometry; outdoor variant uses trees, park edge, or garden as a low-detail backdrop. Top: wall, window, banners, or tree line kept minimal; Center: group interaction; Bottom: chairs, floor, ground, grounding objects.
REPRESENTATION: Hispanic figures with varied skin tones and hair textures, warm family framing, and culturally familiar domestic details. Natural proportions. No stereotypes, no costume-like exaggeration, no tokenism.
SEASON (Summer): sunlight, porches, gardens, walking paths, community warmth.
TONE: calm, hopeful, reflective, grounded, and supportive; relaxed posture, open hands, soft expressions.
LINE WORK: primary contours 0.75-1.25 pt, secondary detail 0.5-0.75 pt, at least two visibly distinct line weights, nothing below 0.5 pt, fully closed shapes suitable for coloring.
WHITE SPACE: Keep background under 30 percent detail so figures stay readable.
VARIATION: Use 2 of TPL-02 in this book — change the seating geometry and eye level: open horseshoe vs closed ring, standing vs seated, and a different room or landscape anchor.
TEXT: none. The page must contain no lettering of any kind.
NEGATIVE: violence, weapons, bruising, visible injury, drug use, drug paraphernalia, self-harm, police scenes, hospital or clinical crisis imagery, restraints, panic or extreme distress, gray shading, grayscale, color fills, photorealism, 3D render, distorted hands, extra fingers, malformed faces, stray text or watermarks, overcrowded composition, dense mandala fill, low contrast, broken or open outlines, childish cartoon style, ethnic stereotyping, costume-like exaggeration.","Black-and-white printable adult coloring page, 8.5 x 11 inch portrait, 300 DPI, pure black line art on white, no shading, no grayscale, no color fills, all content inside a 0.375 inch safe margin. Family cookout focused on reconnection and peace. 3-5 people in a curved or circular arrangement, one clear focal interaction, simple background geometry. Indoor variant uses simple room geometry; outdoor variant uses trees, park edge, or garden as a low-detail backdrop. Hispanic figures with varied skin tones and hair textures, warm family framing, and culturally familiar domestic details. Season cues: sunlight, porches, gardens, walking paths, community warmth. Tone: calm, hopeful, reflective, grounded, and supportive; relaxed posture, open hands, soft expressions. Line work: primary contours 0.75-1.25 pt, secondary detail 0.5-0.75 pt, at least two visibly distinct line weights, nothing below 0.5 pt, fully closed shapes suitable for coloring. Keep background under 30 percent detail so figures stay readable. No text anywhere on the page.","violence, weapons, bruising, visible injury, drug use, drug paraphernalia, self-harm, police scenes, hospital or clinical crisis imagery, restraints, panic or extreme distress, gray shading, grayscale, color fills, photorealism, 3D render, distorted hands, extra fingers, malformed faces, stray text or watermarks, overcrowded composition, dense mandala fill, low contrast, broken or open outlines, childish cartoon style, ethnic stereotyping, costume-like exaggeration"
Hispanic Summer 07,Hispanic,Summer,07,Community scene,TPL-07,Pair Conversation Scene,Medium,,Medium,"DOC SPEC: 8.5 x 11 inch portrait, 300 DPI, pure black line art on white, no shading, no grayscale, no color fills, all content inside a 0.375 inch safe margin.
SCENE: Friends sharing aguas frescas and conversation.
COMPOSITION (TPL-07 Pair Conversation Scene): Exactly 2-3 figures in close, readable interaction: seated together, standing side by side, or walking together. Anchor is a porch railing, patio edge, park or city bench, kitchen or dining table, shop chair, or shared task. Top: plants, string lights, window, or tree line; Center: the two figures and their shared focus; Bottom: floorboards, table, bench, path, or ground.
REPRESENTATION: Hispanic figures with varied skin tones and hair textures, warm family framing, and culturally familiar domestic details. Natural proportions. No stereotypes, no costume-like exaggeration, no tokenism.
SEASON (Summer): sunlight, porches, gardens, walking paths, community warmth.
TONE: calm, hopeful, reflective, grounded, and supportive; relaxed posture, open hands, soft expressions.
LINE WORK: primary contours 0.75-1.25 pt, secondary detail 0.5-0.75 pt, at least two visibly distinct line weights, nothing below 0.5 pt, fully closed shapes suitable for coloring.
WHITE SPACE: Keep railing, walls, table, and ground simple enough for color fill.
TEXT: none. The page must contain no lettering of any kind.
NEGATIVE: violence, weapons, bruising, visible injury, drug use, drug paraphernalia, self-harm, police scenes, hospital or clinical crisis imagery, restraints, panic or extreme distress, gray shading, grayscale, color fills, photorealism, 3D render, distorted hands, extra fingers, malformed faces, stray text or watermarks, overcrowded composition, dense mandala fill, low contrast, broken or open outlines, childish cartoon style, ethnic stereotyping, costume-like exaggeration.","Black-and-white printable adult coloring page, 8.5 x 11 inch portrait, 300 DPI, pure black line art on white, no shading, no grayscale, no color fills, all content inside a 0.375 inch safe margin. Friends sharing aguas frescas and conversation. Exactly 2-3 figures in close, readable interaction: seated together, standing side by side, or walking together. Anchor is a porch railing, patio edge, park or city bench, kitchen or dining table, shop chair, or shared task. Hispanic figures with varied skin tones and hair textures, warm family framing, and culturally familiar domestic details. Season cues: sunlight, porches, gardens, walking paths, community warmth. Tone: calm, hopeful, reflective, grounded, and supportive; relaxed posture, open hands, soft expressions. Line work: primary contours 0.75-1.25 pt, secondary detail 0.5-0.75 pt, at least two visibly distinct line weights, nothing below 0.5 pt, fully closed shapes suitable for coloring. Keep railing, walls, table, and ground simple enough for color fill. No text anywhere on the page.","violence, weapons, bruising, visible injury, drug use, drug paraphernalia, self-harm, police scenes, hospital or clinical crisis imagery, restraints, panic or extreme distress, gray shading, grayscale, color fills, photorealism, 3D render, distorted hands, extra fingers, malformed faces, stray text or watermarks, overcrowded composition, dense mandala fill, low contrast, broken or open outlines, childish cartoon style, ethnic stereotyping, costume-like exaggeration"
Hispanic Summer 08,Hispanic,Summer,08,Community scene,TPL-07,Pair Conversation Scene,Medium,,Medium,"DOC SPEC: 8.5 x 11 inch portrait, 300 DPI, pure black line art on white, no shading, no grayscale, no color fills, all content inside a 0.375 inch safe margin.
SCENE: Elder offering encouragement to younger adult.
COMPOSITION (TPL-07 Pair Conversation Scene): Exactly 2-3 figures in close, readable interaction: seated together, standing side by side, or walking together. Anchor is a porch railing, patio edge, park or city bench, kitchen or dining table, shop chair, or shared task. Top: plants, string lights, window, or tree line; Center: the two figures and their shared focus; Bottom: floorboards, table, bench, path, or ground.
REPRESENTATION: Hispanic figures with varied skin tones and hair textures, warm family framing, and culturally familiar domestic details. Natural proportions. No stereotypes, no costume-like exaggeration, no tokenism.
SEASON (Summer): sunlight, porches, gardens, walking paths, community warmth.
TONE: calm, hopeful, reflective, grounded, and supportive; relaxed posture, open hands, soft expressions.
LINE WORK: primary contours 0.75-1.25 pt, secondary detail 0.5-0.75 pt, at least two visibly distinct line weights, nothing below 0.5 pt, fully closed shapes suitable for coloring.
WHITE SPACE: Keep railing, walls, table, and ground simple enough for color fill.
VARIATION: Use 2 of TPL-07 in this book — change the arrangement: side by side vs facing, seated vs walking, and a different shared object.
TEXT: none. The page must contain no lettering of any kind.
NEGATIVE: violence, weapons, bruising, visible injury, drug use, drug paraphernalia, self-harm, police scenes, hospital or clinical crisis imagery, restraints, panic or extreme distress, gray shading, grayscale, color fills, photorealism, 3D render, distorted hands, extra fingers, malformed faces, stray text or watermarks, overcrowded composition, dense mandala fill, low contrast, broken or open outlines, childish cartoon style, ethnic stereotyping, costume-like exaggeration.","Black-and-white printable adult coloring page, 8.5 x 11 inch portrait, 300 DPI, pure black line art on white, no shading, no grayscale, no color fills, all content inside a 0.375 inch safe margin. Elder offering encouragement to younger adult. Exactly 2-3 figures in close, readable interaction: seated together, standing side by side, or walking together. Anchor is a porch railing, patio edge, park or city bench, kitchen or dining table, shop chair, or shared task. Hispanic figures with varied skin tones and hair textures, warm family framing, and culturally familiar domestic details. Season cues: sunlight, porches, gardens, walking paths, community warmth. Tone: calm, hopeful, reflective, grounded, and supportive; relaxed posture, open hands, soft expressions. Line work: primary contours 0.75-1.25 pt, secondary detail 0.5-0.75 pt, at least two visibly distinct line weights, nothing below 0.5 pt, fully closed shapes suitable for coloring. Keep railing, walls, table, and ground simple enough for color fill. No text anywhere on the page.","violence, weapons, bruising, visible injury, drug use, drug paraphernalia, self-harm, police scenes, hospital or clinical crisis imagery, restraints, panic or extreme distress, gray shading, grayscale, color fills, photorealism, 3D render, distorted hands, extra fingers, malformed faces, stray text or watermarks, overcrowded composition, dense mandala fill, low contrast, broken or open outlines, childish cartoon style, ethnic stereotyping, costume-like exaggeration"
Hispanic Summer 09,Hispanic,Summer,09,Quote page,TPL-03,Quote Page Framed Border,Light,La sanación también puede tener alegría.,High,"DOC SPEC: 8.5 x 11 inch portrait, 300 DPI, pure black line art on white, no shading, no grayscale, no color fills, all content inside a 0.375 inch safe margin.
SCENE: Sun and summer warmth.
COMPOSITION (TPL-03 Quote Page Framed Border): Short centered quote with wide margins and seasonal border motifs on 2-4 sides. Top-third: quote; Outer frame: florals and symbols; Corners: accent clusters; Center whitespace preserved.
REPRESENTATION: no people, no figures, and no body parts anywhere on this page. Cultural character is carried by objects, textiles, plants, and pattern, never by a figure. Keep those details lived-in rather than costume-like.
SEASON (Summer): sunlight, porches, gardens, walking paths, community warmth.
TONE: calm, hopeful, reflective, grounded, and supportive; relaxed posture, open hands, soft expressions.
LINE WORK: primary contours 0.75-1.25 pt, secondary detail 0.5-0.75 pt, at least two visibly distinct line weights, nothing below 0.5 pt, fully closed shapes suitable for coloring.
WHITE SPACE: Preserve at least 50 percent open space around text.
QUOTE TEXT: ""La sanación también puede tener alegría."" Set centered in the upper-middle in a clean serif, well inside the safe margin. This is the only text on the page. The quote is Spanish. Reproduce every accent exactly and verify it against the tracker before export.
NEGATIVE: violence, weapons, bruising, visible injury, drug use, drug paraphernalia, self-harm, police scenes, hospital or clinical crisis imagery, restraints, panic or extreme distress, gray shading, grayscale, color fills, photorealism, 3D render, distorted hands, extra fingers, malformed faces, stray text or watermarks, overcrowded composition, dense mandala fill, low contrast, broken or open outlines, childish cartoon style, ethnic stereotyping, costume-like exaggeration.","Black-and-white printable adult coloring page, 8.5 x 11 inch portrait, 300 DPI, pure black line art on white, no shading, no grayscale, no color fills, all content inside a 0.375 inch safe margin. Sun and summer warmth. Short centered quote with wide margins and seasonal border motifs on 2-4 sides. no people, no figures, and no body parts anywhere on this page. Cultural character is carried by objects, textiles, plants, and pattern, never by a figure. Keep those details lived-in rather than costume-like. Season cues: sunlight, porches, gardens, walking paths, community warmth. Tone: calm, hopeful, reflective, grounded, and supportive; relaxed posture, open hands, soft expressions. Line work: primary contours 0.75-1.25 pt, secondary detail 0.5-0.75 pt, at least two visibly distinct line weights, nothing below 0.5 pt, fully closed shapes suitable for coloring. Preserve at least 50 percent open space around text. Quote text: ""La sanación también puede tener alegría."" centered, upper-middle.","violence, weapons, bruising, visible injury, drug use, drug paraphernalia, self-harm, police scenes, hospital or clinical crisis imagery, restraints, panic or extreme distress, gray shading, grayscale, color fills, photorealism, 3D render, distorted hands, extra fingers, malformed faces, stray text or watermarks, overcrowded composition, dense mandala fill, low contrast, broken or open outlines, childish cartoon style, ethnic stereotyping, costume-like exaggeration"
Hispanic Summer 10,Hispanic,Summer,10,Quote page,TPL-03,Quote Page Framed Border,Light,Sigo adelante.,High,"DOC SPEC: 8.5 x 11 inch portrait, 300 DPI, pure black line art on white, no shading, no grayscale, no color fills, all content inside a 0.375 inch safe margin.
SCENE: Bold sun accents.
COMPOSITION (TPL-03 Quote Page Framed Border): Short centered quote with wide margins and seasonal border motifs on 2-4 sides. Top-third: quote; Outer frame: florals and symbols; Corners: accent clusters; Center whitespace preserved.
REPRESENTATION: no people, no figures, and no body parts anywhere on this page. Cultural character is carried by objects, textiles, plants, and pattern, never by a figure. Keep those details lived-in rather than costume-like.
SEASON (Summer): sunlight, porches, gardens, walking paths, community warmth.
TONE: calm, hopeful, reflective, grounded, and supportive; relaxed posture, open hands, soft expressions.
LINE WORK: primary contours 0.75-1.25 pt, secondary detail 0.5-0.75 pt, at least two visibly distinct line weights, nothing below 0.5 pt, fully closed shapes suitable for coloring.
WHITE SPACE: Preserve at least 50 percent open space around text.
VARIATION: Use 2 of TPL-03 in this book — change the border family and quote placement: full frame vs two-corner vs top-and-bottom band.
QUOTE TEXT: ""Sigo adelante."" Set centered in the upper-middle in a clean serif, well inside the safe margin. This is the only text on the page. The quote is Spanish. Reproduce every accent exactly and verify it against the tracker before export.
NEGATIVE: violence, weapons, bruising, visible injury, drug use, drug paraphernalia, self-harm, police scenes, hospital or clinical crisis imagery, restraints, panic or extreme distress, gray shading, grayscale, color fills, photorealism, 3D render, distorted hands, extra fingers, malformed faces, stray text or watermarks, overcrowded composition, dense mandala fill, low contrast, broken or open outlines, childish cartoon style, ethnic stereotyping, costume-like exaggeration.","Black-and-white printable adult coloring page, 8.5 x 11 inch portrait, 300 DPI, pure black line art on white, no shading, no grayscale, no color fills, all content inside a 0.375 inch safe margin. Bold sun accents. Short centered quote with wide margins and seasonal border motifs on 2-4 sides. no people, no figures, and no body parts anywhere on this page. Cultural character is carried by objects, textiles, plants, and pattern, never by a figure. Keep those details lived-in rather than costume-like. Season cues: sunlight, porches, gardens, walking paths, community warmth. Tone: calm, hopeful, reflective, grounded, and supportive; relaxed posture, open hands, soft expressions. Line work: primary contours 0.75-1.25 pt, secondary detail 0.5-0.75 pt, at least two visibly distinct line weights, nothing below 0.5 pt, fully closed shapes suitable for coloring. Preserve at least 50 percent open space around text. Quote text: ""Sigo adelante."" centered, upper-middle.","violence, weapons, bruising, visible injury, drug use, drug paraphernalia, self-harm, police scenes, hospital or clinical crisis imagery, restraints, panic or extreme distress, gray shading, grayscale, color fills, photorealism, 3D render, distorted hands, extra fingers, malformed faces, stray text or watermarks, overcrowded composition, dense mandala fill, low contrast, broken or open outlines, childish cartoon style, ethnic stereotyping, costume-like exaggeration"
Hispanic Summer 11,Hispanic,Summer,11,Quote page,TPL-03,Quote Page Framed Border,Light,Hoy elijo calma.,High,"DOC SPEC: 8.5 x 11 inch portrait, 300 DPI, pure black line art on white, no shading, no grayscale, no color fills, all content inside a 0.375 inch safe margin.
SCENE: Open sky and calm space.
COMPOSITION (TPL-03 Quote Page Framed Border): Short centered quote with wide margins and seasonal border motifs on 2-4 sides. Top-third: quote; Outer frame: florals and symbols; Corners: accent clusters; Center whitespace preserved.
REPRESENTATION: no people, no figures, and no body parts anywhere on this page. Cultural character is carried by objects, textiles, plants, and pattern, never by a figure. Keep those details lived-in rather than costume-like.
SEASON (Summer): sunlight, porches, gardens, walking paths, community warmth.
TONE: calm, hopeful, reflective, grounded, and supportive; relaxed posture, open hands, soft expressions.
LINE WORK: primary contours 0.75-1.25 pt, secondary detail 0.5-0.75 pt, at least two visibly distinct line weights, nothing below 0.5 pt, fully closed shapes suitable for coloring.
WHITE SPACE: Preserve at least 50 percent open space around text.
VARIATION: Use 3 of TPL-03 in this book — change the border family and quote placement: full frame vs two-corner vs top-and-bottom band.
QUOTE TEXT: ""Hoy elijo calma."" Set centered in the upper-middle in a clean serif, well inside the safe margin. This is the only text on the page. The quote is Spanish. Reproduce every accent exactly and verify it against the tracker before export.
NEGATIVE: violence, weapons, bruising, visible injury, drug use, drug paraphernalia, self-harm, police scenes, hospital or clinical crisis imagery, restraints, panic or extreme distress, gray shading, grayscale, color fills, photorealism, 3D render, distorted hands, extra fingers, malformed faces, stray text or watermarks, overcrowded composition, dense mandala fill, low contrast, broken or open outlines, childish cartoon style, ethnic stereotyping, costume-like exaggeration.","Black-and-white printable adult coloring page, 8.5 x 11 inch portrait, 300 DPI, pure black line art on white, no shading, no grayscale, no color fills, all content inside a 0.375 inch safe margin. Open sky and calm space. Short centered quote with wide margins and seasonal border motifs on 2-4 sides. no people, no figures, and no body parts anywhere on this page. Cultural character is carried by objects, textiles, plants, and pattern, never by a figure. Keep those details lived-in rather than costume-like. Season cues: sunlight, porches, gardens, walking paths, community warmth. Tone: calm, hopeful, reflective, grounded, and supportive; relaxed posture, open hands, soft expressions. Line work: primary contours 0.75-1.25 pt, secondary detail 0.5-0.75 pt, at least two visibly distinct line weights, nothing below 0.5 pt, fully closed shapes suitable for coloring. Preserve at least 50 percent open space around text. Quote text: ""Hoy elijo calma."" centered, upper-middle.","violence, weapons, bruising, visible injury, drug use, drug paraphernalia, self-harm, police scenes, hospital or clinical crisis imagery, restraints, panic or extreme distress, gray shading, grayscale, color fills, photorealism, 3D render, distorted hands, extra fingers, malformed faces, stray text or watermarks, overcrowded composition, dense mandala fill, low contrast, broken or open outlines, childish cartoon style, ethnic stereotyping, costume-like exaggeration"
Hispanic Summer 12,Hispanic,Summer,12,Symbol page,TPL-05,Symbol Cluster Page,Medium,,Medium,"DOC SPEC: 8.5 x 11 inch portrait, 300 DPI, pure black line art on white, no shading, no grayscale, no color fills, all content inside a 0.375 inch safe margin.
SCENE: Sun, flowers, fruit, and hearts.
COMPOSITION (TPL-05 Symbol Cluster Page): 8-15 related motifs grouped in balanced clusters with breathing room between forms. Distributed clusters across the full page with one central anchor motif.
REPRESENTATION: no people, no figures, and no body parts anywhere on this page. Cultural character is carried by objects, textiles, plants, and pattern, never by a figure. Keep those details lived-in rather than costume-like.
SEASON (Summer): sunlight, porches, gardens, walking paths, community warmth.
TONE: calm, hopeful, reflective, grounded, and supportive; relaxed posture, open hands, soft expressions.
LINE WORK: primary contours 0.75-1.25 pt, secondary detail 0.5-0.75 pt, at least two visibly distinct line weights, nothing below 0.5 pt, fully closed shapes suitable for coloring.
WHITE SPACE: Keep clean separations between motifs for easy coloring.
TEXT: none. The page must contain no lettering of any kind.
NEGATIVE: violence, weapons, bruising, visible injury, drug use, drug paraphernalia, self-harm, police scenes, hospital or clinical crisis imagery, restraints, panic or extreme distress, gray shading, grayscale, color fills, photorealism, 3D render, distorted hands, extra fingers, malformed faces, stray text or watermarks, overcrowded composition, dense mandala fill, low contrast, broken or open outlines, childish cartoon style, ethnic stereotyping, costume-like exaggeration.","Black-and-white printable adult coloring page, 8.5 x 11 inch portrait, 300 DPI, pure black line art on white, no shading, no grayscale, no color fills, all content inside a 0.375 inch safe margin. Sun, flowers, fruit, and hearts. 8-15 related motifs grouped in balanced clusters with breathing room between forms. no people, no figures, and no body parts anywhere on this page. Cultural character is carried by objects, textiles, plants, and pattern, never by a figure. Keep those details lived-in rather than costume-like. Season cues: sunlight, porches, gardens, walking paths, community warmth. Tone: calm, hopeful, reflective, grounded, and supportive; relaxed posture, open hands, soft expressions. Line work: primary contours 0.75-1.25 pt, secondary detail 0.5-0.75 pt, at least two visibly distinct line weights, nothing below 0.5 pt, fully closed shapes suitable for coloring. Keep clean separations between motifs for easy coloring. No text anywhere on the page.","violence, weapons, bruising, visible injury, drug use, drug paraphernalia, self-harm, police scenes, hospital or clinical crisis imagery, restraints, panic or extreme distress, gray shading, grayscale, color fills, photorealism, 3D render, distorted hands, extra fingers, malformed faces, stray text or watermarks, overcrowded composition, dense mandala fill, low contrast, broken or open outlines, childish cartoon style, ethnic stereotyping, costume-like exaggeration"
Hispanic Summer 13,Hispanic,Summer,13,Decorative page,TPL-10,Decorative Border & Pattern Page,Medium,,Medium,"DOC SPEC: 8.5 x 11 inch portrait, 300 DPI, pure black line art on white, no shading, no grayscale, no color fills, all content inside a 0.375 inch safe margin.
SCENE: Picnic motifs and summer borders.
COMPOSITION (TPL-10 Decorative Border & Pattern Page): Seasonal border or repeating pattern frame with 4-8 comfort objects set inside it; flatter and more graphic than a symbol cluster. Full-page border or corner frames; Center: object grouping; Background: restrained repeating pattern or open white.
REPRESENTATION: no people, no figures, and no body parts anywhere on this page. Cultural character is carried by objects, textiles, plants, and pattern, never by a figure. Keep those details lived-in rather than costume-like.
SEASON (Summer): sunlight, porches, gardens, walking paths, community warmth.
TONE: calm, hopeful, reflective, grounded, and supportive; relaxed posture, open hands, soft expressions.
LINE WORK: primary contours 0.75-1.25 pt, secondary detail 0.5-0.75 pt, at least two visibly distinct line weights, nothing below 0.5 pt, fully closed shapes suitable for coloring.
WHITE SPACE: Keep the center open enough to read as a resting page; pattern supports, never fills.
TEXT: none. The page must contain no lettering of any kind.
NEGATIVE: violence, weapons, bruising, visible injury, drug use, drug paraphernalia, self-harm, police scenes, hospital or clinical crisis imagery, restraints, panic or extreme distress, gray shading, grayscale, color fills, photorealism, 3D render, distorted hands, extra fingers, malformed faces, stray text or watermarks, overcrowded composition, dense mandala fill, low contrast, broken or open outlines, childish cartoon style, ethnic stereotyping, costume-like exaggeration.","Black-and-white printable adult coloring page, 8.5 x 11 inch portrait, 300 DPI, pure black line art on white, no shading, no grayscale, no color fills, all content inside a 0.375 inch safe margin. Picnic motifs and summer borders. Seasonal border or repeating pattern frame with 4-8 comfort objects set inside it; flatter and more graphic than a symbol cluster. no people, no figures, and no body parts anywhere on this page. Cultural character is carried by objects, textiles, plants, and pattern, never by a figure. Keep those details lived-in rather than costume-like. Season cues: sunlight, porches, gardens, walking paths, community warmth. Tone: calm, hopeful, reflective, grounded, and supportive; relaxed posture, open hands, soft expressions. Line work: primary contours 0.75-1.25 pt, secondary detail 0.5-0.75 pt, at least two visibly distinct line weights, nothing below 0.5 pt, fully closed shapes suitable for coloring. Keep the center open enough to read as a resting page; pattern supports, never fills. No text anywhere on the page.","violence, weapons, bruising, visible injury, drug use, drug paraphernalia, self-harm, police scenes, hospital or clinical crisis imagery, restraints, panic or extreme distress, gray shading, grayscale, color fills, photorealism, 3D render, distorted hands, extra fingers, malformed faces, stray text or watermarks, overcrowded composition, dense mandala fill, low contrast, broken or open outlines, childish cartoon style, ethnic stereotyping, costume-like exaggeration"
Hispanic Summer 14,Hispanic,Summer,14,Environment page,TPL-09,Outdoor Sanctuary,Heavy,,Medium,"DOC SPEC: 8.5 x 11 inch portrait, 300 DPI, pure black line art on white, no shading, no grayscale, no color fills, all content inside a 0.375 inch safe margin.
SCENE: Safe outdoor patio with lanterns and plants.
COMPOSITION (TPL-09 Outdoor Sanctuary): One outdoor retreat space with a strong built anchor (patio, courtyard, balcony, garden bed) plus plants and seating. No people. Top: sky, string lights, pergola, or wall edge; Center: seating or planting anchor; Lower: paving, path, pots, ground plants.
REPRESENTATION: no people, no figures, and no body parts anywhere on this page. Cultural character is carried by objects, textiles, plants, and pattern, never by a figure. Keep those details lived-in rather than costume-like.
SEASON (Summer): sunlight, porches, gardens, walking paths, community warmth.
TONE: calm, hopeful, reflective, grounded, and supportive; relaxed posture, open hands, soft expressions.
LINE WORK: primary contours 0.75-1.25 pt, secondary detail 0.5-0.75 pt, at least two visibly distinct line weights, nothing below 0.5 pt, fully closed shapes suitable for coloring.
WHITE SPACE: Keep sky, paving, and lawn zones broadly open; do not pattern every surface.
TEXT: none. The page must contain no lettering of any kind.
NEGATIVE: violence, weapons, bruising, visible injury, drug use, drug paraphernalia, self-harm, police scenes, hospital or clinical crisis imagery, restraints, panic or extreme distress, gray shading, grayscale, color fills, photorealism, 3D render, distorted hands, extra fingers, malformed faces, stray text or watermarks, overcrowded composition, dense mandala fill, low contrast, broken or open outlines, childish cartoon style, ethnic stereotyping, costume-like exaggeration.","Black-and-white printable adult coloring page, 8.5 x 11 inch portrait, 300 DPI, pure black line art on white, no shading, no grayscale, no color fills, all content inside a 0.375 inch safe margin. Safe outdoor patio with lanterns and plants. One outdoor retreat space with a strong built anchor (patio, courtyard, balcony, garden bed) plus plants and seating. No people. no people, no figures, and no body parts anywhere on this page. Cultural character is carried by objects, textiles, plants, and pattern, never by a figure. Keep those details lived-in rather than costume-like. Season cues: sunlight, porches, gardens, walking paths, community warmth. Tone: calm, hopeful, reflective, grounded, and supportive; relaxed posture, open hands, soft expressions. Line work: primary contours 0.75-1.25 pt, secondary detail 0.5-0.75 pt, at least two visibly distinct line weights, nothing below 0.5 pt, fully closed shapes suitable for coloring. Keep sky, paving, and lawn zones broadly open; do not pattern every surface. No text anywhere on the page.","violence, weapons, bruising, visible injury, drug use, drug paraphernalia, self-harm, police scenes, hospital or clinical crisis imagery, restraints, panic or extreme distress, gray shading, grayscale, color fills, photorealism, 3D render, distorted hands, extra fingers, malformed faces, stray text or watermarks, overcrowded composition, dense mandala fill, low contrast, broken or open outlines, childish cartoon style, ethnic stereotyping, costume-like exaggeration"
Hispanic Summer 15,Hispanic,Summer,15,Environment page,TPL-09,Outdoor Sanctuary,Heavy,,High,"DOC SPEC: 8.5 x 11 inch portrait, 300 DPI, pure black line art on white, no shading, no grayscale, no color fills, all content inside a 0.375 inch safe margin.
SCENE: Community center courtyard scene.
COMPOSITION (TPL-09 Outdoor Sanctuary): One outdoor retreat space with a strong built anchor (patio, courtyard, balcony, garden bed) plus plants and seating. No people. Top: sky, string lights, pergola, or wall edge; Center: seating or planting anchor; Lower: paving, path, pots, ground plants.
REPRESENTATION: no people, no figures, and no body parts anywhere on this page. Cultural character is carried by objects, textiles, plants, and pattern, never by a figure. Keep those details lived-in rather than costume-like.
SEASON (Summer): sunlight, porches, gardens, walking paths, community warmth.
TONE: calm, hopeful, reflective, grounded, and supportive; relaxed posture, open hands, soft expressions.
LINE WORK: primary contours 0.75-1.25 pt, secondary detail 0.5-0.75 pt, at least two visibly distinct line weights, nothing below 0.5 pt, fully closed shapes suitable for coloring.
WHITE SPACE: Keep sky, paving, and lawn zones broadly open; do not pattern every surface.
VARIATION: Use 2 of TPL-09 in this book — change the built anchor: bench vs table vs planter bed, and the enclosure edge.
TEXT: none. The page must contain no lettering of any kind.
NEGATIVE: violence, weapons, bruising, visible injury, drug use, drug paraphernalia, self-harm, police scenes, hospital or clinical crisis imagery, restraints, panic or extreme distress, gray shading, grayscale, color fills, photorealism, 3D render, distorted hands, extra fingers, malformed faces, stray text or watermarks, overcrowded composition, dense mandala fill, low contrast, broken or open outlines, childish cartoon style, ethnic stereotyping, costume-like exaggeration.","Black-and-white printable adult coloring page, 8.5 x 11 inch portrait, 300 DPI, pure black line art on white, no shading, no grayscale, no color fills, all content inside a 0.375 inch safe margin. Community center courtyard scene. One outdoor retreat space with a strong built anchor (patio, courtyard, balcony, garden bed) plus plants and seating. No people. no people, no figures, and no body parts anywhere on this page. Cultural character is carried by objects, textiles, plants, and pattern, never by a figure. Keep those details lived-in rather than costume-like. Season cues: sunlight, porches, gardens, walking paths, community warmth. Tone: calm, hopeful, reflective, grounded, and supportive; relaxed posture, open hands, soft expressions. Line work: primary contours 0.75-1.25 pt, secondary detail 0.5-0.75 pt, at least two visibly distinct line weights, nothing below 0.5 pt, fully closed shapes suitable for coloring. Keep sky, paving, and lawn zones broadly open; do not pattern every surface. No text anywhere on the page.","violence, weapons, bruising, visible injury, drug use, drug paraphernalia, self-harm, police scenes, hospital or clinical crisis imagery, restraints, panic or extreme distress, gray shading, grayscale, color fills, photorealism, 3D render, distorted hands, extra fingers, malformed faces, stray text or watermarks, overcrowded composition, dense mandala fill, low contrast, broken or open outlines, childish cartoon style, ethnic stereotyping, costume-like exaggeration"
Hispanic Fall 01,Hispanic,Fall,01,Solo portrait,TPL-08,Window + Journal Reflection,Medium,,High,"DOC SPEC: 8.5 x 11 inch portrait, 300 DPI, pure black line art on white, no shading, no grayscale, no color fills, all content inside a 0.375 inch safe margin.
SCENE: Woman in shawl journaling beside a window.
COMPOSITION (TPL-08 Window + Journal Reflection): Person seated indoors at a window with a journal, mug, or book; the outside view simplified to weather and one or two shapes; indoor comfort props nearby. Top: window frame and weather; Center: seated figure; Lower: blanket, book, mug, plant.
REPRESENTATION: Hispanic figures with varied skin tones and hair textures, warm family framing, and culturally familiar domestic details. Natural proportions. No stereotypes, no costume-like exaggeration, no tokenism.
SEASON (Fall): leaves, tea, blankets, candles, gratitude, release.
TONE: calm, hopeful, reflective, grounded, and supportive; relaxed posture, open hands, soft expressions.
LINE WORK: primary contours 0.75-1.25 pt, secondary detail 0.5-0.75 pt, at least two visibly distinct line weights, nothing below 0.5 pt, fully closed shapes suitable for coloring.
WHITE SPACE: The window view should stay simple and not compete with the figure.
TEXT: none. The page must contain no lettering of any kind.
NEGATIVE: violence, weapons, bruising, visible injury, drug use, drug paraphernalia, self-harm, police scenes, hospital or clinical crisis imagery, restraints, panic or extreme distress, gray shading, grayscale, color fills, photorealism, 3D render, distorted hands, extra fingers, malformed faces, stray text or watermarks, overcrowded composition, dense mandala fill, low contrast, broken or open outlines, childish cartoon style, ethnic stereotyping, costume-like exaggeration.","Black-and-white printable adult coloring page, 8.5 x 11 inch portrait, 300 DPI, pure black line art on white, no shading, no grayscale, no color fills, all content inside a 0.375 inch safe margin. Woman in shawl journaling beside a window. Person seated indoors at a window with a journal, mug, or book; the outside view simplified to weather and one or two shapes; indoor comfort props nearby. Hispanic figures with varied skin tones and hair textures, warm family framing, and culturally familiar domestic details. Season cues: leaves, tea, blankets, candles, gratitude, release. Tone: calm, hopeful, reflective, grounded, and supportive; relaxed posture, open hands, soft expressions. Line work: primary contours 0.75-1.25 pt, secondary detail 0.5-0.75 pt, at least two visibly distinct line weights, nothing below 0.5 pt, fully closed shapes suitable for coloring. The window view should stay simple and not compete with the figure. No text anywhere on the page.","violence, weapons, bruising, visible injury, drug use, drug paraphernalia, self-harm, police scenes, hospital or clinical crisis imagery, restraints, panic or extreme distress, gray shading, grayscale, color fills, photorealism, 3D render, distorted hands, extra fingers, malformed faces, stray text or watermarks, overcrowded composition, dense mandala fill, low contrast, broken or open outlines, childish cartoon style, ethnic stereotyping, costume-like exaggeration"
Hispanic Fall 02,Hispanic,Fall,02,Solo portrait,TPL-06,Walking Reflection Scene,Light-Medium,,Medium,"DOC SPEC: 8.5 x 11 inch portrait, 300 DPI, pure black line art on white, no shading, no grayscale, no color fills, all content inside a 0.375 inch safe margin.
SCENE: Man with coffee walking under autumn trees.
COMPOSITION (TPL-06 Walking Reflection Scene): Single figure outdoors on a path, sidewalk, trail, dock, or shoreline with calm background depth and limited environmental clutter. Top: sky, trees, or buildings minimal; Center: figure; Lower: path, leaves, water, flowers, pavement texture.
REPRESENTATION: Hispanic figures with varied skin tones and hair textures, warm family framing, and culturally familiar domestic details. Natural proportions. No stereotypes, no costume-like exaggeration, no tokenism.
SEASON (Fall): leaves, tea, blankets, candles, gratitude, release.
TONE: calm, hopeful, reflective, grounded, and supportive; relaxed posture, open hands, soft expressions.
LINE WORK: primary contours 0.75-1.25 pt, secondary detail 0.5-0.75 pt, at least two visibly distinct line weights, nothing below 0.5 pt, fully closed shapes suitable for coloring.
WHITE SPACE: Keep large sky and path zones open to avoid density.
TEXT: none. The page must contain no lettering of any kind.
NEGATIVE: violence, weapons, bruising, visible injury, drug use, drug paraphernalia, self-harm, police scenes, hospital or clinical crisis imagery, restraints, panic or extreme distress, gray shading, grayscale, color fills, photorealism, 3D render, distorted hands, extra fingers, malformed faces, stray text or watermarks, overcrowded composition, dense mandala fill, low contrast, broken or open outlines, childish cartoon style, ethnic stereotyping, costume-like exaggeration.","Black-and-white printable adult coloring page, 8.5 x 11 inch portrait, 300 DPI, pure black line art on white, no shading, no grayscale, no color fills, all content inside a 0.375 inch safe margin. Man with coffee walking under autumn trees. Single figure outdoors on a path, sidewalk, trail, dock, or shoreline with calm background depth and limited environmental clutter. Hispanic figures with varied skin tones and hair textures, warm family framing, and culturally familiar domestic details. Season cues: leaves, tea, blankets, candles, gratitude, release. Tone: calm, hopeful, reflective, grounded, and supportive; relaxed posture, open hands, soft expressions. Line work: primary contours 0.75-1.25 pt, secondary detail 0.5-0.75 pt, at least two visibly distinct line weights, nothing below 0.5 pt, fully closed shapes suitable for coloring. Keep large sky and path zones open to avoid density. No text anywhere on the page.","violence, weapons, bruising, visible injury, drug use, drug paraphernalia, self-harm, police scenes, hospital or clinical crisis imagery, restraints, panic or extreme distress, gray shading, grayscale, color fills, photorealism, 3D render, distorted hands, extra fingers, malformed faces, stray text or watermarks, overcrowded composition, dense mandala fill, low contrast, broken or open outlines, childish cartoon style, ethnic stereotyping, costume-like exaggeration"
Hispanic Fall 03,Hispanic,Fall,03,Solo portrait,TPL-01,Solo Portrait Calm Scene,Medium,,High,"DOC SPEC: 8.5 x 11 inch portrait, 300 DPI, pure black line art on white, no shading, no grayscale, no color fills, all content inside a 0.375 inch safe margin.
SCENE: Young adult reading affirmations in a cozy chair.
COMPOSITION (TPL-01 Solo Portrait Calm Scene): One focal person centered slightly off-axis, 2-3 supporting props, light background context, open lower corners. Top: seasonal cues; Center: face/body focal point; Mid-lower: hands/object; Edges: light framing motifs.
REPRESENTATION: Hispanic figures with varied skin tones and hair textures, warm family framing, and culturally familiar domestic details. Natural proportions. No stereotypes, no costume-like exaggeration, no tokenism.
SEASON (Fall): leaves, tea, blankets, candles, gratitude, release.
TONE: calm, hopeful, reflective, grounded, and supportive; relaxed posture, open hands, soft expressions.
LINE WORK: primary contours 0.75-1.25 pt, secondary detail 0.5-0.75 pt, at least two visibly distinct line weights, nothing below 0.5 pt, fully closed shapes suitable for coloring.
WHITE SPACE: Leave 35-45 percent open colorable space.
TEXT: none. The page must contain no lettering of any kind.
NEGATIVE: violence, weapons, bruising, visible injury, drug use, drug paraphernalia, self-harm, police scenes, hospital or clinical crisis imagery, restraints, panic or extreme distress, gray shading, grayscale, color fills, photorealism, 3D render, distorted hands, extra fingers, malformed faces, stray text or watermarks, overcrowded composition, dense mandala fill, low contrast, broken or open outlines, childish cartoon style, ethnic stereotyping, costume-like exaggeration.","Black-and-white printable adult coloring page, 8.5 x 11 inch portrait, 300 DPI, pure black line art on white, no shading, no grayscale, no color fills, all content inside a 0.375 inch safe margin. Young adult reading affirmations in a cozy chair. One focal person centered slightly off-axis, 2-3 supporting props, light background context, open lower corners. Hispanic figures with varied skin tones and hair textures, warm family framing, and culturally familiar domestic details. Season cues: leaves, tea, blankets, candles, gratitude, release. Tone: calm, hopeful, reflective, grounded, and supportive; relaxed posture, open hands, soft expressions. Line work: primary contours 0.75-1.25 pt, secondary detail 0.5-0.75 pt, at least two visibly distinct line weights, nothing below 0.5 pt, fully closed shapes suitable for coloring. Leave 35-45 percent open colorable space. No text anywhere on the page.","violence, weapons, bruising, visible injury, drug use, drug paraphernalia, self-harm, police scenes, hospital or clinical crisis imagery, restraints, panic or extreme distress, gray shading, grayscale, color fills, photorealism, 3D render, distorted hands, extra fingers, malformed faces, stray text or watermarks, overcrowded composition, dense mandala fill, low contrast, broken or open outlines, childish cartoon style, ethnic stereotyping, costume-like exaggeration"
Hispanic Fall 04,Hispanic,Fall,04,Solo portrait,TPL-01,Solo Portrait Calm Scene,Medium,,High,"DOC SPEC: 8.5 x 11 inch portrait, 300 DPI, pure black line art on white, no shading, no grayscale, no color fills, all content inside a 0.375 inch safe margin.
SCENE: Woman making tea in a peaceful kitchen.
COMPOSITION (TPL-01 Solo Portrait Calm Scene): One focal person centered slightly off-axis, 2-3 supporting props, light background context, open lower corners. Top: seasonal cues; Center: face/body focal point; Mid-lower: hands/object; Edges: light framing motifs.
REPRESENTATION: Hispanic figures with varied skin tones and hair textures, warm family framing, and culturally familiar domestic details. Natural proportions. No stereotypes, no costume-like exaggeration, no tokenism.
SEASON (Fall): leaves, tea, blankets, candles, gratitude, release.
TONE: calm, hopeful, reflective, grounded, and supportive; relaxed posture, open hands, soft expressions.
LINE WORK: primary contours 0.75-1.25 pt, secondary detail 0.5-0.75 pt, at least two visibly distinct line weights, nothing below 0.5 pt, fully closed shapes suitable for coloring.
WHITE SPACE: Leave 35-45 percent open colorable space.
VARIATION: Use 2 of TPL-01 in this book — change the viewpoint and prop cluster: seated vs standing, three-quarter vs frontal, and a different anchor object.
TEXT: none. The page must contain no lettering of any kind.
NEGATIVE: violence, weapons, bruising, visible injury, drug use, drug paraphernalia, self-harm, police scenes, hospital or clinical crisis imagery, restraints, panic or extreme distress, gray shading, grayscale, color fills, photorealism, 3D render, distorted hands, extra fingers, malformed faces, stray text or watermarks, overcrowded composition, dense mandala fill, low contrast, broken or open outlines, childish cartoon style, ethnic stereotyping, costume-like exaggeration.","Black-and-white printable adult coloring page, 8.5 x 11 inch portrait, 300 DPI, pure black line art on white, no shading, no grayscale, no color fills, all content inside a 0.375 inch safe margin. Woman making tea in a peaceful kitchen. One focal person centered slightly off-axis, 2-3 supporting props, light background context, open lower corners. Hispanic figures with varied skin tones and hair textures, warm family framing, and culturally familiar domestic details. Season cues: leaves, tea, blankets, candles, gratitude, release. Tone: calm, hopeful, reflective, grounded, and supportive; relaxed posture, open hands, soft expressions. Line work: primary contours 0.75-1.25 pt, secondary detail 0.5-0.75 pt, at least two visibly distinct line weights, nothing below 0.5 pt, fully closed shapes suitable for coloring. Leave 35-45 percent open colorable space. No text anywhere on the page.","violence, weapons, bruising, visible injury, drug use, drug paraphernalia, self-harm, police scenes, hospital or clinical crisis imagery, restraints, panic or extreme distress, gray shading, grayscale, color fills, photorealism, 3D render, distorted hands, extra fingers, malformed faces, stray text or watermarks, overcrowded composition, dense mandala fill, low contrast, broken or open outlines, childish cartoon style, ethnic stereotyping, costume-like exaggeration"
Hispanic Fall 05,Hispanic,Fall,05,Community scene,TPL-02,Support Circle Scene,Heavy,,High,"DOC SPEC: 8.5 x 11 inch portrait, 300 DPI, pure black line art on white, no shading, no grayscale, no color fills, all content inside a 0.375 inch safe margin.
SCENE: Indoor recovery group with warm seasonal décor.
COMPOSITION (TPL-02 Support Circle Scene): 3-5 people in a curved or circular arrangement, one clear focal interaction, simple background geometry. Indoor variant uses simple room geometry; outdoor variant uses trees, park edge, or garden as a low-detail backdrop. Top: wall, window, banners, or tree line kept minimal; Center: group interaction; Bottom: chairs, floor, ground, grounding objects.
REPRESENTATION: Hispanic figures with varied skin tones and hair textures, warm family framing, and culturally familiar domestic details. Natural proportions. No stereotypes, no costume-like exaggeration, no tokenism.
SEASON (Fall): leaves, tea, blankets, candles, gratitude, release.
TONE: calm, hopeful, reflective, grounded, and supportive; relaxed posture, open hands, soft expressions.
LINE WORK: primary contours 0.75-1.25 pt, secondary detail 0.5-0.75 pt, at least two visibly distinct line weights, nothing below 0.5 pt, fully closed shapes suitable for coloring.
WHITE SPACE: Keep background under 30 percent detail so figures stay readable.
TEXT: none. The page must contain no lettering of any kind.
NEGATIVE: violence, weapons, bruising, visible injury, drug use, drug paraphernalia, self-harm, police scenes, hospital or clinical crisis imagery, restraints, panic or extreme distress, gray shading, grayscale, color fills, photorealism, 3D render, distorted hands, extra fingers, malformed faces, stray text or watermarks, overcrowded composition, dense mandala fill, low contrast, broken or open outlines, childish cartoon style, ethnic stereotyping, costume-like exaggeration.","Black-and-white printable adult coloring page, 8.5 x 11 inch portrait, 300 DPI, pure black line art on white, no shading, no grayscale, no color fills, all content inside a 0.375 inch safe margin. Indoor recovery group with warm seasonal décor. 3-5 people in a curved or circular arrangement, one clear focal interaction, simple background geometry. Indoor variant uses simple room geometry; outdoor variant uses trees, park edge, or garden as a low-detail backdrop. Hispanic figures with varied skin tones and hair textures, warm family framing, and culturally familiar domestic details. Season cues: leaves, tea, blankets, candles, gratitude, release. Tone: calm, hopeful, reflective, grounded, and supportive; relaxed posture, open hands, soft expressions. Line work: primary contours 0.75-1.25 pt, secondary detail 0.5-0.75 pt, at least two visibly distinct line weights, nothing below 0.5 pt, fully closed shapes suitable for coloring. Keep background under 30 percent detail so figures stay readable. No text anywhere on the page.","violence, weapons, bruising, visible injury, drug use, drug paraphernalia, self-harm, police scenes, hospital or clinical crisis imagery, restraints, panic or extreme distress, gray shading, grayscale, color fills, photorealism, 3D render, distorted hands, extra fingers, malformed faces, stray text or watermarks, overcrowded composition, dense mandala fill, low contrast, broken or open outlines, childish cartoon style, ethnic stereotyping, costume-like exaggeration"
Hispanic Fall 06,Hispanic,Fall,06,Community scene,TPL-02,Support Circle Scene,Heavy,,Medium,"DOC SPEC: 8.5 x 11 inch portrait, 300 DPI, pure black line art on white, no shading, no grayscale, no color fills, all content inside a 0.375 inch safe margin.
SCENE: Family preparing a comforting meal together.
COMPOSITION (TPL-02 Support Circle Scene): 3-5 people in a curved or circular arrangement, one clear focal interaction, simple background geometry. Indoor variant uses simple room geometry; outdoor variant uses trees, park edge, or garden as a low-detail backdrop. Top: wall, window, banners, or tree line kept minimal; Center: group interaction; Bottom: chairs, floor, ground, grounding objects.
REPRESENTATION: Hispanic figures with varied skin tones and hair textures, warm family framing, and culturally familiar domestic details. Natural proportions. No stereotypes, no costume-like exaggeration, no tokenism.
SEASON (Fall): leaves, tea, blankets, candles, gratitude, release.
TONE: calm, hopeful, reflective, grounded, and supportive; relaxed posture, open hands, soft expressions.
LINE WORK: primary contours 0.75-1.25 pt, secondary detail 0.5-0.75 pt, at least two visibly distinct line weights, nothing below 0.5 pt, fully closed shapes suitable for coloring.
WHITE SPACE: Keep background under 30 percent detail so figures stay readable.
VARIATION: Use 2 of TPL-02 in this book — change the seating geometry and eye level: open horseshoe vs closed ring, standing vs seated, and a different room or landscape anchor.
TEXT: none. The page must contain no lettering of any kind.
NEGATIVE: violence, weapons, bruising, visible injury, drug use, drug paraphernalia, self-harm, police scenes, hospital or clinical crisis imagery, restraints, panic or extreme distress, gray shading, grayscale, color fills, photorealism, 3D render, distorted hands, extra fingers, malformed faces, stray text or watermarks, overcrowded composition, dense mandala fill, low contrast, broken or open outlines, childish cartoon style, ethnic stereotyping, costume-like exaggeration.","Black-and-white printable adult coloring page, 8.5 x 11 inch portrait, 300 DPI, pure black line art on white, no shading, no grayscale, no color fills, all content inside a 0.375 inch safe margin. Family preparing a comforting meal together. 3-5 people in a curved or circular arrangement, one clear focal interaction, simple background geometry. Indoor variant uses simple room geometry; outdoor variant uses trees, park edge, or garden as a low-detail backdrop. Hispanic figures with varied skin tones and hair textures, warm family framing, and culturally familiar domestic details. Season cues: leaves, tea, blankets, candles, gratitude, release. Tone: calm, hopeful, reflective, grounded, and supportive; relaxed posture, open hands, soft expressions. Line work: primary contours 0.75-1.25 pt, secondary detail 0.5-0.75 pt, at least two visibly distinct line weights, nothing below 0.5 pt, fully closed shapes suitable for coloring. Keep background under 30 percent detail so figures stay readable. No text anywhere on the page.","violence, weapons, bruising, visible injury, drug use, drug paraphernalia, self-harm, police scenes, hospital or clinical crisis imagery, restraints, panic or extreme distress, gray shading, grayscale, color fills, photorealism, 3D render, distorted hands, extra fingers, malformed faces, stray text or watermarks, overcrowded composition, dense mandala fill, low contrast, broken or open outlines, childish cartoon style, ethnic stereotyping, costume-like exaggeration"
Hispanic Fall 07,Hispanic,Fall,07,Community scene,TPL-07,Pair Conversation Scene,Medium,,Medium,"DOC SPEC: 8.5 x 11 inch portrait, 300 DPI, pure black line art on white, no shading, no grayscale, no color fills, all content inside a 0.375 inch safe margin.
SCENE: Sisters talking honestly at a table.
COMPOSITION (TPL-07 Pair Conversation Scene): Exactly 2-3 figures in close, readable interaction: seated together, standing side by side, or walking together. Anchor is a porch railing, patio edge, park or city bench, kitchen or dining table, shop chair, or shared task. Top: plants, string lights, window, or tree line; Center: the two figures and their shared focus; Bottom: floorboards, table, bench, path, or ground.
REPRESENTATION: Hispanic figures with varied skin tones and hair textures, warm family framing, and culturally familiar domestic details. Natural proportions. No stereotypes, no costume-like exaggeration, no tokenism.
SEASON (Fall): leaves, tea, blankets, candles, gratitude, release.
TONE: calm, hopeful, reflective, grounded, and supportive; relaxed posture, open hands, soft expressions.
LINE WORK: primary contours 0.75-1.25 pt, secondary detail 0.5-0.75 pt, at least two visibly distinct line weights, nothing below 0.5 pt, fully closed shapes suitable for coloring.
WHITE SPACE: Keep railing, walls, table, and ground simple enough for color fill.
TEXT: none. The page must contain no lettering of any kind.
NEGATIVE: violence, weapons, bruising, visible injury, drug use, drug paraphernalia, self-harm, police scenes, hospital or clinical crisis imagery, restraints, panic or extreme distress, gray shading, grayscale, color fills, photorealism, 3D render, distorted hands, extra fingers, malformed faces, stray text or watermarks, overcrowded composition, dense mandala fill, low contrast, broken or open outlines, childish cartoon style, ethnic stereotyping, costume-like exaggeration.","Black-and-white printable adult coloring page, 8.5 x 11 inch portrait, 300 DPI, pure black line art on white, no shading, no grayscale, no color fills, all content inside a 0.375 inch safe margin. Sisters talking honestly at a table. Exactly 2-3 figures in close, readable interaction: seated together, standing side by side, or walking together. Anchor is a porch railing, patio edge, park or city bench, kitchen or dining table, shop chair, or shared task. Hispanic figures with varied skin tones and hair textures, warm family framing, and culturally familiar domestic details. Season cues: leaves, tea, blankets, candles, gratitude, release. Tone: calm, hopeful, reflective, grounded, and supportive; relaxed posture, open hands, soft expressions. Line work: primary contours 0.75-1.25 pt, secondary detail 0.5-0.75 pt, at least two visibly distinct line weights, nothing below 0.5 pt, fully closed shapes suitable for coloring. Keep railing, walls, table, and ground simple enough for color fill. No text anywhere on the page.","violence, weapons, bruising, visible injury, drug use, drug paraphernalia, self-harm, police scenes, hospital or clinical crisis imagery, restraints, panic or extreme distress, gray shading, grayscale, color fills, photorealism, 3D render, distorted hands, extra fingers, malformed faces, stray text or watermarks, overcrowded composition, dense mandala fill, low contrast, broken or open outlines, childish cartoon style, ethnic stereotyping, costume-like exaggeration"
Hispanic Fall 08,Hispanic,Fall,08,Community scene,TPL-07,Pair Conversation Scene,Medium,,High,"DOC SPEC: 8.5 x 11 inch portrait, 300 DPI, pure black line art on white, no shading, no grayscale, no color fills, all content inside a 0.375 inch safe margin.
SCENE: Mentor check-in after a class or meeting.
COMPOSITION (TPL-07 Pair Conversation Scene): Exactly 2-3 figures in close, readable interaction: seated together, standing side by side, or walking together. Anchor is a porch railing, patio edge, park or city bench, kitchen or dining table, shop chair, or shared task. Top: plants, string lights, window, or tree line; Center: the two figures and their shared focus; Bottom: floorboards, table, bench, path, or ground.
REPRESENTATION: Hispanic figures with varied skin tones and hair textures, warm family framing, and culturally familiar domestic details. Natural proportions. No stereotypes, no costume-like exaggeration, no tokenism.
SEASON (Fall): leaves, tea, blankets, candles, gratitude, release.
TONE: calm, hopeful, reflective, grounded, and supportive; relaxed posture, open hands, soft expressions.
LINE WORK: primary contours 0.75-1.25 pt, secondary detail 0.5-0.75 pt, at least two visibly distinct line weights, nothing below 0.5 pt, fully closed shapes suitable for coloring.
WHITE SPACE: Keep railing, walls, table, and ground simple enough for color fill.
VARIATION: Use 2 of TPL-07 in this book — change the arrangement: side by side vs facing, seated vs walking, and a different shared object.
TEXT: none. The page must contain no lettering of any kind.
NEGATIVE: violence, weapons, bruising, visible injury, drug use, drug paraphernalia, self-harm, police scenes, hospital or clinical crisis imagery, restraints, panic or extreme distress, gray shading, grayscale, color fills, photorealism, 3D render, distorted hands, extra fingers, malformed faces, stray text or watermarks, overcrowded composition, dense mandala fill, low contrast, broken or open outlines, childish cartoon style, ethnic stereotyping, costume-like exaggeration.","Black-and-white printable adult coloring page, 8.5 x 11 inch portrait, 300 DPI, pure black line art on white, no shading, no grayscale, no color fills, all content inside a 0.375 inch safe margin. Mentor check-in after a class or meeting. Exactly 2-3 figures in close, readable interaction: seated together, standing side by side, or walking together. Anchor is a porch railing, patio edge, park or city bench, kitchen or dining table, shop chair, or shared task. Hispanic figures with varied skin tones and hair textures, warm family framing, and culturally familiar domestic details. Season cues: leaves, tea, blankets, candles, gratitude, release. Tone: calm, hopeful, reflective, grounded, and supportive; relaxed posture, open hands, soft expressions. Line work: primary contours 0.75-1.25 pt, secondary detail 0.5-0.75 pt, at least two visibly distinct line weights, nothing below 0.5 pt, fully closed shapes suitable for coloring. Keep railing, walls, table, and ground simple enough for color fill. No text anywhere on the page.","violence, weapons, bruising, visible injury, drug use, drug paraphernalia, self-harm, police scenes, hospital or clinical crisis imagery, restraints, panic or extreme distress, gray shading, grayscale, color fills, photorealism, 3D render, distorted hands, extra fingers, malformed faces, stray text or watermarks, overcrowded composition, dense mandala fill, low contrast, broken or open outlines, childish cartoon style, ethnic stereotyping, costume-like exaggeration"
Hispanic Fall 09,Hispanic,Fall,09,Quote page,TPL-03,Quote Page Framed Border,Light,Puedo descansar.,High,"DOC SPEC: 8.5 x 11 inch portrait, 300 DPI, pure black line art on white, no shading, no grayscale, no color fills, all content inside a 0.375 inch safe margin.
SCENE: Warm cup and autumn textures.
COMPOSITION (TPL-03 Quote Page Framed Border): Short centered quote with wide margins and seasonal border motifs on 2-4 sides. Top-third: quote; Outer frame: florals and symbols; Corners: accent clusters; Center whitespace preserved.
REPRESENTATION: no people, no figures, and no body parts anywhere on this page. Cultural character is carried by objects, textiles, plants, and pattern, never by a figure. Keep those details lived-in rather than costume-like.
SEASON (Fall): leaves, tea, blankets, candles, gratitude, release.
TONE: calm, hopeful, reflective, grounded, and supportive; relaxed posture, open hands, soft expressions.
LINE WORK: primary contours 0.75-1.25 pt, secondary detail 0.5-0.75 pt, at least two visibly distinct line weights, nothing below 0.5 pt, fully closed shapes suitable for coloring.
WHITE SPACE: Preserve at least 50 percent open space around text.
QUOTE TEXT: ""Puedo descansar."" Set centered in the upper-middle in a clean serif, well inside the safe margin. This is the only text on the page. The quote is Spanish. Reproduce every accent exactly and verify it against the tracker before export.
NEGATIVE: violence, weapons, bruising, visible injury, drug use, drug paraphernalia, self-harm, police scenes, hospital or clinical crisis imagery, restraints, panic or extreme distress, gray shading, grayscale, color fills, photorealism, 3D render, distorted hands, extra fingers, malformed faces, stray text or watermarks, overcrowded composition, dense mandala fill, low contrast, broken or open outlines, childish cartoon style, ethnic stereotyping, costume-like exaggeration.","Black-and-white printable adult coloring page, 8.5 x 11 inch portrait, 300 DPI, pure black line art on white, no shading, no grayscale, no color fills, all content inside a 0.375 inch safe margin. Warm cup and autumn textures. Short centered quote with wide margins and seasonal border motifs on 2-4 sides. no people, no figures, and no body parts anywhere on this page. Cultural character is carried by objects, textiles, plants, and pattern, never by a figure. Keep those details lived-in rather than costume-like. Season cues: leaves, tea, blankets, candles, gratitude, release. Tone: calm, hopeful, reflective, grounded, and supportive; relaxed posture, open hands, soft expressions. Line work: primary contours 0.75-1.25 pt, secondary detail 0.5-0.75 pt, at least two visibly distinct line weights, nothing below 0.5 pt, fully closed shapes suitable for coloring. Preserve at least 50 percent open space around text. Quote text: ""Puedo descansar."" centered, upper-middle.","violence, weapons, bruising, visible injury, drug use, drug paraphernalia, self-harm, police scenes, hospital or clinical crisis imagery, restraints, panic or extreme distress, gray shading, grayscale, color fills, photorealism, 3D render, distorted hands, extra fingers, malformed faces, stray text or watermarks, overcrowded composition, dense mandala fill, low contrast, broken or open outlines, childish cartoon style, ethnic stereotyping, costume-like exaggeration"
Hispanic Fall 10,Hispanic,Fall,10,Quote page,TPL-03,Quote Page Framed Border,Light,Estoy aprendiendo a soltar.,High,"DOC SPEC: 8.5 x 11 inch portrait, 300 DPI, pure black line art on white, no shading, no grayscale, no color fills, all content inside a 0.375 inch safe margin.
SCENE: Leaves and reflective border.
COMPOSITION (TPL-03 Quote Page Framed Border): Short centered quote with wide margins and seasonal border motifs on 2-4 sides. Top-third: quote; Outer frame: florals and symbols; Corners: accent clusters; Center whitespace preserved.
REPRESENTATION: no people, no figures, and no body parts anywhere on this page. Cultural character is carried by objects, textiles, plants, and pattern, never by a figure. Keep those details lived-in rather than costume-like.
SEASON (Fall): leaves, tea, blankets, candles, gratitude, release.
TONE: calm, hopeful, reflective, grounded, and supportive; relaxed posture, open hands, soft expressions.
LINE WORK: primary contours 0.75-1.25 pt, secondary detail 0.5-0.75 pt, at least two visibly distinct line weights, nothing below 0.5 pt, fully closed shapes suitable for coloring.
WHITE SPACE: Preserve at least 50 percent open space around text.
VARIATION: Use 2 of TPL-03 in this book — change the border family and quote placement: full frame vs two-corner vs top-and-bottom band.
QUOTE TEXT: ""Estoy aprendiendo a soltar."" Set centered in the upper-middle in a clean serif, well inside the safe margin. This is the only text on the page. The quote is Spanish. Reproduce every accent exactly and verify it against the tracker before export.
NEGATIVE: violence, weapons, bruising, visible injury, drug use, drug paraphernalia, self-harm, police scenes, hospital or clinical crisis imagery, restraints, panic or extreme distress, gray shading, grayscale, color fills, photorealism, 3D render, distorted hands, extra fingers, malformed faces, stray text or watermarks, overcrowded composition, dense mandala fill, low contrast, broken or open outlines, childish cartoon style, ethnic stereotyping, costume-like exaggeration.","Black-and-white printable adult coloring page, 8.5 x 11 inch portrait, 300 DPI, pure black line art on white, no shading, no grayscale, no color fills, all content inside a 0.375 inch safe margin. Leaves and reflective border. Short centered quote with wide margins and seasonal border motifs on 2-4 sides. no people, no figures, and no body parts anywhere on this page. Cultural character is carried by objects, textiles, plants, and pattern, never by a figure. Keep those details lived-in rather than costume-like. Season cues: leaves, tea, blankets, candles, gratitude, release. Tone: calm, hopeful, reflective, grounded, and supportive; relaxed posture, open hands, soft expressions. Line work: primary contours 0.75-1.25 pt, secondary detail 0.5-0.75 pt, at least two visibly distinct line weights, nothing below 0.5 pt, fully closed shapes suitable for coloring. Preserve at least 50 percent open space around text. Quote text: ""Estoy aprendiendo a soltar."" centered, upper-middle.","violence, weapons, bruising, visible injury, drug use, drug paraphernalia, self-harm, police scenes, hospital or clinical crisis imagery, restraints, panic or extreme distress, gray shading, grayscale, color fills, photorealism, 3D render, distorted hands, extra fingers, malformed faces, stray text or watermarks, overcrowded composition, dense mandala fill, low contrast, broken or open outlines, childish cartoon style, ethnic stereotyping, costume-like exaggeration"
Hispanic Fall 11,Hispanic,Fall,11,Quote page,TPL-03,Quote Page Framed Border,Light,Todavía hay luz para mí.,High,"DOC SPEC: 8.5 x 11 inch portrait, 300 DPI, pure black line art on white, no shading, no grayscale, no color fills, all content inside a 0.375 inch safe margin.
SCENE: Window light and soft linework.
COMPOSITION (TPL-03 Quote Page Framed Border): Short centered quote with wide margins and seasonal border motifs on 2-4 sides. Top-third: quote; Outer frame: florals and symbols; Corners: accent clusters; Center whitespace preserved.
REPRESENTATION: no people, no figures, and no body parts anywhere on this page. Cultural character is carried by objects, textiles, plants, and pattern, never by a figure. Keep those details lived-in rather than costume-like.
SEASON (Fall): leaves, tea, blankets, candles, gratitude, release.
TONE: calm, hopeful, reflective, grounded, and supportive; relaxed posture, open hands, soft expressions.
LINE WORK: primary contours 0.75-1.25 pt, secondary detail 0.5-0.75 pt, at least two visibly distinct line weights, nothing below 0.5 pt, fully closed shapes suitable for coloring.
WHITE SPACE: Preserve at least 50 percent open space around text.
VARIATION: Use 3 of TPL-03 in this book — change the border family and quote placement: full frame vs two-corner vs top-and-bottom band.
QUOTE TEXT: ""Todavía hay luz para mí."" Set centered in the upper-middle in a clean serif, well inside the safe margin. This is the only text on the page. The quote is Spanish. Reproduce every accent exactly and verify it against the tracker before export.
NEGATIVE: violence, weapons, bruising, visible injury, drug use, drug paraphernalia, self-harm, police scenes, hospital or clinical crisis imagery, restraints, panic or extreme distress, gray shading, grayscale, color fills, photorealism, 3D render, distorted hands, extra fingers, malformed faces, stray text or watermarks, overcrowded composition, dense mandala fill, low contrast, broken or open outlines, childish cartoon style, ethnic stereotyping, costume-like exaggeration.","Black-and-white printable adult coloring page, 8.5 x 11 inch portrait, 300 DPI, pure black line art on white, no shading, no grayscale, no color fills, all content inside a 0.375 inch safe margin. Window light and soft linework. Short centered quote with wide margins and seasonal border motifs on 2-4 sides. no people, no figures, and no body parts anywhere on this page. Cultural character is carried by objects, textiles, plants, and pattern, never by a figure. Keep those details lived-in rather than costume-like. Season cues: leaves, tea, blankets, candles, gratitude, release. Tone: calm, hopeful, reflective, grounded, and supportive; relaxed posture, open hands, soft expressions. Line work: primary contours 0.75-1.25 pt, secondary detail 0.5-0.75 pt, at least two visibly distinct line weights, nothing below 0.5 pt, fully closed shapes suitable for coloring. Preserve at least 50 percent open space around text. Quote text: ""Todavía hay luz para mí."" centered, upper-middle.","violence, weapons, bruising, visible injury, drug use, drug paraphernalia, self-harm, police scenes, hospital or clinical crisis imagery, restraints, panic or extreme distress, gray shading, grayscale, color fills, photorealism, 3D render, distorted hands, extra fingers, malformed faces, stray text or watermarks, overcrowded composition, dense mandala fill, low contrast, broken or open outlines, childish cartoon style, ethnic stereotyping, costume-like exaggeration"
Hispanic Fall 12,Hispanic,Fall,12,Symbol page,TPL-05,Symbol Cluster Page,Medium,,Medium,"DOC SPEC: 8.5 x 11 inch portrait, 300 DPI, pure black line art on white, no shading, no grayscale, no color fills, all content inside a 0.375 inch safe margin.
SCENE: Leaves, mugs, candles, and flowers.
COMPOSITION (TPL-05 Symbol Cluster Page): 8-15 related motifs grouped in balanced clusters with breathing room between forms. Distributed clusters across the full page with one central anchor motif.
REPRESENTATION: no people, no figures, and no body parts anywhere on this page. Cultural character is carried by objects, textiles, plants, and pattern, never by a figure. Keep those details lived-in rather than costume-like.
SEASON (Fall): leaves, tea, blankets, candles, gratitude, release.
TONE: calm, hopeful, reflective, grounded, and supportive; relaxed posture, open hands, soft expressions.
LINE WORK: primary contours 0.75-1.25 pt, secondary detail 0.5-0.75 pt, at least two visibly distinct line weights, nothing below 0.5 pt, fully closed shapes suitable for coloring.
WHITE SPACE: Keep clean separations between motifs for easy coloring.
TEXT: none. The page must contain no lettering of any kind.
NEGATIVE: violence, weapons, bruising, visible injury, drug use, drug paraphernalia, self-harm, police scenes, hospital or clinical crisis imagery, restraints, panic or extreme distress, gray shading, grayscale, color fills, photorealism, 3D render, distorted hands, extra fingers, malformed faces, stray text or watermarks, overcrowded composition, dense mandala fill, low contrast, broken or open outlines, childish cartoon style, ethnic stereotyping, costume-like exaggeration.","Black-and-white printable adult coloring page, 8.5 x 11 inch portrait, 300 DPI, pure black line art on white, no shading, no grayscale, no color fills, all content inside a 0.375 inch safe margin. Leaves, mugs, candles, and flowers. 8-15 related motifs grouped in balanced clusters with breathing room between forms. no people, no figures, and no body parts anywhere on this page. Cultural character is carried by objects, textiles, plants, and pattern, never by a figure. Keep those details lived-in rather than costume-like. Season cues: leaves, tea, blankets, candles, gratitude, release. Tone: calm, hopeful, reflective, grounded, and supportive; relaxed posture, open hands, soft expressions. Line work: primary contours 0.75-1.25 pt, secondary detail 0.5-0.75 pt, at least two visibly distinct line weights, nothing below 0.5 pt, fully closed shapes suitable for coloring. Keep clean separations between motifs for easy coloring. No text anywhere on the page.","violence, weapons, bruising, visible injury, drug use, drug paraphernalia, self-harm, police scenes, hospital or clinical crisis imagery, restraints, panic or extreme distress, gray shading, grayscale, color fills, photorealism, 3D render, distorted hands, extra fingers, malformed faces, stray text or watermarks, overcrowded composition, dense mandala fill, low contrast, broken or open outlines, childish cartoon style, ethnic stereotyping, costume-like exaggeration"
Hispanic Fall 13,Hispanic,Fall,13,Decorative page,TPL-10,Decorative Border & Pattern Page,Medium,,Medium,"DOC SPEC: 8.5 x 11 inch portrait, 300 DPI, pure black line art on white, no shading, no grayscale, no color fills, all content inside a 0.375 inch safe margin.
SCENE: Woven textures and fall patterns.
COMPOSITION (TPL-10 Decorative Border & Pattern Page): Seasonal border or repeating pattern frame with 4-8 comfort objects set inside it; flatter and more graphic than a symbol cluster. Full-page border or corner frames; Center: object grouping; Background: restrained repeating pattern or open white.
REPRESENTATION: no people, no figures, and no body parts anywhere on this page. Cultural character is carried by objects, textiles, plants, and pattern, never by a figure. Keep those details lived-in rather than costume-like.
SEASON (Fall): leaves, tea, blankets, candles, gratitude, release.
TONE: calm, hopeful, reflective, grounded, and supportive; relaxed posture, open hands, soft expressions.
LINE WORK: primary contours 0.75-1.25 pt, secondary detail 0.5-0.75 pt, at least two visibly distinct line weights, nothing below 0.5 pt, fully closed shapes suitable for coloring.
WHITE SPACE: Keep the center open enough to read as a resting page; pattern supports, never fills.
TEXT: none. The page must contain no lettering of any kind.
NEGATIVE: violence, weapons, bruising, visible injury, drug use, drug paraphernalia, self-harm, police scenes, hospital or clinical crisis imagery, restraints, panic or extreme distress, gray shading, grayscale, color fills, photorealism, 3D render, distorted hands, extra fingers, malformed faces, stray text or watermarks, overcrowded composition, dense mandala fill, low contrast, broken or open outlines, childish cartoon style, ethnic stereotyping, costume-like exaggeration.","Black-and-white printable adult coloring page, 8.5 x 11 inch portrait, 300 DPI, pure black line art on white, no shading, no grayscale, no color fills, all content inside a 0.375 inch safe margin. Woven textures and fall patterns. Seasonal border or repeating pattern frame with 4-8 comfort objects set inside it; flatter and more graphic than a symbol cluster. no people, no figures, and no body parts anywhere on this page. Cultural character is carried by objects, textiles, plants, and pattern, never by a figure. Keep those details lived-in rather than costume-like. Season cues: leaves, tea, blankets, candles, gratitude, release. Tone: calm, hopeful, reflective, grounded, and supportive; relaxed posture, open hands, soft expressions. Line work: primary contours 0.75-1.25 pt, secondary detail 0.5-0.75 pt, at least two visibly distinct line weights, nothing below 0.5 pt, fully closed shapes suitable for coloring. Keep the center open enough to read as a resting page; pattern supports, never fills. No text anywhere on the page.","violence, weapons, bruising, visible injury, drug use, drug paraphernalia, self-harm, police scenes, hospital or clinical crisis imagery, restraints, panic or extreme distress, gray shading, grayscale, color fills, photorealism, 3D render, distorted hands, extra fingers, malformed faces, stray text or watermarks, overcrowded composition, dense mandala fill, low contrast, broken or open outlines, childish cartoon style, ethnic stereotyping, costume-like exaggeration"
Hispanic Fall 14,Hispanic,Fall,14,Environment page,TPL-04,Healing Room Interior,Heavy,,High,"DOC SPEC: 8.5 x 11 inch portrait, 300 DPI, pure black line art on white, no shading, no grayscale, no color fills, all content inside a 0.375 inch safe margin.
SCENE: Reading corner with blankets and houseplants.
COMPOSITION (TPL-04 Healing Room Interior): One interior room with strong furniture silhouette, layered comfort objects, single anchor light source or window. No people. Top: wall art or window; Center: bed, chair, or table anchor; Lower: rug, books, slippers, plants.
REPRESENTATION: no people, no figures, and no body parts anywhere on this page. Cultural character is carried by objects, textiles, plants, and pattern, never by a figure. Keep those details lived-in rather than costume-like.
SEASON (Fall): leaves, tea, blankets, candles, gratitude, release.
TONE: calm, hopeful, reflective, grounded, and supportive; relaxed posture, open hands, soft expressions.
LINE WORK: primary contours 0.75-1.25 pt, secondary detail 0.5-0.75 pt, at least two visibly distinct line weights, nothing below 0.5 pt, fully closed shapes suitable for coloring.
WHITE SPACE: Avoid filling every surface with pattern; leave floors and walls partially open.
TEXT: none. The page must contain no lettering of any kind.
NEGATIVE: violence, weapons, bruising, visible injury, drug use, drug paraphernalia, self-harm, police scenes, hospital or clinical crisis imagery, restraints, panic or extreme distress, gray shading, grayscale, color fills, photorealism, 3D render, distorted hands, extra fingers, malformed faces, stray text or watermarks, overcrowded composition, dense mandala fill, low contrast, broken or open outlines, childish cartoon style, ethnic stereotyping, costume-like exaggeration.","Black-and-white printable adult coloring page, 8.5 x 11 inch portrait, 300 DPI, pure black line art on white, no shading, no grayscale, no color fills, all content inside a 0.375 inch safe margin. Reading corner with blankets and houseplants. One interior room with strong furniture silhouette, layered comfort objects, single anchor light source or window. No people. no people, no figures, and no body parts anywhere on this page. Cultural character is carried by objects, textiles, plants, and pattern, never by a figure. Keep those details lived-in rather than costume-like. Season cues: leaves, tea, blankets, candles, gratitude, release. Tone: calm, hopeful, reflective, grounded, and supportive; relaxed posture, open hands, soft expressions. Line work: primary contours 0.75-1.25 pt, secondary detail 0.5-0.75 pt, at least two visibly distinct line weights, nothing below 0.5 pt, fully closed shapes suitable for coloring. Avoid filling every surface with pattern; leave floors and walls partially open. No text anywhere on the page.","violence, weapons, bruising, visible injury, drug use, drug paraphernalia, self-harm, police scenes, hospital or clinical crisis imagery, restraints, panic or extreme distress, gray shading, grayscale, color fills, photorealism, 3D render, distorted hands, extra fingers, malformed faces, stray text or watermarks, overcrowded composition, dense mandala fill, low contrast, broken or open outlines, childish cartoon style, ethnic stereotyping, costume-like exaggeration"
Hispanic Fall 15,Hispanic,Fall,15,Environment page,TPL-04,Healing Room Interior,Heavy,,Medium,"DOC SPEC: 8.5 x 11 inch portrait, 300 DPI, pure black line art on white, no shading, no grayscale, no color fills, all content inside a 0.375 inch safe margin.
SCENE: Warm dining room sanctuary scene.
COMPOSITION (TPL-04 Healing Room Interior): One interior room with strong furniture silhouette, layered comfort objects, single anchor light source or window. No people. Top: wall art or window; Center: bed, chair, or table anchor; Lower: rug, books, slippers, plants.
REPRESENTATION: no people, no figures, and no body parts anywhere on this page. Cultural character is carried by objects, textiles, plants, and pattern, never by a figure. Keep those details lived-in rather than costume-like.
SEASON (Fall): leaves, tea, blankets, candles, gratitude, release.
TONE: calm, hopeful, reflective, grounded, and supportive; relaxed posture, open hands, soft expressions.
LINE WORK: primary contours 0.75-1.25 pt, secondary detail 0.5-0.75 pt, at least two visibly distinct line weights, nothing below 0.5 pt, fully closed shapes suitable for coloring.
WHITE SPACE: Avoid filling every surface with pattern; leave floors and walls partially open.
VARIATION: Use 2 of TPL-04 in this book — change the room and anchor furniture: bed vs armchair vs table, and move the light source.
TEXT: none. The page must contain no lettering of any kind.
NEGATIVE: violence, weapons, bruising, visible injury, drug use, drug paraphernalia, self-harm, police scenes, hospital or clinical crisis imagery, restraints, panic or extreme distress, gray shading, grayscale, color fills, photorealism, 3D render, distorted hands, extra fingers, malformed faces, stray text or watermarks, overcrowded composition, dense mandala fill, low contrast, broken or open outlines, childish cartoon style, ethnic stereotyping, costume-like exaggeration.","Black-and-white printable adult coloring page, 8.5 x 11 inch portrait, 300 DPI, pure black line art on white, no shading, no grayscale, no color fills, all content inside a 0.375 inch safe margin. Warm dining room sanctuary scene. One interior room with strong furniture silhouette, layered comfort objects, single anchor light source or window. No people. no people, no figures, and no body parts anywhere on this page. Cultural character is carried by objects, textiles, plants, and pattern, never by a figure. Keep those details lived-in rather than costume-like. Season cues: leaves, tea, blankets, candles, gratitude, release. Tone: calm, hopeful, reflective, grounded, and supportive; relaxed posture, open hands, soft expressions. Line work: primary contours 0.75-1.25 pt, secondary detail 0.5-0.75 pt, at least two visibly distinct line weights, nothing below 0.5 pt, fully closed shapes suitable for coloring. Avoid filling every surface with pattern; leave floors and walls partially open. No text anywhere on the page.","violence, weapons, bruising, visible injury, drug use, drug paraphernalia, self-harm, police scenes, hospital or clinical crisis imagery, restraints, panic or extreme distress, gray shading, grayscale, color fills, photorealism, 3D render, distorted hands, extra fingers, malformed faces, stray text or watermarks, overcrowded composition, dense mandala fill, low contrast, broken or open outlines, childish cartoon style, ethnic stereotyping, costume-like exaggeration"
Hispanic Winter 01,Hispanic,Winter,01,Solo portrait,TPL-08,Window + Journal Reflection,Medium,,High,"DOC SPEC: 8.5 x 11 inch portrait, 300 DPI, pure black line art on white, no shading, no grayscale, no color fills, all content inside a 0.375 inch safe margin.
SCENE: Woman with candle and journal by a window.
COMPOSITION (TPL-08 Window + Journal Reflection): Person seated indoors at a window with a journal, mug, or book; the outside view simplified to weather and one or two shapes; indoor comfort props nearby. Top: window frame and weather; Center: seated figure; Lower: blanket, book, mug, plant.
REPRESENTATION: Hispanic figures with varied skin tones and hair textures, warm family framing, and culturally familiar domestic details. Natural proportions. No stereotypes, no costume-like exaggeration, no tokenism.
SEASON (Winter): snow, quilts, lamps, cocoa, candles, indoor calm.
TONE: calm, hopeful, reflective, grounded, and supportive; relaxed posture, open hands, soft expressions.
LINE WORK: primary contours 0.75-1.25 pt, secondary detail 0.5-0.75 pt, at least two visibly distinct line weights, nothing below 0.5 pt, fully closed shapes suitable for coloring.
WHITE SPACE: The window view should stay simple and not compete with the figure.
TEXT: none. The page must contain no lettering of any kind.
NEGATIVE: violence, weapons, bruising, visible injury, drug use, drug paraphernalia, self-harm, police scenes, hospital or clinical crisis imagery, restraints, panic or extreme distress, gray shading, grayscale, color fills, photorealism, 3D render, distorted hands, extra fingers, malformed faces, stray text or watermarks, overcrowded composition, dense mandala fill, low contrast, broken or open outlines, childish cartoon style, ethnic stereotyping, costume-like exaggeration.","Black-and-white printable adult coloring page, 8.5 x 11 inch portrait, 300 DPI, pure black line art on white, no shading, no grayscale, no color fills, all content inside a 0.375 inch safe margin. Woman with candle and journal by a window. Person seated indoors at a window with a journal, mug, or book; the outside view simplified to weather and one or two shapes; indoor comfort props nearby. Hispanic figures with varied skin tones and hair textures, warm family framing, and culturally familiar domestic details. Season cues: snow, quilts, lamps, cocoa, candles, indoor calm. Tone: calm, hopeful, reflective, grounded, and supportive; relaxed posture, open hands, soft expressions. Line work: primary contours 0.75-1.25 pt, secondary detail 0.5-0.75 pt, at least two visibly distinct line weights, nothing below 0.5 pt, fully closed shapes suitable for coloring. The window view should stay simple and not compete with the figure. No text anywhere on the page.","violence, weapons, bruising, visible injury, drug use, drug paraphernalia, self-harm, police scenes, hospital or clinical crisis imagery, restraints, panic or extreme distress, gray shading, grayscale, color fills, photorealism, 3D render, distorted hands, extra fingers, malformed faces, stray text or watermarks, overcrowded composition, dense mandala fill, low contrast, broken or open outlines, childish cartoon style, ethnic stereotyping, costume-like exaggeration"
Hispanic Winter 02,Hispanic,Winter,02,Solo portrait,TPL-06,Walking Reflection Scene,Light-Medium,,Medium,"DOC SPEC: 8.5 x 11 inch portrait, 300 DPI, pure black line art on white, no shading, no grayscale, no color fills, all content inside a 0.375 inch safe margin.
SCENE: Man bundled up on a peaceful morning walk.
COMPOSITION (TPL-06 Walking Reflection Scene): Single figure outdoors on a path, sidewalk, trail, dock, or shoreline with calm background depth and limited environmental clutter. Top: sky, trees, or buildings minimal; Center: figure; Lower: path, leaves, water, flowers, pavement texture.
REPRESENTATION: Hispanic figures with varied skin tones and hair textures, warm family framing, and culturally familiar domestic details. Natural proportions. No stereotypes, no costume-like exaggeration, no tokenism.
SEASON (Winter): snow, quilts, lamps, cocoa, candles, indoor calm.
TONE: calm, hopeful, reflective, grounded, and supportive; relaxed posture, open hands, soft expressions.
LINE WORK: primary contours 0.75-1.25 pt, secondary detail 0.5-0.75 pt, at least two visibly distinct line weights, nothing below 0.5 pt, fully closed shapes suitable for coloring.
WHITE SPACE: Keep large sky and path zones open to avoid density.
TEXT: none. The page must contain no lettering of any kind.
NEGATIVE: violence, weapons, bruising, visible injury, drug use, drug paraphernalia, self-harm, police scenes, hospital or clinical crisis imagery, restraints, panic or extreme distress, gray shading, grayscale, color fills, photorealism, 3D render, distorted hands, extra fingers, malformed faces, stray text or watermarks, overcrowded composition, dense mandala fill, low contrast, broken or open outlines, childish cartoon style, ethnic stereotyping, costume-like exaggeration.","Black-and-white printable adult coloring page, 8.5 x 11 inch portrait, 300 DPI, pure black line art on white, no shading, no grayscale, no color fills, all content inside a 0.375 inch safe margin. Man bundled up on a peaceful morning walk. Single figure outdoors on a path, sidewalk, trail, dock, or shoreline with calm background depth and limited environmental clutter. Hispanic figures with varied skin tones and hair textures, warm family framing, and culturally familiar domestic details. Season cues: snow, quilts, lamps, cocoa, candles, indoor calm. Tone: calm, hopeful, reflective, grounded, and supportive; relaxed posture, open hands, soft expressions. Line work: primary contours 0.75-1.25 pt, secondary detail 0.5-0.75 pt, at least two visibly distinct line weights, nothing below 0.5 pt, fully closed shapes suitable for coloring. Keep large sky and path zones open to avoid density. No text anywhere on the page.","violence, weapons, bruising, visible injury, drug use, drug paraphernalia, self-harm, police scenes, hospital or clinical crisis imagery, restraints, panic or extreme distress, gray shading, grayscale, color fills, photorealism, 3D render, distorted hands, extra fingers, malformed faces, stray text or watermarks, overcrowded composition, dense mandala fill, low contrast, broken or open outlines, childish cartoon style, ethnic stereotyping, costume-like exaggeration"
Hispanic Winter 03,Hispanic,Winter,03,Solo portrait,TPL-01,Solo Portrait Calm Scene,Medium,,High,"DOC SPEC: 8.5 x 11 inch portrait, 300 DPI, pure black line art on white, no shading, no grayscale, no color fills, all content inside a 0.375 inch safe margin.
SCENE: Young adult coloring near a lamp and blanket.
COMPOSITION (TPL-01 Solo Portrait Calm Scene): One focal person centered slightly off-axis, 2-3 supporting props, light background context, open lower corners. Top: seasonal cues; Center: face/body focal point; Mid-lower: hands/object; Edges: light framing motifs.
REPRESENTATION: Hispanic figures with varied skin tones and hair textures, warm family framing, and culturally familiar domestic details. Natural proportions. No stereotypes, no costume-like exaggeration, no tokenism.
SEASON (Winter): snow, quilts, lamps, cocoa, candles, indoor calm.
TONE: calm, hopeful, reflective, grounded, and supportive; relaxed posture, open hands, soft expressions.
LINE WORK: primary contours 0.75-1.25 pt, secondary detail 0.5-0.75 pt, at least two visibly distinct line weights, nothing below 0.5 pt, fully closed shapes suitable for coloring.
WHITE SPACE: Leave 35-45 percent open colorable space.
TEXT: none. The page must contain no lettering of any kind.
NEGATIVE: violence, weapons, bruising, visible injury, drug use, drug paraphernalia, self-harm, police scenes, hospital or clinical crisis imagery, restraints, panic or extreme distress, gray shading, grayscale, color fills, photorealism, 3D render, distorted hands, extra fingers, malformed faces, stray text or watermarks, overcrowded composition, dense mandala fill, low contrast, broken or open outlines, childish cartoon style, ethnic stereotyping, costume-like exaggeration.","Black-and-white printable adult coloring page, 8.5 x 11 inch portrait, 300 DPI, pure black line art on white, no shading, no grayscale, no color fills, all content inside a 0.375 inch safe margin. Young adult coloring near a lamp and blanket. One focal person centered slightly off-axis, 2-3 supporting props, light background context, open lower corners. Hispanic figures with varied skin tones and hair textures, warm family framing, and culturally familiar domestic details. Season cues: snow, quilts, lamps, cocoa, candles, indoor calm. Tone: calm, hopeful, reflective, grounded, and supportive; relaxed posture, open hands, soft expressions. Line work: primary contours 0.75-1.25 pt, secondary detail 0.5-0.75 pt, at least two visibly distinct line weights, nothing below 0.5 pt, fully closed shapes suitable for coloring. Leave 35-45 percent open colorable space. No text anywhere on the page.","violence, weapons, bruising, visible injury, drug use, drug paraphernalia, self-harm, police scenes, hospital or clinical crisis imagery, restraints, panic or extreme distress, gray shading, grayscale, color fills, photorealism, 3D render, distorted hands, extra fingers, malformed faces, stray text or watermarks, overcrowded composition, dense mandala fill, low contrast, broken or open outlines, childish cartoon style, ethnic stereotyping, costume-like exaggeration"
Hispanic Winter 04,Hispanic,Winter,04,Solo portrait,TPL-01,Solo Portrait Calm Scene,Medium,,High,"DOC SPEC: 8.5 x 11 inch portrait, 300 DPI, pure black line art on white, no shading, no grayscale, no color fills, all content inside a 0.375 inch safe margin.
SCENE: Woman reflecting with cocoa and soft music.
COMPOSITION (TPL-01 Solo Portrait Calm Scene): One focal person centered slightly off-axis, 2-3 supporting props, light background context, open lower corners. Top: seasonal cues; Center: face/body focal point; Mid-lower: hands/object; Edges: light framing motifs.
REPRESENTATION: Hispanic figures with varied skin tones and hair textures, warm family framing, and culturally familiar domestic details. Natural proportions. No stereotypes, no costume-like exaggeration, no tokenism.
SEASON (Winter): snow, quilts, lamps, cocoa, candles, indoor calm.
TONE: calm, hopeful, reflective, grounded, and supportive; relaxed posture, open hands, soft expressions.
LINE WORK: primary contours 0.75-1.25 pt, secondary detail 0.5-0.75 pt, at least two visibly distinct line weights, nothing below 0.5 pt, fully closed shapes suitable for coloring.
WHITE SPACE: Leave 35-45 percent open colorable space.
VARIATION: Use 2 of TPL-01 in this book — change the viewpoint and prop cluster: seated vs standing, three-quarter vs frontal, and a different anchor object.
TEXT: none. The page must contain no lettering of any kind.
NEGATIVE: violence, weapons, bruising, visible injury, drug use, drug paraphernalia, self-harm, police scenes, hospital or clinical crisis imagery, restraints, panic or extreme distress, gray shading, grayscale, color fills, photorealism, 3D render, distorted hands, extra fingers, malformed faces, stray text or watermarks, overcrowded composition, dense mandala fill, low contrast, broken or open outlines, childish cartoon style, ethnic stereotyping, costume-like exaggeration.","Black-and-white printable adult coloring page, 8.5 x 11 inch portrait, 300 DPI, pure black line art on white, no shading, no grayscale, no color fills, all content inside a 0.375 inch safe margin. Woman reflecting with cocoa and soft music. One focal person centered slightly off-axis, 2-3 supporting props, light background context, open lower corners. Hispanic figures with varied skin tones and hair textures, warm family framing, and culturally familiar domestic details. Season cues: snow, quilts, lamps, cocoa, candles, indoor calm. Tone: calm, hopeful, reflective, grounded, and supportive; relaxed posture, open hands, soft expressions. Line work: primary contours 0.75-1.25 pt, secondary detail 0.5-0.75 pt, at least two visibly distinct line weights, nothing below 0.5 pt, fully closed shapes suitable for coloring. Leave 35-45 percent open colorable space. No text anywhere on the page.","violence, weapons, bruising, visible injury, drug use, drug paraphernalia, self-harm, police scenes, hospital or clinical crisis imagery, restraints, panic or extreme distress, gray shading, grayscale, color fills, photorealism, 3D render, distorted hands, extra fingers, malformed faces, stray text or watermarks, overcrowded composition, dense mandala fill, low contrast, broken or open outlines, childish cartoon style, ethnic stereotyping, costume-like exaggeration"
Hispanic Winter 05,Hispanic,Winter,05,Community scene,TPL-02,Support Circle Scene,Heavy,,High,"DOC SPEC: 8.5 x 11 inch portrait, 300 DPI, pure black line art on white, no shading, no grayscale, no color fills, all content inside a 0.375 inch safe margin.
SCENE: Indoor support gathering with welcoming chairs.
COMPOSITION (TPL-02 Support Circle Scene): 3-5 people in a curved or circular arrangement, one clear focal interaction, simple background geometry. Indoor variant uses simple room geometry; outdoor variant uses trees, park edge, or garden as a low-detail backdrop. Top: wall, window, banners, or tree line kept minimal; Center: group interaction; Bottom: chairs, floor, ground, grounding objects.
REPRESENTATION: Hispanic figures with varied skin tones and hair textures, warm family framing, and culturally familiar domestic details. Natural proportions. No stereotypes, no costume-like exaggeration, no tokenism.
SEASON (Winter): snow, quilts, lamps, cocoa, candles, indoor calm.
TONE: calm, hopeful, reflective, grounded, and supportive; relaxed posture, open hands, soft expressions.
LINE WORK: primary contours 0.75-1.25 pt, secondary detail 0.5-0.75 pt, at least two visibly distinct line weights, nothing below 0.5 pt, fully closed shapes suitable for coloring.
WHITE SPACE: Keep background under 30 percent detail so figures stay readable.
TEXT: none. The page must contain no lettering of any kind.
NEGATIVE: violence, weapons, bruising, visible injury, drug use, drug paraphernalia, self-harm, police scenes, hospital or clinical crisis imagery, restraints, panic or extreme distress, gray shading, grayscale, color fills, photorealism, 3D render, distorted hands, extra fingers, malformed faces, stray text or watermarks, overcrowded composition, dense mandala fill, low contrast, broken or open outlines, childish cartoon style, ethnic stereotyping, costume-like exaggeration.","Black-and-white printable adult coloring page, 8.5 x 11 inch portrait, 300 DPI, pure black line art on white, no shading, no grayscale, no color fills, all content inside a 0.375 inch safe margin. Indoor support gathering with welcoming chairs. 3-5 people in a curved or circular arrangement, one clear focal interaction, simple background geometry. Indoor variant uses simple room geometry; outdoor variant uses trees, park edge, or garden as a low-detail backdrop. Hispanic figures with varied skin tones and hair textures, warm family framing, and culturally familiar domestic details. Season cues: snow, quilts, lamps, cocoa, candles, indoor calm. Tone: calm, hopeful, reflective, grounded, and supportive; relaxed posture, open hands, soft expressions. Line work: primary contours 0.75-1.25 pt, secondary detail 0.5-0.75 pt, at least two visibly distinct line weights, nothing below 0.5 pt, fully closed shapes suitable for coloring. Keep background under 30 percent detail so figures stay readable. No text anywhere on the page.","violence, weapons, bruising, visible injury, drug use, drug paraphernalia, self-harm, police scenes, hospital or clinical crisis imagery, restraints, panic or extreme distress, gray shading, grayscale, color fills, photorealism, 3D render, distorted hands, extra fingers, malformed faces, stray text or watermarks, overcrowded composition, dense mandala fill, low contrast, broken or open outlines, childish cartoon style, ethnic stereotyping, costume-like exaggeration"
Hispanic Winter 06,Hispanic,Winter,06,Community scene,TPL-07,Pair Conversation Scene,Medium,,Medium,"DOC SPEC: 8.5 x 11 inch portrait, 300 DPI, pure black line art on white, no shading, no grayscale, no color fills, all content inside a 0.375 inch safe margin.
SCENE: Parent and adult child sharing healing conversation.
COMPOSITION (TPL-07 Pair Conversation Scene): Exactly 2-3 figures in close, readable interaction: seated together, standing side by side, or walking together. Anchor is a porch railing, patio edge, park or city bench, kitchen or dining table, shop chair, or shared task. Top: plants, string lights, window, or tree line; Center: the two figures and their shared focus; Bottom: floorboards, table, bench, path, or ground.
REPRESENTATION: Hispanic figures with varied skin tones and hair textures, warm family framing, and culturally familiar domestic details. Natural proportions. No stereotypes, no costume-like exaggeration, no tokenism.
SEASON (Winter): snow, quilts, lamps, cocoa, candles, indoor calm.
TONE: calm, hopeful, reflective, grounded, and supportive; relaxed posture, open hands, soft expressions.
LINE WORK: primary contours 0.75-1.25 pt, secondary detail 0.5-0.75 pt, at least two visibly distinct line weights, nothing below 0.5 pt, fully closed shapes suitable for coloring.
WHITE SPACE: Keep railing, walls, table, and ground simple enough for color fill.
TEXT: none. The page must contain no lettering of any kind.
NEGATIVE: violence, weapons, bruising, visible injury, drug use, drug paraphernalia, self-harm, police scenes, hospital or clinical crisis imagery, restraints, panic or extreme distress, gray shading, grayscale, color fills, photorealism, 3D render, distorted hands, extra fingers, malformed faces, stray text or watermarks, overcrowded composition, dense mandala fill, low contrast, broken or open outlines, childish cartoon style, ethnic stereotyping, costume-like exaggeration.","Black-and-white printable adult coloring page, 8.5 x 11 inch portrait, 300 DPI, pure black line art on white, no shading, no grayscale, no color fills, all content inside a 0.375 inch safe margin. Parent and adult child sharing healing conversation. Exactly 2-3 figures in close, readable interaction: seated together, standing side by side, or walking together. Anchor is a porch railing, patio edge, park or city bench, kitchen or dining table, shop chair, or shared task. Hispanic figures with varied skin tones and hair textures, warm family framing, and culturally familiar domestic details. Season cues: snow, quilts, lamps, cocoa, candles, indoor calm. Tone: calm, hopeful, reflective, grounded, and supportive; relaxed posture, open hands, soft expressions. Line work: primary contours 0.75-1.25 pt, secondary detail 0.5-0.75 pt, at least two visibly distinct line weights, nothing below 0.5 pt, fully closed shapes suitable for coloring. Keep railing, walls, table, and ground simple enough for color fill. No text anywhere on the page.","violence, weapons, bruising, visible injury, drug use, drug paraphernalia, self-harm, police scenes, hospital or clinical crisis imagery, restraints, panic or extreme distress, gray shading, grayscale, color fills, photorealism, 3D render, distorted hands, extra fingers, malformed faces, stray text or watermarks, overcrowded composition, dense mandala fill, low contrast, broken or open outlines, childish cartoon style, ethnic stereotyping, costume-like exaggeration"
Hispanic Winter 07,Hispanic,Winter,07,Community scene,TPL-07,Pair Conversation Scene,Medium,,Medium,"DOC SPEC: 8.5 x 11 inch portrait, 300 DPI, pure black line art on white, no shading, no grayscale, no color fills, all content inside a 0.375 inch safe margin.
SCENE: Friends checking on one another during winter.
COMPOSITION (TPL-07 Pair Conversation Scene): Exactly 2-3 figures in close, readable interaction: seated together, standing side by side, or walking together. Anchor is a porch railing, patio edge, park or city bench, kitchen or dining table, shop chair, or shared task. Top: plants, string lights, window, or tree line; Center: the two figures and their shared focus; Bottom: floorboards, table, bench, path, or ground.
REPRESENTATION: Hispanic figures with varied skin tones and hair textures, warm family framing, and culturally familiar domestic details. Natural proportions. No stereotypes, no costume-like exaggeration, no tokenism.
SEASON (Winter): snow, quilts, lamps, cocoa, candles, indoor calm.
TONE: calm, hopeful, reflective, grounded, and supportive; relaxed posture, open hands, soft expressions.
LINE WORK: primary contours 0.75-1.25 pt, secondary detail 0.5-0.75 pt, at least two visibly distinct line weights, nothing below 0.5 pt, fully closed shapes suitable for coloring.
WHITE SPACE: Keep railing, walls, table, and ground simple enough for color fill.
VARIATION: Use 2 of TPL-07 in this book — change the arrangement: side by side vs facing, seated vs walking, and a different shared object.
TEXT: none. The page must contain no lettering of any kind.
NEGATIVE: violence, weapons, bruising, visible injury, drug use, drug paraphernalia, self-harm, police scenes, hospital or clinical crisis imagery, restraints, panic or extreme distress, gray shading, grayscale, color fills, photorealism, 3D render, distorted hands, extra fingers, malformed faces, stray text or watermarks, overcrowded composition, dense mandala fill, low contrast, broken or open outlines, childish cartoon style, ethnic stereotyping, costume-like exaggeration.","Black-and-white printable adult coloring page, 8.5 x 11 inch portrait, 300 DPI, pure black line art on white, no shading, no grayscale, no color fills, all content inside a 0.375 inch safe margin. Friends checking on one another during winter. Exactly 2-3 figures in close, readable interaction: seated together, standing side by side, or walking together. Anchor is a porch railing, patio edge, park or city bench, kitchen or dining table, shop chair, or shared task. Hispanic figures with varied skin tones and hair textures, warm family framing, and culturally familiar domestic details. Season cues: snow, quilts, lamps, cocoa, candles, indoor calm. Tone: calm, hopeful, reflective, grounded, and supportive; relaxed posture, open hands, soft expressions. Line work: primary contours 0.75-1.25 pt, secondary detail 0.5-0.75 pt, at least two visibly distinct line weights, nothing below 0.5 pt, fully closed shapes suitable for coloring. Keep railing, walls, table, and ground simple enough for color fill. No text anywhere on the page.","violence, weapons, bruising, visible injury, drug use, drug paraphernalia, self-harm, police scenes, hospital or clinical crisis imagery, restraints, panic or extreme distress, gray shading, grayscale, color fills, photorealism, 3D render, distorted hands, extra fingers, malformed faces, stray text or watermarks, overcrowded composition, dense mandala fill, low contrast, broken or open outlines, childish cartoon style, ethnic stereotyping, costume-like exaggeration"
Hispanic Winter 08,Hispanic,Winter,08,Community scene,TPL-02,Support Circle Scene,Heavy,,High,"DOC SPEC: 8.5 x 11 inch portrait, 300 DPI, pure black line art on white, no shading, no grayscale, no color fills, all content inside a 0.375 inch safe margin.
SCENE: Family game night centered on safe connection.
COMPOSITION (TPL-02 Support Circle Scene): 3-5 people in a curved or circular arrangement, one clear focal interaction, simple background geometry. Indoor variant uses simple room geometry; outdoor variant uses trees, park edge, or garden as a low-detail backdrop. Top: wall, window, banners, or tree line kept minimal; Center: group interaction; Bottom: chairs, floor, ground, grounding objects.
REPRESENTATION: Hispanic figures with varied skin tones and hair textures, warm family framing, and culturally familiar domestic details. Natural proportions. No stereotypes, no costume-like exaggeration, no tokenism.
SEASON (Winter): snow, quilts, lamps, cocoa, candles, indoor calm.
TONE: calm, hopeful, reflective, grounded, and supportive; relaxed posture, open hands, soft expressions.
LINE WORK: primary contours 0.75-1.25 pt, secondary detail 0.5-0.75 pt, at least two visibly distinct line weights, nothing below 0.5 pt, fully closed shapes suitable for coloring.
WHITE SPACE: Keep background under 30 percent detail so figures stay readable.
VARIATION: Use 2 of TPL-02 in this book — change the seating geometry and eye level: open horseshoe vs closed ring, standing vs seated, and a different room or landscape anchor.
TEXT: none. The page must contain no lettering of any kind.
NEGATIVE: violence, weapons, bruising, visible injury, drug use, drug paraphernalia, self-harm, police scenes, hospital or clinical crisis imagery, restraints, panic or extreme distress, gray shading, grayscale, color fills, photorealism, 3D render, distorted hands, extra fingers, malformed faces, stray text or watermarks, overcrowded composition, dense mandala fill, low contrast, broken or open outlines, childish cartoon style, ethnic stereotyping, costume-like exaggeration.","Black-and-white printable adult coloring page, 8.5 x 11 inch portrait, 300 DPI, pure black line art on white, no shading, no grayscale, no color fills, all content inside a 0.375 inch safe margin. Family game night centered on safe connection. 3-5 people in a curved or circular arrangement, one clear focal interaction, simple background geometry. Indoor variant uses simple room geometry; outdoor variant uses trees, park edge, or garden as a low-detail backdrop. Hispanic figures with varied skin tones and hair textures, warm family framing, and culturally familiar domestic details. Season cues: snow, quilts, lamps, cocoa, candles, indoor calm. Tone: calm, hopeful, reflective, grounded, and supportive; relaxed posture, open hands, soft expressions. Line work: primary contours 0.75-1.25 pt, secondary detail 0.5-0.75 pt, at least two visibly distinct line weights, nothing below 0.5 pt, fully closed shapes suitable for coloring. Keep background under 30 percent detail so figures stay readable. No text anywhere on the page.","violence, weapons, bruising, visible injury, drug use, drug paraphernalia, self-harm, police scenes, hospital or clinical crisis imagery, restraints, panic or extreme distress, gray shading, grayscale, color fills, photorealism, 3D render, distorted hands, extra fingers, malformed faces, stray text or watermarks, overcrowded composition, dense mandala fill, low contrast, broken or open outlines, childish cartoon style, ethnic stereotyping, costume-like exaggeration"
Hispanic Winter 09,Hispanic,Winter,09,Quote page,TPL-03,Quote Page Framed Border,Light,La esperanza regresa.,High,"DOC SPEC: 8.5 x 11 inch portrait, 300 DPI, pure black line art on white, no shading, no grayscale, no color fills, all content inside a 0.375 inch safe margin.
SCENE: Winter light and soft stars.
COMPOSITION (TPL-03 Quote Page Framed Border): Short centered quote with wide margins and seasonal border motifs on 2-4 sides. Top-third: quote; Outer frame: florals and symbols; Corners: accent clusters; Center whitespace preserved.
REPRESENTATION: no people, no figures, and no body parts anywhere on this page. Cultural character is carried by objects, textiles, plants, and pattern, never by a figure. Keep those details lived-in rather than costume-like.
SEASON (Winter): snow, quilts, lamps, cocoa, candles, indoor calm.
TONE: calm, hopeful, reflective, grounded, and supportive; relaxed posture, open hands, soft expressions.
LINE WORK: primary contours 0.75-1.25 pt, secondary detail 0.5-0.75 pt, at least two visibly distinct line weights, nothing below 0.5 pt, fully closed shapes suitable for coloring.
WHITE SPACE: Preserve at least 50 percent open space around text.
QUOTE TEXT: ""La esperanza regresa."" Set centered in the upper-middle in a clean serif, well inside the safe margin. This is the only text on the page. The quote is Spanish. Reproduce every accent exactly and verify it against the tracker before export.
NEGATIVE: violence, weapons, bruising, visible injury, drug use, drug paraphernalia, self-harm, police scenes, hospital or clinical crisis imagery, restraints, panic or extreme distress, gray shading, grayscale, color fills, photorealism, 3D render, distorted hands, extra fingers, malformed faces, stray text or watermarks, overcrowded composition, dense mandala fill, low contrast, broken or open outlines, childish cartoon style, ethnic stereotyping, costume-like exaggeration.","Black-and-white printable adult coloring page, 8.5 x 11 inch portrait, 300 DPI, pure black line art on white, no shading, no grayscale, no color fills, all content inside a 0.375 inch safe margin. Winter light and soft stars. Short centered quote with wide margins and seasonal border motifs on 2-4 sides. no people, no figures, and no body parts anywhere on this page. Cultural character is carried by objects, textiles, plants, and pattern, never by a figure. Keep those details lived-in rather than costume-like. Season cues: snow, quilts, lamps, cocoa, candles, indoor calm. Tone: calm, hopeful, reflective, grounded, and supportive; relaxed posture, open hands, soft expressions. Line work: primary contours 0.75-1.25 pt, secondary detail 0.5-0.75 pt, at least two visibly distinct line weights, nothing below 0.5 pt, fully closed shapes suitable for coloring. Preserve at least 50 percent open space around text. Quote text: ""La esperanza regresa."" centered, upper-middle.","violence, weapons, bruising, visible injury, drug use, drug paraphernalia, self-harm, police scenes, hospital or clinical crisis imagery, restraints, panic or extreme distress, gray shading, grayscale, color fills, photorealism, 3D render, distorted hands, extra fingers, malformed faces, stray text or watermarks, overcrowded composition, dense mandala fill, low contrast, broken or open outlines, childish cartoon style, ethnic stereotyping, costume-like exaggeration"
Hispanic Winter 10,Hispanic,Winter,10,Quote page,TPL-03,Quote Page Framed Border,Light,Merezco ternura.,High,"DOC SPEC: 8.5 x 11 inch portrait, 300 DPI, pure black line art on white, no shading, no grayscale, no color fills, all content inside a 0.375 inch safe margin.
SCENE: Candle and cozy texture.
COMPOSITION (TPL-03 Quote Page Framed Border): Short centered quote with wide margins and seasonal border motifs on 2-4 sides. Top-third: quote; Outer frame: florals and symbols; Corners: accent clusters; Center whitespace preserved.
REPRESENTATION: no people, no figures, and no body parts anywhere on this page. Cultural character is carried by objects, textiles, plants, and pattern, never by a figure. Keep those details lived-in rather than costume-like.
SEASON (Winter): snow, quilts, lamps, cocoa, candles, indoor calm.
TONE: calm, hopeful, reflective, grounded, and supportive; relaxed posture, open hands, soft expressions.
LINE WORK: primary contours 0.75-1.25 pt, secondary detail 0.5-0.75 pt, at least two visibly distinct line weights, nothing below 0.5 pt, fully closed shapes suitable for coloring.
WHITE SPACE: Preserve at least 50 percent open space around text.
VARIATION: Use 2 of TPL-03 in this book — change the border family and quote placement: full frame vs two-corner vs top-and-bottom band.
QUOTE TEXT: ""Merezco ternura."" Set centered in the upper-middle in a clean serif, well inside the safe margin. This is the only text on the page. The quote is Spanish. Reproduce every accent exactly and verify it against the tracker before export.
NEGATIVE: violence, weapons, bruising, visible injury, drug use, drug paraphernalia, self-harm, police scenes, hospital or clinical crisis imagery, restraints, panic or extreme distress, gray shading, grayscale, color fills, photorealism, 3D render, distorted hands, extra fingers, malformed faces, stray text or watermarks, overcrowded composition, dense mandala fill, low contrast, broken or open outlines, childish cartoon style, ethnic stereotyping, costume-like exaggeration.","Black-and-white printable adult coloring page, 8.5 x 11 inch portrait, 300 DPI, pure black line art on white, no shading, no grayscale, no color fills, all content inside a 0.375 inch safe margin. Candle and cozy texture. Short centered quote with wide margins and seasonal border motifs on 2-4 sides. no people, no figures, and no body parts anywhere on this page. Cultural character is carried by objects, textiles, plants, and pattern, never by a figure. Keep those details lived-in rather than costume-like. Season cues: snow, quilts, lamps, cocoa, candles, indoor calm. Tone: calm, hopeful, reflective, grounded, and supportive; relaxed posture, open hands, soft expressions. Line work: primary contours 0.75-1.25 pt, secondary detail 0.5-0.75 pt, at least two visibly distinct line weights, nothing below 0.5 pt, fully closed shapes suitable for coloring. Preserve at least 50 percent open space around text. Quote text: ""Merezco ternura."" centered, upper-middle.","violence, weapons, bruising, visible injury, drug use, drug paraphernalia, self-harm, police scenes, hospital or clinical crisis imagery, restraints, panic or extreme distress, gray shading, grayscale, color fills, photorealism, 3D render, distorted hands, extra fingers, malformed faces, stray text or watermarks, overcrowded composition, dense mandala fill, low contrast, broken or open outlines, childish cartoon style, ethnic stereotyping, costume-like exaggeration"
Hispanic Winter 11,Hispanic,Winter,11,Quote page,TPL-03,Quote Page Framed Border,Light,Poco a poco.,High,"DOC SPEC: 8.5 x 11 inch portrait, 300 DPI, pure black line art on white, no shading, no grayscale, no color fills, all content inside a 0.375 inch safe margin.
SCENE: Snow and light motif.
COMPOSITION (TPL-03 Quote Page Framed Border): Short centered quote with wide margins and seasonal border motifs on 2-4 sides. Top-third: quote; Outer frame: florals and symbols; Corners: accent clusters; Center whitespace preserved.
REPRESENTATION: no people, no figures, and no body parts anywhere on this page. Cultural character is carried by objects, textiles, plants, and pattern, never by a figure. Keep those details lived-in rather than costume-like.
SEASON (Winter): snow, quilts, lamps, cocoa, candles, indoor calm.
TONE: calm, hopeful, reflective, grounded, and supportive; relaxed posture, open hands, soft expressions.
LINE WORK: primary contours 0.75-1.25 pt, secondary detail 0.5-0.75 pt, at least two visibly distinct line weights, nothing below 0.5 pt, fully closed shapes suitable for coloring.
WHITE SPACE: Preserve at least 50 percent open space around text.
VARIATION: Use 3 of TPL-03 in this book — change the border family and quote placement: full frame vs two-corner vs top-and-bottom band.
QUOTE TEXT: ""Poco a poco."" Set centered in the upper-middle in a clean serif, well inside the safe margin. This is the only text on the page. The quote is Spanish. Reproduce every accent exactly and verify it against the tracker before export.
NEGATIVE: violence, weapons, bruising, visible injury, drug use, drug paraphernalia, self-harm, police scenes, hospital or clinical crisis imagery, restraints, panic or extreme distress, gray shading, grayscale, color fills, photorealism, 3D render, distorted hands, extra fingers, malformed faces, stray text or watermarks, overcrowded composition, dense mandala fill, low contrast, broken or open outlines, childish cartoon style, ethnic stereotyping, costume-like exaggeration.","Black-and-white printable adult coloring page, 8.5 x 11 inch portrait, 300 DPI, pure black line art on white, no shading, no grayscale, no color fills, all content inside a 0.375 inch safe margin. Snow and light motif. Short centered quote with wide margins and seasonal border motifs on 2-4 sides. no people, no figures, and no body parts anywhere on this page. Cultural character is carried by objects, textiles, plants, and pattern, never by a figure. Keep those details lived-in rather than costume-like. Season cues: snow, quilts, lamps, cocoa, candles, indoor calm. Tone: calm, hopeful, reflective, grounded, and supportive; relaxed posture, open hands, soft expressions. Line work: primary contours 0.75-1.25 pt, secondary detail 0.5-0.75 pt, at least two visibly distinct line weights, nothing below 0.5 pt, fully closed shapes suitable for coloring. Preserve at least 50 percent open space around text. Quote text: ""Poco a poco."" centered, upper-middle.","violence, weapons, bruising, visible injury, drug use, drug paraphernalia, self-harm, police scenes, hospital or clinical crisis imagery, restraints, panic or extreme distress, gray shading, grayscale, color fills, photorealism, 3D render, distorted hands, extra fingers, malformed faces, stray text or watermarks, overcrowded composition, dense mandala fill, low contrast, broken or open outlines, childish cartoon style, ethnic stereotyping, costume-like exaggeration"
Hispanic Winter 12,Hispanic,Winter,12,Symbol page,TPL-05,Symbol Cluster Page,Medium,,Medium,"DOC SPEC: 8.5 x 11 inch portrait, 300 DPI, pure black line art on white, no shading, no grayscale, no color fills, all content inside a 0.375 inch safe margin.
SCENE: Stars, candles, mittens, and hearts.
COMPOSITION (TPL-05 Symbol Cluster Page): 8-15 related motifs grouped in balanced clusters with breathing room between forms. Distributed clusters across the full page with one central anchor motif.
REPRESENTATION: no people, no figures, and no body parts anywhere on this page. Cultural character is carried by objects, textiles, plants, and pattern, never by a figure. Keep those details lived-in rather than costume-like.
SEASON (Winter): snow, quilts, lamps, cocoa, candles, indoor calm.
TONE: calm, hopeful, reflective, grounded, and supportive; relaxed posture, open hands, soft expressions.
LINE WORK: primary contours 0.75-1.25 pt, secondary detail 0.5-0.75 pt, at least two visibly distinct line weights, nothing below 0.5 pt, fully closed shapes suitable for coloring.
WHITE SPACE: Keep clean separations between motifs for easy coloring.
TEXT: none. The page must contain no lettering of any kind.
NEGATIVE: violence, weapons, bruising, visible injury, drug use, drug paraphernalia, self-harm, police scenes, hospital or clinical crisis imagery, restraints, panic or extreme distress, gray shading, grayscale, color fills, photorealism, 3D render, distorted hands, extra fingers, malformed faces, stray text or watermarks, overcrowded composition, dense mandala fill, low contrast, broken or open outlines, childish cartoon style, ethnic stereotyping, costume-like exaggeration.","Black-and-white printable adult coloring page, 8.5 x 11 inch portrait, 300 DPI, pure black line art on white, no shading, no grayscale, no color fills, all content inside a 0.375 inch safe margin. Stars, candles, mittens, and hearts. 8-15 related motifs grouped in balanced clusters with breathing room between forms. no people, no figures, and no body parts anywhere on this page. Cultural character is carried by objects, textiles, plants, and pattern, never by a figure. Keep those details lived-in rather than costume-like. Season cues: snow, quilts, lamps, cocoa, candles, indoor calm. Tone: calm, hopeful, reflective, grounded, and supportive; relaxed posture, open hands, soft expressions. Line work: primary contours 0.75-1.25 pt, secondary detail 0.5-0.75 pt, at least two visibly distinct line weights, nothing below 0.5 pt, fully closed shapes suitable for coloring. Keep clean separations between motifs for easy coloring. No text anywhere on the page.","violence, weapons, bruising, visible injury, drug use, drug paraphernalia, self-harm, police scenes, hospital or clinical crisis imagery, restraints, panic or extreme distress, gray shading, grayscale, color fills, photorealism, 3D render, distorted hands, extra fingers, malformed faces, stray text or watermarks, overcrowded composition, dense mandala fill, low contrast, broken or open outlines, childish cartoon style, ethnic stereotyping, costume-like exaggeration"
Hispanic Winter 13,Hispanic,Winter,13,Decorative page,TPL-10,Decorative Border & Pattern Page,Medium,,Medium,"DOC SPEC: 8.5 x 11 inch portrait, 300 DPI, pure black line art on white, no shading, no grayscale, no color fills, all content inside a 0.375 inch safe margin.
SCENE: Quilts, mugs, lanterns, and winter shapes.
COMPOSITION (TPL-10 Decorative Border & Pattern Page): Seasonal border or repeating pattern frame with 4-8 comfort objects set inside it; flatter and more graphic than a symbol cluster. Full-page border or corner frames; Center: object grouping; Background: restrained repeating pattern or open white.
REPRESENTATION: no people, no figures, and no body parts anywhere on this page. Cultural character is carried by objects, textiles, plants, and pattern, never by a figure. Keep those details lived-in rather than costume-like.
SEASON (Winter): snow, quilts, lamps, cocoa, candles, indoor calm.
TONE: calm, hopeful, reflective, grounded, and supportive; relaxed posture, open hands, soft expressions.
LINE WORK: primary contours 0.75-1.25 pt, secondary detail 0.5-0.75 pt, at least two visibly distinct line weights, nothing below 0.5 pt, fully closed shapes suitable for coloring.
WHITE SPACE: Keep the center open enough to read as a resting page; pattern supports, never fills.
TEXT: none. The page must contain no lettering of any kind.
NEGATIVE: violence, weapons, bruising, visible injury, drug use, drug paraphernalia, self-harm, police scenes, hospital or clinical crisis imagery, restraints, panic or extreme distress, gray shading, grayscale, color fills, photorealism, 3D render, distorted hands, extra fingers, malformed faces, stray text or watermarks, overcrowded composition, dense mandala fill, low contrast, broken or open outlines, childish cartoon style, ethnic stereotyping, costume-like exaggeration.","Black-and-white printable adult coloring page, 8.5 x 11 inch portrait, 300 DPI, pure black line art on white, no shading, no grayscale, no color fills, all content inside a 0.375 inch safe margin. Quilts, mugs, lanterns, and winter shapes. Seasonal border or repeating pattern frame with 4-8 comfort objects set inside it; flatter and more graphic than a symbol cluster. no people, no figures, and no body parts anywhere on this page. Cultural character is carried by objects, textiles, plants, and pattern, never by a figure. Keep those details lived-in rather than costume-like. Season cues: snow, quilts, lamps, cocoa, candles, indoor calm. Tone: calm, hopeful, reflective, grounded, and supportive; relaxed posture, open hands, soft expressions. Line work: primary contours 0.75-1.25 pt, secondary detail 0.5-0.75 pt, at least two visibly distinct line weights, nothing below 0.5 pt, fully closed shapes suitable for coloring. Keep the center open enough to read as a resting page; pattern supports, never fills. No text anywhere on the page.","violence, weapons, bruising, visible injury, drug use, drug paraphernalia, self-harm, police scenes, hospital or clinical crisis imagery, restraints, panic or extreme distress, gray shading, grayscale, color fills, photorealism, 3D render, distorted hands, extra fingers, malformed faces, stray text or watermarks, overcrowded composition, dense mandala fill, low contrast, broken or open outlines, childish cartoon style, ethnic stereotyping, costume-like exaggeration"
Hispanic Winter 14,Hispanic,Winter,14,Environment page,TPL-04,Healing Room Interior,Heavy,,High,"DOC SPEC: 8.5 x 11 inch portrait, 300 DPI, pure black line art on white, no shading, no grayscale, no color fills, all content inside a 0.375 inch safe margin.
SCENE: Cozy bedroom retreat with layered blankets.
COMPOSITION (TPL-04 Healing Room Interior): One interior room with strong furniture silhouette, layered comfort objects, single anchor light source or window. No people. Top: wall art or window; Center: bed, chair, or table anchor; Lower: rug, books, slippers, plants.
REPRESENTATION: no people, no figures, and no body parts anywhere on this page. Cultural character is carried by objects, textiles, plants, and pattern, never by a figure. Keep those details lived-in rather than costume-like.
SEASON (Winter): snow, quilts, lamps, cocoa, candles, indoor calm.
TONE: calm, hopeful, reflective, grounded, and supportive; relaxed posture, open hands, soft expressions.
LINE WORK: primary contours 0.75-1.25 pt, secondary detail 0.5-0.75 pt, at least two visibly distinct line weights, nothing below 0.5 pt, fully closed shapes suitable for coloring.
WHITE SPACE: Avoid filling every surface with pattern; leave floors and walls partially open.
TEXT: none. The page must contain no lettering of any kind.
NEGATIVE: violence, weapons, bruising, visible injury, drug use, drug paraphernalia, self-harm, police scenes, hospital or clinical crisis imagery, restraints, panic or extreme distress, gray shading, grayscale, color fills, photorealism, 3D render, distorted hands, extra fingers, malformed faces, stray text or watermarks, overcrowded composition, dense mandala fill, low contrast, broken or open outlines, childish cartoon style, ethnic stereotyping, costume-like exaggeration.","Black-and-white printable adult coloring page, 8.5 x 11 inch portrait, 300 DPI, pure black line art on white, no shading, no grayscale, no color fills, all content inside a 0.375 inch safe margin. Cozy bedroom retreat with layered blankets. One interior room with strong furniture silhouette, layered comfort objects, single anchor light source or window. No people. no people, no figures, and no body parts anywhere on this page. Cultural character is carried by objects, textiles, plants, and pattern, never by a figure. Keep those details lived-in rather than costume-like. Season cues: snow, quilts, lamps, cocoa, candles, indoor calm. Tone: calm, hopeful, reflective, grounded, and supportive; relaxed posture, open hands, soft expressions. Line work: primary contours 0.75-1.25 pt, secondary detail 0.5-0.75 pt, at least two visibly distinct line weights, nothing below 0.5 pt, fully closed shapes suitable for coloring. Avoid filling every surface with pattern; leave floors and walls partially open. No text anywhere on the page.","violence, weapons, bruising, visible injury, drug use, drug paraphernalia, self-harm, police scenes, hospital or clinical crisis imagery, restraints, panic or extreme distress, gray shading, grayscale, color fills, photorealism, 3D render, distorted hands, extra fingers, malformed faces, stray text or watermarks, overcrowded composition, dense mandala fill, low contrast, broken or open outlines, childish cartoon style, ethnic stereotyping, costume-like exaggeration"
Hispanic Winter 15,Hispanic,Winter,15,Environment page,TPL-04,Healing Room Interior,Heavy,,Medium,"DOC SPEC: 8.5 x 11 inch portrait, 300 DPI, pure black line art on white, no shading, no grayscale, no color fills, all content inside a 0.375 inch safe margin.
SCENE: Quiet living room with books and warm drinks.
COMPOSITION (TPL-04 Healing Room Interior): One interior room with strong furniture silhouette, layered comfort objects, single anchor light source or window. No people. Top: wall art or window; Center: bed, chair, or table anchor; Lower: rug, books, slippers, plants.
REPRESENTATION: no people, no figures, and no body parts anywhere on this page. Cultural character is carried by objects, textiles, plants, and pattern, never by a figure. Keep those details lived-in rather than costume-like.
SEASON (Winter): snow, quilts, lamps, cocoa, candles, indoor calm.
TONE: calm, hopeful, reflective, grounded, and supportive; relaxed posture, open hands, soft expressions.
LINE WORK: primary contours 0.75-1.25 pt, secondary detail 0.5-0.75 pt, at least two visibly distinct line weights, nothing below 0.5 pt, fully closed shapes suitable for coloring.
WHITE SPACE: Avoid filling every surface with pattern; leave floors and walls partially open.
VARIATION: Use 2 of TPL-04 in this book — change the room and anchor furniture: bed vs armchair vs table, and move the light source.
TEXT: none. The page must contain no lettering of any kind.
NEGATIVE: violence, weapons, bruising, visible injury, drug use, drug paraphernalia, self-harm, police scenes, hospital or clinical crisis imagery, restraints, panic or extreme distress, gray shading, grayscale, color fills, photorealism, 3D render, distorted hands, extra fingers, malformed faces, stray text or watermarks, overcrowded composition, dense mandala fill, low contrast, broken or open outlines, childish cartoon style, ethnic stereotyping, costume-like exaggeration.","Black-and-white printable adult coloring page, 8.5 x 11 inch portrait, 300 DPI, pure black line art on white, no shading, no grayscale, no color fills, all content inside a 0.375 inch safe margin. Quiet living room with books and warm drinks. One interior room with strong furniture silhouette, layered comfort objects, single anchor light source or window. No people. no people, no figures, and no body parts anywhere on this page. Cultural character is carried by objects, textiles, plants, and pattern, never by a figure. Keep those details lived-in rather than costume-like. Season cues: snow, quilts, lamps, cocoa, candles, indoor calm. Tone: calm, hopeful, reflective, grounded, and supportive; relaxed posture, open hands, soft expressions. Line work: primary contours 0.75-1.25 pt, secondary detail 0.5-0.75 pt, at least two visibly distinct line weights, nothing below 0.5 pt, fully closed shapes suitable for coloring. Avoid filling every surface with pattern; leave floors and walls partially open. No text anywhere on the page.","violence, weapons, bruising, visible injury, drug use, drug paraphernalia, self-harm, police scenes, hospital or clinical crisis imagery, restraints, panic or extreme distress, gray shading, grayscale, color fills, photorealism, 3D render, distorted hands, extra fingers, malformed faces, stray text or watermarks, overcrowded composition, dense mandala fill, low contrast, broken or open outlines, childish cartoon style, ethnic stereotyping, costume-like exaggeration"
Multiracial Spring 01,Multiracial,Spring,01,Solo portrait,TPL-01,Solo Portrait Calm Scene,Medium,,High,"DOC SPEC: 8.5 x 11 inch portrait, 300 DPI, pure black line art on white, no shading, no grayscale, no color fills, all content inside a 0.375 inch safe margin.
SCENE: Multiracial woman journaling near blooming plants.
COMPOSITION (TPL-01 Solo Portrait Calm Scene): One focal person centered slightly off-axis, 2-3 supporting props, light background context, open lower corners. Top: seasonal cues; Center: face/body focal point; Mid-lower: hands/object; Edges: light framing motifs.
REPRESENTATION: Visibly diverse figures with mixed-feature faces, blended family and friend groupings, and a broad range of tones and hair textures. Natural proportions. No stereotypes, no costume-like exaggeration, no tokenism.
SEASON (Spring): flowers, rain, fresh air, journals, new beginnings.
TONE: calm, hopeful, reflective, grounded, and supportive; relaxed posture, open hands, soft expressions.
LINE WORK: primary contours 0.75-1.25 pt, secondary detail 0.5-0.75 pt, at least two visibly distinct line weights, nothing below 0.5 pt, fully closed shapes suitable for coloring.
WHITE SPACE: Leave 35-45 percent open colorable space.
TEXT: none. The page must contain no lettering of any kind.
NEGATIVE: violence, weapons, bruising, visible injury, drug use, drug paraphernalia, self-harm, police scenes, hospital or clinical crisis imagery, restraints, panic or extreme distress, gray shading, grayscale, color fills, photorealism, 3D render, distorted hands, extra fingers, malformed faces, stray text or watermarks, overcrowded composition, dense mandala fill, low contrast, broken or open outlines, childish cartoon style, ethnic stereotyping, costume-like exaggeration.","Black-and-white printable adult coloring page, 8.5 x 11 inch portrait, 300 DPI, pure black line art on white, no shading, no grayscale, no color fills, all content inside a 0.375 inch safe margin. Multiracial woman journaling near blooming plants. One focal person centered slightly off-axis, 2-3 supporting props, light background context, open lower corners. Visibly diverse figures with mixed-feature faces, blended family and friend groupings, and a broad range of tones and hair textures. Season cues: flowers, rain, fresh air, journals, new beginnings. Tone: calm, hopeful, reflective, grounded, and supportive; relaxed posture, open hands, soft expressions. Line work: primary contours 0.75-1.25 pt, secondary detail 0.5-0.75 pt, at least two visibly distinct line weights, nothing below 0.5 pt, fully closed shapes suitable for coloring. Leave 35-45 percent open colorable space. No text anywhere on the page.","violence, weapons, bruising, visible injury, drug use, drug paraphernalia, self-harm, police scenes, hospital or clinical crisis imagery, restraints, panic or extreme distress, gray shading, grayscale, color fills, photorealism, 3D render, distorted hands, extra fingers, malformed faces, stray text or watermarks, overcrowded composition, dense mandala fill, low contrast, broken or open outlines, childish cartoon style, ethnic stereotyping, costume-like exaggeration"
Multiracial Spring 02,Multiracial,Spring,02,Solo portrait,TPL-06,Walking Reflection Scene,Light-Medium,,Medium,"DOC SPEC: 8.5 x 11 inch portrait, 300 DPI, pure black line art on white, no shading, no grayscale, no color fills, all content inside a 0.375 inch safe margin.
SCENE: Multiracial man walking at sunrise in a city park.
COMPOSITION (TPL-06 Walking Reflection Scene): Single figure outdoors on a path, sidewalk, trail, dock, or shoreline with calm background depth and limited environmental clutter. Top: sky, trees, or buildings minimal; Center: figure; Lower: path, leaves, water, flowers, pavement texture.
REPRESENTATION: Visibly diverse figures with mixed-feature faces, blended family and friend groupings, and a broad range of tones and hair textures. Natural proportions. No stereotypes, no costume-like exaggeration, no tokenism.
SEASON (Spring): flowers, rain, fresh air, journals, new beginnings.
TONE: calm, hopeful, reflective, grounded, and supportive; relaxed posture, open hands, soft expressions.
LINE WORK: primary contours 0.75-1.25 pt, secondary detail 0.5-0.75 pt, at least two visibly distinct line weights, nothing below 0.5 pt, fully closed shapes suitable for coloring.
WHITE SPACE: Keep large sky and path zones open to avoid density.
TEXT: none. The page must contain no lettering of any kind.
NEGATIVE: violence, weapons, bruising, visible injury, drug use, drug paraphernalia, self-harm, police scenes, hospital or clinical crisis imagery, restraints, panic or extreme distress, gray shading, grayscale, color fills, photorealism, 3D render, distorted hands, extra fingers, malformed faces, stray text or watermarks, overcrowded composition, dense mandala fill, low contrast, broken or open outlines, childish cartoon style, ethnic stereotyping, costume-like exaggeration.","Black-and-white printable adult coloring page, 8.5 x 11 inch portrait, 300 DPI, pure black line art on white, no shading, no grayscale, no color fills, all content inside a 0.375 inch safe margin. Multiracial man walking at sunrise in a city park. Single figure outdoors on a path, sidewalk, trail, dock, or shoreline with calm background depth and limited environmental clutter. Visibly diverse figures with mixed-feature faces, blended family and friend groupings, and a broad range of tones and hair textures. Season cues: flowers, rain, fresh air, journals, new beginnings. Tone: calm, hopeful, reflective, grounded, and supportive; relaxed posture, open hands, soft expressions. Line work: primary contours 0.75-1.25 pt, secondary detail 0.5-0.75 pt, at least two visibly distinct line weights, nothing below 0.5 pt, fully closed shapes suitable for coloring. Keep large sky and path zones open to avoid density. No text anywhere on the page.","violence, weapons, bruising, visible injury, drug use, drug paraphernalia, self-harm, police scenes, hospital or clinical crisis imagery, restraints, panic or extreme distress, gray shading, grayscale, color fills, photorealism, 3D render, distorted hands, extra fingers, malformed faces, stray text or watermarks, overcrowded composition, dense mandala fill, low contrast, broken or open outlines, childish cartoon style, ethnic stereotyping, costume-like exaggeration"
Multiracial Spring 03,Multiracial,Spring,03,Solo portrait,TPL-08,Window + Journal Reflection,Medium,,High,"DOC SPEC: 8.5 x 11 inch portrait, 300 DPI, pure black line art on white, no shading, no grayscale, no color fills, all content inside a 0.375 inch safe margin.
SCENE: Young adult doing breathwork by an open window.
COMPOSITION (TPL-08 Window + Journal Reflection): Person seated indoors at a window with a journal, mug, or book; the outside view simplified to weather and one or two shapes; indoor comfort props nearby. Top: window frame and weather; Center: seated figure; Lower: blanket, book, mug, plant.
REPRESENTATION: Visibly diverse figures with mixed-feature faces, blended family and friend groupings, and a broad range of tones and hair textures. Natural proportions. No stereotypes, no costume-like exaggeration, no tokenism.
SEASON (Spring): flowers, rain, fresh air, journals, new beginnings.
TONE: calm, hopeful, reflective, grounded, and supportive; relaxed posture, open hands, soft expressions.
LINE WORK: primary contours 0.75-1.25 pt, secondary detail 0.5-0.75 pt, at least two visibly distinct line weights, nothing below 0.5 pt, fully closed shapes suitable for coloring.
WHITE SPACE: The window view should stay simple and not compete with the figure.
TEXT: none. The page must contain no lettering of any kind.
NEGATIVE: violence, weapons, bruising, visible injury, drug use, drug paraphernalia, self-harm, police scenes, hospital or clinical crisis imagery, restraints, panic or extreme distress, gray shading, grayscale, color fills, photorealism, 3D render, distorted hands, extra fingers, malformed faces, stray text or watermarks, overcrowded composition, dense mandala fill, low contrast, broken or open outlines, childish cartoon style, ethnic stereotyping, costume-like exaggeration.","Black-and-white printable adult coloring page, 8.5 x 11 inch portrait, 300 DPI, pure black line art on white, no shading, no grayscale, no color fills, all content inside a 0.375 inch safe margin. Young adult doing breathwork by an open window. Person seated indoors at a window with a journal, mug, or book; the outside view simplified to weather and one or two shapes; indoor comfort props nearby. Visibly diverse figures with mixed-feature faces, blended family and friend groupings, and a broad range of tones and hair textures. Season cues: flowers, rain, fresh air, journals, new beginnings. Tone: calm, hopeful, reflective, grounded, and supportive; relaxed posture, open hands, soft expressions. Line work: primary contours 0.75-1.25 pt, secondary detail 0.5-0.75 pt, at least two visibly distinct line weights, nothing below 0.5 pt, fully closed shapes suitable for coloring. The window view should stay simple and not compete with the figure. No text anywhere on the page.","violence, weapons, bruising, visible injury, drug use, drug paraphernalia, self-harm, police scenes, hospital or clinical crisis imagery, restraints, panic or extreme distress, gray shading, grayscale, color fills, photorealism, 3D render, distorted hands, extra fingers, malformed faces, stray text or watermarks, overcrowded composition, dense mandala fill, low contrast, broken or open outlines, childish cartoon style, ethnic stereotyping, costume-like exaggeration"
Multiracial Spring 04,Multiracial,Spring,04,Solo portrait,TPL-01,Solo Portrait Calm Scene,Medium,,High,"DOC SPEC: 8.5 x 11 inch portrait, 300 DPI, pure black line art on white, no shading, no grayscale, no color fills, all content inside a 0.375 inch safe margin.
SCENE: Person wrapped in blanket practicing self-kindness.
COMPOSITION (TPL-01 Solo Portrait Calm Scene): One focal person centered slightly off-axis, 2-3 supporting props, light background context, open lower corners. Top: seasonal cues; Center: face/body focal point; Mid-lower: hands/object; Edges: light framing motifs.
REPRESENTATION: Visibly diverse figures with mixed-feature faces, blended family and friend groupings, and a broad range of tones and hair textures. Natural proportions. No stereotypes, no costume-like exaggeration, no tokenism.
SEASON (Spring): flowers, rain, fresh air, journals, new beginnings.
TONE: calm, hopeful, reflective, grounded, and supportive; relaxed posture, open hands, soft expressions.
LINE WORK: primary contours 0.75-1.25 pt, secondary detail 0.5-0.75 pt, at least two visibly distinct line weights, nothing below 0.5 pt, fully closed shapes suitable for coloring.
WHITE SPACE: Leave 35-45 percent open colorable space.
VARIATION: Use 2 of TPL-01 in this book — change the viewpoint and prop cluster: seated vs standing, three-quarter vs frontal, and a different anchor object.
TEXT: none. The page must contain no lettering of any kind.
NEGATIVE: violence, weapons, bruising, visible injury, drug use, drug paraphernalia, self-harm, police scenes, hospital or clinical crisis imagery, restraints, panic or extreme distress, gray shading, grayscale, color fills, photorealism, 3D render, distorted hands, extra fingers, malformed faces, stray text or watermarks, overcrowded composition, dense mandala fill, low contrast, broken or open outlines, childish cartoon style, ethnic stereotyping, costume-like exaggeration.","Black-and-white printable adult coloring page, 8.5 x 11 inch portrait, 300 DPI, pure black line art on white, no shading, no grayscale, no color fills, all content inside a 0.375 inch safe margin. Person wrapped in blanket practicing self-kindness. One focal person centered slightly off-axis, 2-3 supporting props, light background context, open lower corners. Visibly diverse figures with mixed-feature faces, blended family and friend groupings, and a broad range of tones and hair textures. Season cues: flowers, rain, fresh air, journals, new beginnings. Tone: calm, hopeful, reflective, grounded, and supportive; relaxed posture, open hands, soft expressions. Line work: primary contours 0.75-1.25 pt, secondary detail 0.5-0.75 pt, at least two visibly distinct line weights, nothing below 0.5 pt, fully closed shapes suitable for coloring. Leave 35-45 percent open colorable space. No text anywhere on the page.","violence, weapons, bruising, visible injury, drug use, drug paraphernalia, self-harm, police scenes, hospital or clinical crisis imagery, restraints, panic or extreme distress, gray shading, grayscale, color fills, photorealism, 3D render, distorted hands, extra fingers, malformed faces, stray text or watermarks, overcrowded composition, dense mandala fill, low contrast, broken or open outlines, childish cartoon style, ethnic stereotyping, costume-like exaggeration"
Multiracial Spring 05,Multiracial,Spring,05,Community scene,TPL-02,Support Circle Scene,Heavy,,High,"DOC SPEC: 8.5 x 11 inch portrait, 300 DPI, pure black line art on white, no shading, no grayscale, no color fills, all content inside a 0.375 inch safe margin.
SCENE: Diverse support circle in community setting.
COMPOSITION (TPL-02 Support Circle Scene): 3-5 people in a curved or circular arrangement, one clear focal interaction, simple background geometry. Indoor variant uses simple room geometry; outdoor variant uses trees, park edge, or garden as a low-detail backdrop. Top: wall, window, banners, or tree line kept minimal; Center: group interaction; Bottom: chairs, floor, ground, grounding objects.
REPRESENTATION: Visibly diverse figures with mixed-feature faces, blended family and friend groupings, and a broad range of tones and hair textures. Natural proportions. No stereotypes, no costume-like exaggeration, no tokenism.
SEASON (Spring): flowers, rain, fresh air, journals, new beginnings.
TONE: calm, hopeful, reflective, grounded, and supportive; relaxed posture, open hands, soft expressions.
LINE WORK: primary contours 0.75-1.25 pt, secondary detail 0.5-0.75 pt, at least two visibly distinct line weights, nothing below 0.5 pt, fully closed shapes suitable for coloring.
WHITE SPACE: Keep background under 30 percent detail so figures stay readable.
TEXT: none. The page must contain no lettering of any kind.
NEGATIVE: violence, weapons, bruising, visible injury, drug use, drug paraphernalia, self-harm, police scenes, hospital or clinical crisis imagery, restraints, panic or extreme distress, gray shading, grayscale, color fills, photorealism, 3D render, distorted hands, extra fingers, malformed faces, stray text or watermarks, overcrowded composition, dense mandala fill, low contrast, broken or open outlines, childish cartoon style, ethnic stereotyping, costume-like exaggeration.","Black-and-white printable adult coloring page, 8.5 x 11 inch portrait, 300 DPI, pure black line art on white, no shading, no grayscale, no color fills, all content inside a 0.375 inch safe margin. Diverse support circle in community setting. 3-5 people in a curved or circular arrangement, one clear focal interaction, simple background geometry. Indoor variant uses simple room geometry; outdoor variant uses trees, park edge, or garden as a low-detail backdrop. Visibly diverse figures with mixed-feature faces, blended family and friend groupings, and a broad range of tones and hair textures. Season cues: flowers, rain, fresh air, journals, new beginnings. Tone: calm, hopeful, reflective, grounded, and supportive; relaxed posture, open hands, soft expressions. Line work: primary contours 0.75-1.25 pt, secondary detail 0.5-0.75 pt, at least two visibly distinct line weights, nothing below 0.5 pt, fully closed shapes suitable for coloring. Keep background under 30 percent detail so figures stay readable. No text anywhere on the page.","violence, weapons, bruising, visible injury, drug use, drug paraphernalia, self-harm, police scenes, hospital or clinical crisis imagery, restraints, panic or extreme distress, gray shading, grayscale, color fills, photorealism, 3D render, distorted hands, extra fingers, malformed faces, stray text or watermarks, overcrowded composition, dense mandala fill, low contrast, broken or open outlines, childish cartoon style, ethnic stereotyping, costume-like exaggeration"
Multiracial Spring 06,Multiracial,Spring,06,Community scene,TPL-02,Support Circle Scene,Heavy,,Medium,"DOC SPEC: 8.5 x 11 inch portrait, 300 DPI, pure black line art on white, no shading, no grayscale, no color fills, all content inside a 0.375 inch safe margin.
SCENE: Blended family planting flowers together.
COMPOSITION (TPL-02 Support Circle Scene): 3-5 people in a curved or circular arrangement, one clear focal interaction, simple background geometry. Indoor variant uses simple room geometry; outdoor variant uses trees, park edge, or garden as a low-detail backdrop. Top: wall, window, banners, or tree line kept minimal; Center: group interaction; Bottom: chairs, floor, ground, grounding objects.
REPRESENTATION: Visibly diverse figures with mixed-feature faces, blended family and friend groupings, and a broad range of tones and hair textures. Natural proportions. No stereotypes, no costume-like exaggeration, no tokenism.
SEASON (Spring): flowers, rain, fresh air, journals, new beginnings.
TONE: calm, hopeful, reflective, grounded, and supportive; relaxed posture, open hands, soft expressions.
LINE WORK: primary contours 0.75-1.25 pt, secondary detail 0.5-0.75 pt, at least two visibly distinct line weights, nothing below 0.5 pt, fully closed shapes suitable for coloring.
WHITE SPACE: Keep background under 30 percent detail so figures stay readable.
VARIATION: Use 2 of TPL-02 in this book — change the seating geometry and eye level: open horseshoe vs closed ring, standing vs seated, and a different room or landscape anchor.
TEXT: none. The page must contain no lettering of any kind.
NEGATIVE: violence, weapons, bruising, visible injury, drug use, drug paraphernalia, self-harm, police scenes, hospital or clinical crisis imagery, restraints, panic or extreme distress, gray shading, grayscale, color fills, photorealism, 3D render, distorted hands, extra fingers, malformed faces, stray text or watermarks, overcrowded composition, dense mandala fill, low contrast, broken or open outlines, childish cartoon style, ethnic stereotyping, costume-like exaggeration.","Black-and-white printable adult coloring page, 8.5 x 11 inch portrait, 300 DPI, pure black line art on white, no shading, no grayscale, no color fills, all content inside a 0.375 inch safe margin. Blended family planting flowers together. 3-5 people in a curved or circular arrangement, one clear focal interaction, simple background geometry. Indoor variant uses simple room geometry; outdoor variant uses trees, park edge, or garden as a low-detail backdrop. Visibly diverse figures with mixed-feature faces, blended family and friend groupings, and a broad range of tones and hair textures. Season cues: flowers, rain, fresh air, journals, new beginnings. Tone: calm, hopeful, reflective, grounded, and supportive; relaxed posture, open hands, soft expressions. Line work: primary contours 0.75-1.25 pt, secondary detail 0.5-0.75 pt, at least two visibly distinct line weights, nothing below 0.5 pt, fully closed shapes suitable for coloring. Keep background under 30 percent detail so figures stay readable. No text anywhere on the page.","violence, weapons, bruising, visible injury, drug use, drug paraphernalia, self-harm, police scenes, hospital or clinical crisis imagery, restraints, panic or extreme distress, gray shading, grayscale, color fills, photorealism, 3D render, distorted hands, extra fingers, malformed faces, stray text or watermarks, overcrowded composition, dense mandala fill, low contrast, broken or open outlines, childish cartoon style, ethnic stereotyping, costume-like exaggeration"
Multiracial Spring 07,Multiracial,Spring,07,Community scene,TPL-07,Pair Conversation Scene,Medium,,Medium,"DOC SPEC: 8.5 x 11 inch portrait, 300 DPI, pure black line art on white, no shading, no grayscale, no color fills, all content inside a 0.375 inch safe margin.
SCENE: Two friends of different backgrounds sharing encouragement.
COMPOSITION (TPL-07 Pair Conversation Scene): Exactly 2-3 figures in close, readable interaction: seated together, standing side by side, or walking together. Anchor is a porch railing, patio edge, park or city bench, kitchen or dining table, shop chair, or shared task. Top: plants, string lights, window, or tree line; Center: the two figures and their shared focus; Bottom: floorboards, table, bench, path, or ground.
REPRESENTATION: Visibly diverse figures with mixed-feature faces, blended family and friend groupings, and a broad range of tones and hair textures. Natural proportions. No stereotypes, no costume-like exaggeration, no tokenism.
SEASON (Spring): flowers, rain, fresh air, journals, new beginnings.
TONE: calm, hopeful, reflective, grounded, and supportive; relaxed posture, open hands, soft expressions.
LINE WORK: primary contours 0.75-1.25 pt, secondary detail 0.5-0.75 pt, at least two visibly distinct line weights, nothing below 0.5 pt, fully closed shapes suitable for coloring.
WHITE SPACE: Keep railing, walls, table, and ground simple enough for color fill.
TEXT: none. The page must contain no lettering of any kind.
NEGATIVE: violence, weapons, bruising, visible injury, drug use, drug paraphernalia, self-harm, police scenes, hospital or clinical crisis imagery, restraints, panic or extreme distress, gray shading, grayscale, color fills, photorealism, 3D render, distorted hands, extra fingers, malformed faces, stray text or watermarks, overcrowded composition, dense mandala fill, low contrast, broken or open outlines, childish cartoon style, ethnic stereotyping, costume-like exaggeration.","Black-and-white printable adult coloring page, 8.5 x 11 inch portrait, 300 DPI, pure black line art on white, no shading, no grayscale, no color fills, all content inside a 0.375 inch safe margin. Two friends of different backgrounds sharing encouragement. Exactly 2-3 figures in close, readable interaction: seated together, standing side by side, or walking together. Anchor is a porch railing, patio edge, park or city bench, kitchen or dining table, shop chair, or shared task. Visibly diverse figures with mixed-feature faces, blended family and friend groupings, and a broad range of tones and hair textures. Season cues: flowers, rain, fresh air, journals, new beginnings. Tone: calm, hopeful, reflective, grounded, and supportive; relaxed posture, open hands, soft expressions. Line work: primary contours 0.75-1.25 pt, secondary detail 0.5-0.75 pt, at least two visibly distinct line weights, nothing below 0.5 pt, fully closed shapes suitable for coloring. Keep railing, walls, table, and ground simple enough for color fill. No text anywhere on the page.","violence, weapons, bruising, visible injury, drug use, drug paraphernalia, self-harm, police scenes, hospital or clinical crisis imagery, restraints, panic or extreme distress, gray shading, grayscale, color fills, photorealism, 3D render, distorted hands, extra fingers, malformed faces, stray text or watermarks, overcrowded composition, dense mandala fill, low contrast, broken or open outlines, childish cartoon style, ethnic stereotyping, costume-like exaggeration"
Multiracial Spring 08,Multiracial,Spring,08,Community scene,TPL-07,Pair Conversation Scene,Medium,,High,"DOC SPEC: 8.5 x 11 inch portrait, 300 DPI, pure black line art on white, no shading, no grayscale, no color fills, all content inside a 0.375 inch safe margin.
SCENE: Mentor and participant leaving a healing workshop.
COMPOSITION (TPL-07 Pair Conversation Scene): Exactly 2-3 figures in close, readable interaction: seated together, standing side by side, or walking together. Anchor is a porch railing, patio edge, park or city bench, kitchen or dining table, shop chair, or shared task. Top: plants, string lights, window, or tree line; Center: the two figures and their shared focus; Bottom: floorboards, table, bench, path, or ground.
REPRESENTATION: Visibly diverse figures with mixed-feature faces, blended family and friend groupings, and a broad range of tones and hair textures. Natural proportions. No stereotypes, no costume-like exaggeration, no tokenism.
SEASON (Spring): flowers, rain, fresh air, journals, new beginnings.
TONE: calm, hopeful, reflective, grounded, and supportive; relaxed posture, open hands, soft expressions.
LINE WORK: primary contours 0.75-1.25 pt, secondary detail 0.5-0.75 pt, at least two visibly distinct line weights, nothing below 0.5 pt, fully closed shapes suitable for coloring.
WHITE SPACE: Keep railing, walls, table, and ground simple enough for color fill.
VARIATION: Use 2 of TPL-07 in this book — change the arrangement: side by side vs facing, seated vs walking, and a different shared object.
TEXT: none. The page must contain no lettering of any kind.
NEGATIVE: violence, weapons, bruising, visible injury, drug use, drug paraphernalia, self-harm, police scenes, hospital or clinical crisis imagery, restraints, panic or extreme distress, gray shading, grayscale, color fills, photorealism, 3D render, distorted hands, extra fingers, malformed faces, stray text or watermarks, overcrowded composition, dense mandala fill, low contrast, broken or open outlines, childish cartoon style, ethnic stereotyping, costume-like exaggeration.","Black-and-white printable adult coloring page, 8.5 x 11 inch portrait, 300 DPI, pure black line art on white, no shading, no grayscale, no color fills, all content inside a 0.375 inch safe margin. Mentor and participant leaving a healing workshop. Exactly 2-3 figures in close, readable interaction: seated together, standing side by side, or walking together. Anchor is a porch railing, patio edge, park or city bench, kitchen or dining table, shop chair, or shared task. Visibly diverse figures with mixed-feature faces, blended family and friend groupings, and a broad range of tones and hair textures. Season cues: flowers, rain, fresh air, journals, new beginnings. Tone: calm, hopeful, reflective, grounded, and supportive; relaxed posture, open hands, soft expressions. Line work: primary contours 0.75-1.25 pt, secondary detail 0.5-0.75 pt, at least two visibly distinct line weights, nothing below 0.5 pt, fully closed shapes suitable for coloring. Keep railing, walls, table, and ground simple enough for color fill. No text anywhere on the page.","violence, weapons, bruising, visible injury, drug use, drug paraphernalia, self-harm, police scenes, hospital or clinical crisis imagery, restraints, panic or extreme distress, gray shading, grayscale, color fills, photorealism, 3D render, distorted hands, extra fingers, malformed faces, stray text or watermarks, overcrowded composition, dense mandala fill, low contrast, broken or open outlines, childish cartoon style, ethnic stereotyping, costume-like exaggeration"
Multiracial Spring 09,Multiracial,Spring,09,Quote page,TPL-03,Quote Page Framed Border,Light,New beginnings belong to me.,High,"DOC SPEC: 8.5 x 11 inch portrait, 300 DPI, pure black line art on white, no shading, no grayscale, no color fills, all content inside a 0.375 inch safe margin.
SCENE: Butterflies and floral border.
COMPOSITION (TPL-03 Quote Page Framed Border): Short centered quote with wide margins and seasonal border motifs on 2-4 sides. Top-third: quote; Outer frame: florals and symbols; Corners: accent clusters; Center whitespace preserved.
REPRESENTATION: no people, no figures, and no body parts anywhere on this page. Cultural character is carried by objects, textiles, plants, and pattern, never by a figure. Keep those details lived-in rather than costume-like.
SEASON (Spring): flowers, rain, fresh air, journals, new beginnings.
TONE: calm, hopeful, reflective, grounded, and supportive; relaxed posture, open hands, soft expressions.
LINE WORK: primary contours 0.75-1.25 pt, secondary detail 0.5-0.75 pt, at least two visibly distinct line weights, nothing below 0.5 pt, fully closed shapes suitable for coloring.
WHITE SPACE: Preserve at least 50 percent open space around text.
QUOTE TEXT: ""New beginnings belong to me."" Set centered in the upper-middle in a clean serif, well inside the safe margin. This is the only text on the page.
NEGATIVE: violence, weapons, bruising, visible injury, drug use, drug paraphernalia, self-harm, police scenes, hospital or clinical crisis imagery, restraints, panic or extreme distress, gray shading, grayscale, color fills, photorealism, 3D render, distorted hands, extra fingers, malformed faces, stray text or watermarks, overcrowded composition, dense mandala fill, low contrast, broken or open outlines, childish cartoon style, ethnic stereotyping, costume-like exaggeration.","Black-and-white printable adult coloring page, 8.5 x 11 inch portrait, 300 DPI, pure black line art on white, no shading, no grayscale, no color fills, all content inside a 0.375 inch safe margin. Butterflies and floral border. Short centered quote with wide margins and seasonal border motifs on 2-4 sides. no people, no figures, and no body parts anywhere on this page. Cultural character is carried by objects, textiles, plants, and pattern, never by a figure. Keep those details lived-in rather than costume-like. Season cues: flowers, rain, fresh air, journals, new beginnings. Tone: calm, hopeful, reflective, grounded, and supportive; relaxed posture, open hands, soft expressions. Line work: primary contours 0.75-1.25 pt, secondary detail 0.5-0.75 pt, at least two visibly distinct line weights, nothing below 0.5 pt, fully closed shapes suitable for coloring. Preserve at least 50 percent open space around text. Quote text: ""New beginnings belong to me."" centered, upper-middle.","violence, weapons, bruising, visible injury, drug use, drug paraphernalia, self-harm, police scenes, hospital or clinical crisis imagery, restraints, panic or extreme distress, gray shading, grayscale, color fills, photorealism, 3D render, distorted hands, extra fingers, malformed faces, stray text or watermarks, overcrowded composition, dense mandala fill, low contrast, broken or open outlines, childish cartoon style, ethnic stereotyping, costume-like exaggeration"
Multiracial Spring 10,Multiracial,Spring,10,Quote page,TPL-03,Quote Page Framed Border,Light,Healing has many faces.,High,"DOC SPEC: 8.5 x 11 inch portrait, 300 DPI, pure black line art on white, no shading, no grayscale, no color fills, all content inside a 0.375 inch safe margin.
SCENE: Hands and garden accents.
COMPOSITION (TPL-03 Quote Page Framed Border): Short centered quote with wide margins and seasonal border motifs on 2-4 sides. Top-third: quote; Outer frame: florals and symbols; Corners: accent clusters; Center whitespace preserved.
REPRESENTATION: no people, no figures, and no body parts anywhere on this page. Cultural character is carried by objects, textiles, plants, and pattern, never by a figure. Keep those details lived-in rather than costume-like.
SEASON (Spring): flowers, rain, fresh air, journals, new beginnings.
TONE: calm, hopeful, reflective, grounded, and supportive; relaxed posture, open hands, soft expressions.
LINE WORK: primary contours 0.75-1.25 pt, secondary detail 0.5-0.75 pt, at least two visibly distinct line weights, nothing below 0.5 pt, fully closed shapes suitable for coloring.
WHITE SPACE: Preserve at least 50 percent open space around text.
VARIATION: Use 2 of TPL-03 in this book — change the border family and quote placement: full frame vs two-corner vs top-and-bottom band.
QUOTE TEXT: ""Healing has many faces."" Set centered in the upper-middle in a clean serif, well inside the safe margin. This is the only text on the page.
NEGATIVE: violence, weapons, bruising, visible injury, drug use, drug paraphernalia, self-harm, police scenes, hospital or clinical crisis imagery, restraints, panic or extreme distress, gray shading, grayscale, color fills, photorealism, 3D render, distorted hands, extra fingers, malformed faces, stray text or watermarks, overcrowded composition, dense mandala fill, low contrast, broken or open outlines, childish cartoon style, ethnic stereotyping, costume-like exaggeration.","Black-and-white printable adult coloring page, 8.5 x 11 inch portrait, 300 DPI, pure black line art on white, no shading, no grayscale, no color fills, all content inside a 0.375 inch safe margin. Hands and garden accents. Short centered quote with wide margins and seasonal border motifs on 2-4 sides. no people, no figures, and no body parts anywhere on this page. Cultural character is carried by objects, textiles, plants, and pattern, never by a figure. Keep those details lived-in rather than costume-like. Season cues: flowers, rain, fresh air, journals, new beginnings. Tone: calm, hopeful, reflective, grounded, and supportive; relaxed posture, open hands, soft expressions. Line work: primary contours 0.75-1.25 pt, secondary detail 0.5-0.75 pt, at least two visibly distinct line weights, nothing below 0.5 pt, fully closed shapes suitable for coloring. Preserve at least 50 percent open space around text. Quote text: ""Healing has many faces."" centered, upper-middle.","violence, weapons, bruising, visible injury, drug use, drug paraphernalia, self-harm, police scenes, hospital or clinical crisis imagery, restraints, panic or extreme distress, gray shading, grayscale, color fills, photorealism, 3D render, distorted hands, extra fingers, malformed faces, stray text or watermarks, overcrowded composition, dense mandala fill, low contrast, broken or open outlines, childish cartoon style, ethnic stereotyping, costume-like exaggeration"
Multiracial Spring 11,Multiracial,Spring,11,Quote page,TPL-03,Quote Page Framed Border,Light,I am safe to grow.,High,"DOC SPEC: 8.5 x 11 inch portrait, 300 DPI, pure black line art on white, no shading, no grayscale, no color fills, all content inside a 0.375 inch safe margin.
SCENE: Soft sky and open space.
COMPOSITION (TPL-03 Quote Page Framed Border): Short centered quote with wide margins and seasonal border motifs on 2-4 sides. Top-third: quote; Outer frame: florals and symbols; Corners: accent clusters; Center whitespace preserved.
REPRESENTATION: no people, no figures, and no body parts anywhere on this page. Cultural character is carried by objects, textiles, plants, and pattern, never by a figure. Keep those details lived-in rather than costume-like.
SEASON (Spring): flowers, rain, fresh air, journals, new beginnings.
TONE: calm, hopeful, reflective, grounded, and supportive; relaxed posture, open hands, soft expressions.
LINE WORK: primary contours 0.75-1.25 pt, secondary detail 0.5-0.75 pt, at least two visibly distinct line weights, nothing below 0.5 pt, fully closed shapes suitable for coloring.
WHITE SPACE: Preserve at least 50 percent open space around text.
VARIATION: Use 3 of TPL-03 in this book — change the border family and quote placement: full frame vs two-corner vs top-and-bottom band.
QUOTE TEXT: ""I am safe to grow."" Set centered in the upper-middle in a clean serif, well inside the safe margin. This is the only text on the page.
NEGATIVE: violence, weapons, bruising, visible injury, drug use, drug paraphernalia, self-harm, police scenes, hospital or clinical crisis imagery, restraints, panic or extreme distress, gray shading, grayscale, color fills, photorealism, 3D render, distorted hands, extra fingers, malformed faces, stray text or watermarks, overcrowded composition, dense mandala fill, low contrast, broken or open outlines, childish cartoon style, ethnic stereotyping, costume-like exaggeration.","Black-and-white printable adult coloring page, 8.5 x 11 inch portrait, 300 DPI, pure black line art on white, no shading, no grayscale, no color fills, all content inside a 0.375 inch safe margin. Soft sky and open space. Short centered quote with wide margins and seasonal border motifs on 2-4 sides. no people, no figures, and no body parts anywhere on this page. Cultural character is carried by objects, textiles, plants, and pattern, never by a figure. Keep those details lived-in rather than costume-like. Season cues: flowers, rain, fresh air, journals, new beginnings. Tone: calm, hopeful, reflective, grounded, and supportive; relaxed posture, open hands, soft expressions. Line work: primary contours 0.75-1.25 pt, secondary detail 0.5-0.75 pt, at least two visibly distinct line weights, nothing below 0.5 pt, fully closed shapes suitable for coloring. Preserve at least 50 percent open space around text. Quote text: ""I am safe to grow."" centered, upper-middle.","violence, weapons, bruising, visible injury, drug use, drug paraphernalia, self-harm, police scenes, hospital or clinical crisis imagery, restraints, panic or extreme distress, gray shading, grayscale, color fills, photorealism, 3D render, distorted hands, extra fingers, malformed faces, stray text or watermarks, overcrowded composition, dense mandala fill, low contrast, broken or open outlines, childish cartoon style, ethnic stereotyping, costume-like exaggeration"
Multiracial Spring 12,Multiracial,Spring,12,Symbol page,TPL-05,Symbol Cluster Page,Medium,,Medium,"DOC SPEC: 8.5 x 11 inch portrait, 300 DPI, pure black line art on white, no shading, no grayscale, no color fills, all content inside a 0.375 inch safe margin.
SCENE: Butterflies, hands, hearts, and flowers.
COMPOSITION (TPL-05 Symbol Cluster Page): 8-15 related motifs grouped in balanced clusters with breathing room between forms. Distributed clusters across the full page with one central anchor motif.
REPRESENTATION: no people, no figures, and no body parts anywhere on this page. Cultural character is carried by objects, textiles, plants, and pattern, never by a figure. Keep those details lived-in rather than costume-like.
SEASON (Spring): flowers, rain, fresh air, journals, new beginnings.
TONE: calm, hopeful, reflective, grounded, and supportive; relaxed posture, open hands, soft expressions.
LINE WORK: primary contours 0.75-1.25 pt, secondary detail 0.5-0.75 pt, at least two visibly distinct line weights, nothing below 0.5 pt, fully closed shapes suitable for coloring.
WHITE SPACE: Keep clean separations between motifs for easy coloring.
TEXT: none. The page must contain no lettering of any kind.
NEGATIVE: violence, weapons, bruising, visible injury, drug use, drug paraphernalia, self-harm, police scenes, hospital or clinical crisis imagery, restraints, panic or extreme distress, gray shading, grayscale, color fills, photorealism, 3D render, distorted hands, extra fingers, malformed faces, stray text or watermarks, overcrowded composition, dense mandala fill, low contrast, broken or open outlines, childish cartoon style, ethnic stereotyping, costume-like exaggeration.","Black-and-white printable adult coloring page, 8.5 x 11 inch portrait, 300 DPI, pure black line art on white, no shading, no grayscale, no color fills, all content inside a 0.375 inch safe margin. Butterflies, hands, hearts, and flowers. 8-15 related motifs grouped in balanced clusters with breathing room between forms. no people, no figures, and no body parts anywhere on this page. Cultural character is carried by objects, textiles, plants, and pattern, never by a figure. Keep those details lived-in rather than costume-like. Season cues: flowers, rain, fresh air, journals, new beginnings. Tone: calm, hopeful, reflective, grounded, and supportive; relaxed posture, open hands, soft expressions. Line work: primary contours 0.75-1.25 pt, secondary detail 0.5-0.75 pt, at least two visibly distinct line weights, nothing below 0.5 pt, fully closed shapes suitable for coloring. Keep clean separations between motifs for easy coloring. No text anywhere on the page.","violence, weapons, bruising, visible injury, drug use, drug paraphernalia, self-harm, police scenes, hospital or clinical crisis imagery, restraints, panic or extreme distress, gray shading, grayscale, color fills, photorealism, 3D render, distorted hands, extra fingers, malformed faces, stray text or watermarks, overcrowded composition, dense mandala fill, low contrast, broken or open outlines, childish cartoon style, ethnic stereotyping, costume-like exaggeration"
Multiracial Spring 13,Multiracial,Spring,13,Decorative page,TPL-10,Decorative Border & Pattern Page,Medium,,Medium,"DOC SPEC: 8.5 x 11 inch portrait, 300 DPI, pure black line art on white, no shading, no grayscale, no color fills, all content inside a 0.375 inch safe margin.
SCENE: Journals, rain boots, and spring border.
COMPOSITION (TPL-10 Decorative Border & Pattern Page): Seasonal border or repeating pattern frame with 4-8 comfort objects set inside it; flatter and more graphic than a symbol cluster. Full-page border or corner frames; Center: object grouping; Background: restrained repeating pattern or open white.
REPRESENTATION: no people, no figures, and no body parts anywhere on this page. Cultural character is carried by objects, textiles, plants, and pattern, never by a figure. Keep those details lived-in rather than costume-like.
SEASON (Spring): flowers, rain, fresh air, journals, new beginnings.
TONE: calm, hopeful, reflective, grounded, and supportive; relaxed posture, open hands, soft expressions.
LINE WORK: primary contours 0.75-1.25 pt, secondary detail 0.5-0.75 pt, at least two visibly distinct line weights, nothing below 0.5 pt, fully closed shapes suitable for coloring.
WHITE SPACE: Keep the center open enough to read as a resting page; pattern supports, never fills.
TEXT: none. The page must contain no lettering of any kind.
NEGATIVE: violence, weapons, bruising, visible injury, drug use, drug paraphernalia, self-harm, police scenes, hospital or clinical crisis imagery, restraints, panic or extreme distress, gray shading, grayscale, color fills, photorealism, 3D render, distorted hands, extra fingers, malformed faces, stray text or watermarks, overcrowded composition, dense mandala fill, low contrast, broken or open outlines, childish cartoon style, ethnic stereotyping, costume-like exaggeration.","Black-and-white printable adult coloring page, 8.5 x 11 inch portrait, 300 DPI, pure black line art on white, no shading, no grayscale, no color fills, all content inside a 0.375 inch safe margin. Journals, rain boots, and spring border. Seasonal border or repeating pattern frame with 4-8 comfort objects set inside it; flatter and more graphic than a symbol cluster. no people, no figures, and no body parts anywhere on this page. Cultural character is carried by objects, textiles, plants, and pattern, never by a figure. Keep those details lived-in rather than costume-like. Season cues: flowers, rain, fresh air, journals, new beginnings. Tone: calm, hopeful, reflective, grounded, and supportive; relaxed posture, open hands, soft expressions. Line work: primary contours 0.75-1.25 pt, secondary detail 0.5-0.75 pt, at least two visibly distinct line weights, nothing below 0.5 pt, fully closed shapes suitable for coloring. Keep the center open enough to read as a resting page; pattern supports, never fills. No text anywhere on the page.","violence, weapons, bruising, visible injury, drug use, drug paraphernalia, self-harm, police scenes, hospital or clinical crisis imagery, restraints, panic or extreme distress, gray shading, grayscale, color fills, photorealism, 3D render, distorted hands, extra fingers, malformed faces, stray text or watermarks, overcrowded composition, dense mandala fill, low contrast, broken or open outlines, childish cartoon style, ethnic stereotyping, costume-like exaggeration"
Multiracial Spring 14,Multiracial,Spring,14,Environment page,TPL-04,Healing Room Interior,Heavy,,High,"DOC SPEC: 8.5 x 11 inch portrait, 300 DPI, pure black line art on white, no shading, no grayscale, no color fills, all content inside a 0.375 inch safe margin.
SCENE: Apartment sanctuary with plants and soft textures.
COMPOSITION (TPL-04 Healing Room Interior): One interior room with strong furniture silhouette, layered comfort objects, single anchor light source or window. No people. Top: wall art or window; Center: bed, chair, or table anchor; Lower: rug, books, slippers, plants.
REPRESENTATION: no people, no figures, and no body parts anywhere on this page. Cultural character is carried by objects, textiles, plants, and pattern, never by a figure. Keep those details lived-in rather than costume-like.
SEASON (Spring): flowers, rain, fresh air, journals, new beginnings.
TONE: calm, hopeful, reflective, grounded, and supportive; relaxed posture, open hands, soft expressions.
LINE WORK: primary contours 0.75-1.25 pt, secondary detail 0.5-0.75 pt, at least two visibly distinct line weights, nothing below 0.5 pt, fully closed shapes suitable for coloring.
WHITE SPACE: Avoid filling every surface with pattern; leave floors and walls partially open.
TEXT: none. The page must contain no lettering of any kind.
NEGATIVE: violence, weapons, bruising, visible injury, drug use, drug paraphernalia, self-harm, police scenes, hospital or clinical crisis imagery, restraints, panic or extreme distress, gray shading, grayscale, color fills, photorealism, 3D render, distorted hands, extra fingers, malformed faces, stray text or watermarks, overcrowded composition, dense mandala fill, low contrast, broken or open outlines, childish cartoon style, ethnic stereotyping, costume-like exaggeration.","Black-and-white printable adult coloring page, 8.5 x 11 inch portrait, 300 DPI, pure black line art on white, no shading, no grayscale, no color fills, all content inside a 0.375 inch safe margin. Apartment sanctuary with plants and soft textures. One interior room with strong furniture silhouette, layered comfort objects, single anchor light source or window. No people. no people, no figures, and no body parts anywhere on this page. Cultural character is carried by objects, textiles, plants, and pattern, never by a figure. Keep those details lived-in rather than costume-like. Season cues: flowers, rain, fresh air, journals, new beginnings. Tone: calm, hopeful, reflective, grounded, and supportive; relaxed posture, open hands, soft expressions. Line work: primary contours 0.75-1.25 pt, secondary detail 0.5-0.75 pt, at least two visibly distinct line weights, nothing below 0.5 pt, fully closed shapes suitable for coloring. Avoid filling every surface with pattern; leave floors and walls partially open. No text anywhere on the page.","violence, weapons, bruising, visible injury, drug use, drug paraphernalia, self-harm, police scenes, hospital or clinical crisis imagery, restraints, panic or extreme distress, gray shading, grayscale, color fills, photorealism, 3D render, distorted hands, extra fingers, malformed faces, stray text or watermarks, overcrowded composition, dense mandala fill, low contrast, broken or open outlines, childish cartoon style, ethnic stereotyping, costume-like exaggeration"
Multiracial Spring 15,Multiracial,Spring,15,Environment page,TPL-04,Healing Room Interior,Heavy,,Medium,"DOC SPEC: 8.5 x 11 inch portrait, 300 DPI, pure black line art on white, no shading, no grayscale, no color fills, all content inside a 0.375 inch safe margin.
SCENE: Wellness room with chairs, art, and calm details.
COMPOSITION (TPL-04 Healing Room Interior): One interior room with strong furniture silhouette, layered comfort objects, single anchor light source or window. No people. Top: wall art or window; Center: bed, chair, or table anchor; Lower: rug, books, slippers, plants.
REPRESENTATION: no people, no figures, and no body parts anywhere on this page. Cultural character is carried by objects, textiles, plants, and pattern, never by a figure. Keep those details lived-in rather than costume-like.
SEASON (Spring): flowers, rain, fresh air, journals, new beginnings.
TONE: calm, hopeful, reflective, grounded, and supportive; relaxed posture, open hands, soft expressions.
LINE WORK: primary contours 0.75-1.25 pt, secondary detail 0.5-0.75 pt, at least two visibly distinct line weights, nothing below 0.5 pt, fully closed shapes suitable for coloring.
WHITE SPACE: Avoid filling every surface with pattern; leave floors and walls partially open.
VARIATION: Use 2 of TPL-04 in this book — change the room and anchor furniture: bed vs armchair vs table, and move the light source.
TEXT: none. The page must contain no lettering of any kind.
NEGATIVE: violence, weapons, bruising, visible injury, drug use, drug paraphernalia, self-harm, police scenes, hospital or clinical crisis imagery, restraints, panic or extreme distress, gray shading, grayscale, color fills, photorealism, 3D render, distorted hands, extra fingers, malformed faces, stray text or watermarks, overcrowded composition, dense mandala fill, low contrast, broken or open outlines, childish cartoon style, ethnic stereotyping, costume-like exaggeration.","Black-and-white printable adult coloring page, 8.5 x 11 inch portrait, 300 DPI, pure black line art on white, no shading, no grayscale, no color fills, all content inside a 0.375 inch safe margin. Wellness room with chairs, art, and calm details. One interior room with strong furniture silhouette, layered comfort objects, single anchor light source or window. No people. no people, no figures, and no body parts anywhere on this page. Cultural character is carried by objects, textiles, plants, and pattern, never by a figure. Keep those details lived-in rather than costume-like. Season cues: flowers, rain, fresh air, journals, new beginnings. Tone: calm, hopeful, reflective, grounded, and supportive; relaxed posture, open hands, soft expressions. Line work: primary contours 0.75-1.25 pt, secondary detail 0.5-0.75 pt, at least two visibly distinct line weights, nothing below 0.5 pt, fully closed shapes suitable for coloring. Avoid filling every surface with pattern; leave floors and walls partially open. No text anywhere on the page.","violence, weapons, bruising, visible injury, drug use, drug paraphernalia, self-harm, police scenes, hospital or clinical crisis imagery, restraints, panic or extreme distress, gray shading, grayscale, color fills, photorealism, 3D render, distorted hands, extra fingers, malformed faces, stray text or watermarks, overcrowded composition, dense mandala fill, low contrast, broken or open outlines, childish cartoon style, ethnic stereotyping, costume-like exaggeration"
Multiracial Summer 01,Multiracial,Summer,01,Solo portrait,TPL-01,Solo Portrait Calm Scene,Medium,,High,"DOC SPEC: 8.5 x 11 inch portrait, 300 DPI, pure black line art on white, no shading, no grayscale, no color fills, all content inside a 0.375 inch safe margin.
SCENE: Person meditating under a tree.
COMPOSITION (TPL-01 Solo Portrait Calm Scene): One focal person centered slightly off-axis, 2-3 supporting props, light background context, open lower corners. Top: seasonal cues; Center: face/body focal point; Mid-lower: hands/object; Edges: light framing motifs.
REPRESENTATION: Visibly diverse figures with mixed-feature faces, blended family and friend groupings, and a broad range of tones and hair textures. Natural proportions. No stereotypes, no costume-like exaggeration, no tokenism.
SEASON (Summer): sunlight, porches, gardens, walking paths, community warmth.
TONE: calm, hopeful, reflective, grounded, and supportive; relaxed posture, open hands, soft expressions.
LINE WORK: primary contours 0.75-1.25 pt, secondary detail 0.5-0.75 pt, at least two visibly distinct line weights, nothing below 0.5 pt, fully closed shapes suitable for coloring.
WHITE SPACE: Leave 35-45 percent open colorable space.
TEXT: none. The page must contain no lettering of any kind.
NEGATIVE: violence, weapons, bruising, visible injury, drug use, drug paraphernalia, self-harm, police scenes, hospital or clinical crisis imagery, restraints, panic or extreme distress, gray shading, grayscale, color fills, photorealism, 3D render, distorted hands, extra fingers, malformed faces, stray text or watermarks, overcrowded composition, dense mandala fill, low contrast, broken or open outlines, childish cartoon style, ethnic stereotyping, costume-like exaggeration.","Black-and-white printable adult coloring page, 8.5 x 11 inch portrait, 300 DPI, pure black line art on white, no shading, no grayscale, no color fills, all content inside a 0.375 inch safe margin. Person meditating under a tree. One focal person centered slightly off-axis, 2-3 supporting props, light background context, open lower corners. Visibly diverse figures with mixed-feature faces, blended family and friend groupings, and a broad range of tones and hair textures. Season cues: sunlight, porches, gardens, walking paths, community warmth. Tone: calm, hopeful, reflective, grounded, and supportive; relaxed posture, open hands, soft expressions. Line work: primary contours 0.75-1.25 pt, secondary detail 0.5-0.75 pt, at least two visibly distinct line weights, nothing below 0.5 pt, fully closed shapes suitable for coloring. Leave 35-45 percent open colorable space. No text anywhere on the page.","violence, weapons, bruising, visible injury, drug use, drug paraphernalia, self-harm, police scenes, hospital or clinical crisis imagery, restraints, panic or extreme distress, gray shading, grayscale, color fills, photorealism, 3D render, distorted hands, extra fingers, malformed faces, stray text or watermarks, overcrowded composition, dense mandala fill, low contrast, broken or open outlines, childish cartoon style, ethnic stereotyping, costume-like exaggeration"
Multiracial Summer 02,Multiracial,Summer,02,Solo portrait,TPL-06,Walking Reflection Scene,Light-Medium,,Medium,"DOC SPEC: 8.5 x 11 inch portrait, 300 DPI, pure black line art on white, no shading, no grayscale, no color fills, all content inside a 0.375 inch safe margin.
SCENE: Person by water reflecting in sunlight.
COMPOSITION (TPL-06 Walking Reflection Scene): Single figure outdoors on a path, sidewalk, trail, dock, or shoreline with calm background depth and limited environmental clutter. Top: sky, trees, or buildings minimal; Center: figure; Lower: path, leaves, water, flowers, pavement texture.
REPRESENTATION: Visibly diverse figures with mixed-feature faces, blended family and friend groupings, and a broad range of tones and hair textures. Natural proportions. No stereotypes, no costume-like exaggeration, no tokenism.
SEASON (Summer): sunlight, porches, gardens, walking paths, community warmth.
TONE: calm, hopeful, reflective, grounded, and supportive; relaxed posture, open hands, soft expressions.
LINE WORK: primary contours 0.75-1.25 pt, secondary detail 0.5-0.75 pt, at least two visibly distinct line weights, nothing below 0.5 pt, fully closed shapes suitable for coloring.
WHITE SPACE: Keep large sky and path zones open to avoid density.
TEXT: none. The page must contain no lettering of any kind.
NEGATIVE: violence, weapons, bruising, visible injury, drug use, drug paraphernalia, self-harm, police scenes, hospital or clinical crisis imagery, restraints, panic or extreme distress, gray shading, grayscale, color fills, photorealism, 3D render, distorted hands, extra fingers, malformed faces, stray text or watermarks, overcrowded composition, dense mandala fill, low contrast, broken or open outlines, childish cartoon style, ethnic stereotyping, costume-like exaggeration.","Black-and-white printable adult coloring page, 8.5 x 11 inch portrait, 300 DPI, pure black line art on white, no shading, no grayscale, no color fills, all content inside a 0.375 inch safe margin. Person by water reflecting in sunlight. Single figure outdoors on a path, sidewalk, trail, dock, or shoreline with calm background depth and limited environmental clutter. Visibly diverse figures with mixed-feature faces, blended family and friend groupings, and a broad range of tones and hair textures. Season cues: sunlight, porches, gardens, walking paths, community warmth. Tone: calm, hopeful, reflective, grounded, and supportive; relaxed posture, open hands, soft expressions. Line work: primary contours 0.75-1.25 pt, secondary detail 0.5-0.75 pt, at least two visibly distinct line weights, nothing below 0.5 pt, fully closed shapes suitable for coloring. Keep large sky and path zones open to avoid density. No text anywhere on the page.","violence, weapons, bruising, visible injury, drug use, drug paraphernalia, self-harm, police scenes, hospital or clinical crisis imagery, restraints, panic or extreme distress, gray shading, grayscale, color fills, photorealism, 3D render, distorted hands, extra fingers, malformed faces, stray text or watermarks, overcrowded composition, dense mandala fill, low contrast, broken or open outlines, childish cartoon style, ethnic stereotyping, costume-like exaggeration"
Multiracial Summer 03,Multiracial,Summer,03,Solo portrait,TPL-01,Solo Portrait Calm Scene,Medium,,High,"DOC SPEC: 8.5 x 11 inch portrait, 300 DPI, pure black line art on white, no shading, no grayscale, no color fills, all content inside a 0.375 inch safe margin.
SCENE: Young adult stretching on rooftop or lawn.
COMPOSITION (TPL-01 Solo Portrait Calm Scene): One focal person centered slightly off-axis, 2-3 supporting props, light background context, open lower corners. Top: seasonal cues; Center: face/body focal point; Mid-lower: hands/object; Edges: light framing motifs.
REPRESENTATION: Visibly diverse figures with mixed-feature faces, blended family and friend groupings, and a broad range of tones and hair textures. Natural proportions. No stereotypes, no costume-like exaggeration, no tokenism.
SEASON (Summer): sunlight, porches, gardens, walking paths, community warmth.
TONE: calm, hopeful, reflective, grounded, and supportive; relaxed posture, open hands, soft expressions.
LINE WORK: primary contours 0.75-1.25 pt, secondary detail 0.5-0.75 pt, at least two visibly distinct line weights, nothing below 0.5 pt, fully closed shapes suitable for coloring.
WHITE SPACE: Leave 35-45 percent open colorable space.
VARIATION: Use 2 of TPL-01 in this book — change the viewpoint and prop cluster: seated vs standing, three-quarter vs frontal, and a different anchor object.
TEXT: none. The page must contain no lettering of any kind.
NEGATIVE: violence, weapons, bruising, visible injury, drug use, drug paraphernalia, self-harm, police scenes, hospital or clinical crisis imagery, restraints, panic or extreme distress, gray shading, grayscale, color fills, photorealism, 3D render, distorted hands, extra fingers, malformed faces, stray text or watermarks, overcrowded composition, dense mandala fill, low contrast, broken or open outlines, childish cartoon style, ethnic stereotyping, costume-like exaggeration.","Black-and-white printable adult coloring page, 8.5 x 11 inch portrait, 300 DPI, pure black line art on white, no shading, no grayscale, no color fills, all content inside a 0.375 inch safe margin. Young adult stretching on rooftop or lawn. One focal person centered slightly off-axis, 2-3 supporting props, light background context, open lower corners. Visibly diverse figures with mixed-feature faces, blended family and friend groupings, and a broad range of tones and hair textures. Season cues: sunlight, porches, gardens, walking paths, community warmth. Tone: calm, hopeful, reflective, grounded, and supportive; relaxed posture, open hands, soft expressions. Line work: primary contours 0.75-1.25 pt, secondary detail 0.5-0.75 pt, at least two visibly distinct line weights, nothing below 0.5 pt, fully closed shapes suitable for coloring. Leave 35-45 percent open colorable space. No text anywhere on the page.","violence, weapons, bruising, visible injury, drug use, drug paraphernalia, self-harm, police scenes, hospital or clinical crisis imagery, restraints, panic or extreme distress, gray shading, grayscale, color fills, photorealism, 3D render, distorted hands, extra fingers, malformed faces, stray text or watermarks, overcrowded composition, dense mandala fill, low contrast, broken or open outlines, childish cartoon style, ethnic stereotyping, costume-like exaggeration"
Multiracial Summer 04,Multiracial,Summer,04,Solo portrait,TPL-01,Solo Portrait Calm Scene,Medium,,Medium,"DOC SPEC: 8.5 x 11 inch portrait, 300 DPI, pure black line art on white, no shading, no grayscale, no color fills, all content inside a 0.375 inch safe margin.
SCENE: Person sipping lemonade on a stoop or balcony.
COMPOSITION (TPL-01 Solo Portrait Calm Scene): One focal person centered slightly off-axis, 2-3 supporting props, light background context, open lower corners. Top: seasonal cues; Center: face/body focal point; Mid-lower: hands/object; Edges: light framing motifs.
REPRESENTATION: Visibly diverse figures with mixed-feature faces, blended family and friend groupings, and a broad range of tones and hair textures. Natural proportions. No stereotypes, no costume-like exaggeration, no tokenism.
SEASON (Summer): sunlight, porches, gardens, walking paths, community warmth.
TONE: calm, hopeful, reflective, grounded, and supportive; relaxed posture, open hands, soft expressions.
LINE WORK: primary contours 0.75-1.25 pt, secondary detail 0.5-0.75 pt, at least two visibly distinct line weights, nothing below 0.5 pt, fully closed shapes suitable for coloring.
WHITE SPACE: Leave 35-45 percent open colorable space.
VARIATION: Use 3 of TPL-01 in this book — change the viewpoint and prop cluster: seated vs standing, three-quarter vs frontal, and a different anchor object.
TEXT: none. The page must contain no lettering of any kind.
NEGATIVE: violence, weapons, bruising, visible injury, drug use, drug paraphernalia, self-harm, police scenes, hospital or clinical crisis imagery, restraints, panic or extreme distress, gray shading, grayscale, color fills, photorealism, 3D render, distorted hands, extra fingers, malformed faces, stray text or watermarks, overcrowded composition, dense mandala fill, low contrast, broken or open outlines, childish cartoon style, ethnic stereotyping, costume-like exaggeration.","Black-and-white printable adult coloring page, 8.5 x 11 inch portrait, 300 DPI, pure black line art on white, no shading, no grayscale, no color fills, all content inside a 0.375 inch safe margin. Person sipping lemonade on a stoop or balcony. One focal person centered slightly off-axis, 2-3 supporting props, light background context, open lower corners. Visibly diverse figures with mixed-feature faces, blended family and friend groupings, and a broad range of tones and hair textures. Season cues: sunlight, porches, gardens, walking paths, community warmth. Tone: calm, hopeful, reflective, grounded, and supportive; relaxed posture, open hands, soft expressions. Line work: primary contours 0.75-1.25 pt, secondary detail 0.5-0.75 pt, at least two visibly distinct line weights, nothing below 0.5 pt, fully closed shapes suitable for coloring. Leave 35-45 percent open colorable space. No text anywhere on the page.","violence, weapons, bruising, visible injury, drug use, drug paraphernalia, self-harm, police scenes, hospital or clinical crisis imagery, restraints, panic or extreme distress, gray shading, grayscale, color fills, photorealism, 3D render, distorted hands, extra fingers, malformed faces, stray text or watermarks, overcrowded composition, dense mandala fill, low contrast, broken or open outlines, childish cartoon style, ethnic stereotyping, costume-like exaggeration"
Multiracial Summer 05,Multiracial,Summer,05,Community scene,TPL-02,Support Circle Scene,Heavy,,High,"DOC SPEC: 8.5 x 11 inch portrait, 300 DPI, pure black line art on white, no shading, no grayscale, no color fills, all content inside a 0.375 inch safe margin.
SCENE: Diverse outdoor support group.
COMPOSITION (TPL-02 Support Circle Scene): 3-5 people in a curved or circular arrangement, one clear focal interaction, simple background geometry. Indoor variant uses simple room geometry; outdoor variant uses trees, park edge, or garden as a low-detail backdrop. Top: wall, window, banners, or tree line kept minimal; Center: group interaction; Bottom: chairs, floor, ground, grounding objects.
REPRESENTATION: Visibly diverse figures with mixed-feature faces, blended family and friend groupings, and a broad range of tones and hair textures. Natural proportions. No stereotypes, no costume-like exaggeration, no tokenism.
SEASON (Summer): sunlight, porches, gardens, walking paths, community warmth.
TONE: calm, hopeful, reflective, grounded, and supportive; relaxed posture, open hands, soft expressions.
LINE WORK: primary contours 0.75-1.25 pt, secondary detail 0.5-0.75 pt, at least two visibly distinct line weights, nothing below 0.5 pt, fully closed shapes suitable for coloring.
WHITE SPACE: Keep background under 30 percent detail so figures stay readable.
TEXT: none. The page must contain no lettering of any kind.
NEGATIVE: violence, weapons, bruising, visible injury, drug use, drug paraphernalia, self-harm, police scenes, hospital or clinical crisis imagery, restraints, panic or extreme distress, gray shading, grayscale, color fills, photorealism, 3D render, distorted hands, extra fingers, malformed faces, stray text or watermarks, overcrowded composition, dense mandala fill, low contrast, broken or open outlines, childish cartoon style, ethnic stereotyping, costume-like exaggeration.","Black-and-white printable adult coloring page, 8.5 x 11 inch portrait, 300 DPI, pure black line art on white, no shading, no grayscale, no color fills, all content inside a 0.375 inch safe margin. Diverse outdoor support group. 3-5 people in a curved or circular arrangement, one clear focal interaction, simple background geometry. Indoor variant uses simple room geometry; outdoor variant uses trees, park edge, or garden as a low-detail backdrop. Visibly diverse figures with mixed-feature faces, blended family and friend groupings, and a broad range of tones and hair textures. Season cues: sunlight, porches, gardens, walking paths, community warmth. Tone: calm, hopeful, reflective, grounded, and supportive; relaxed posture, open hands, soft expressions. Line work: primary contours 0.75-1.25 pt, secondary detail 0.5-0.75 pt, at least two visibly distinct line weights, nothing below 0.5 pt, fully closed shapes suitable for coloring. Keep background under 30 percent detail so figures stay readable. No text anywhere on the page.","violence, weapons, bruising, visible injury, drug use, drug paraphernalia, self-harm, police scenes, hospital or clinical crisis imagery, restraints, panic or extreme distress, gray shading, grayscale, color fills, photorealism, 3D render, distorted hands, extra fingers, malformed faces, stray text or watermarks, overcrowded composition, dense mandala fill, low contrast, broken or open outlines, childish cartoon style, ethnic stereotyping, costume-like exaggeration"
Multiracial Summer 06,Multiracial,Summer,06,Community scene,TPL-02,Support Circle Scene,Heavy,,High,"DOC SPEC: 8.5 x 11 inch portrait, 300 DPI, pure black line art on white, no shading, no grayscale, no color fills, all content inside a 0.375 inch safe margin.
SCENE: Blended family picnic scene.
COMPOSITION (TPL-02 Support Circle Scene): 3-5 people in a curved or circular arrangement, one clear focal interaction, simple background geometry. Indoor variant uses simple room geometry; outdoor variant uses trees, park edge, or garden as a low-detail backdrop. Top: wall, window, banners, or tree line kept minimal; Center: group interaction; Bottom: chairs, floor, ground, grounding objects.
REPRESENTATION: Visibly diverse figures with mixed-feature faces, blended family and friend groupings, and a broad range of tones and hair textures. Natural proportions. No stereotypes, no costume-like exaggeration, no tokenism.
SEASON (Summer): sunlight, porches, gardens, walking paths, community warmth.
TONE: calm, hopeful, reflective, grounded, and supportive; relaxed posture, open hands, soft expressions.
LINE WORK: primary contours 0.75-1.25 pt, secondary detail 0.5-0.75 pt, at least two visibly distinct line weights, nothing below 0.5 pt, fully closed shapes suitable for coloring.
WHITE SPACE: Keep background under 30 percent detail so figures stay readable.
VARIATION: Use 2 of TPL-02 in this book — change the seating geometry and eye level: open horseshoe vs closed ring, standing vs seated, and a different room or landscape anchor.
TEXT: none. The page must contain no lettering of any kind.
NEGATIVE: violence, weapons, bruising, visible injury, drug use, drug paraphernalia, self-harm, police scenes, hospital or clinical crisis imagery, restraints, panic or extreme distress, gray shading, grayscale, color fills, photorealism, 3D render, distorted hands, extra fingers, malformed faces, stray text or watermarks, overcrowded composition, dense mandala fill, low contrast, broken or open outlines, childish cartoon style, ethnic stereotyping, costume-like exaggeration.","Black-and-white printable adult coloring page, 8.5 x 11 inch portrait, 300 DPI, pure black line art on white, no shading, no grayscale, no color fills, all content inside a 0.375 inch safe margin. Blended family picnic scene. 3-5 people in a curved or circular arrangement, one clear focal interaction, simple background geometry. Indoor variant uses simple room geometry; outdoor variant uses trees, park edge, or garden as a low-detail backdrop. Visibly diverse figures with mixed-feature faces, blended family and friend groupings, and a broad range of tones and hair textures. Season cues: sunlight, porches, gardens, walking paths, community warmth. Tone: calm, hopeful, reflective, grounded, and supportive; relaxed posture, open hands, soft expressions. Line work: primary contours 0.75-1.25 pt, secondary detail 0.5-0.75 pt, at least two visibly distinct line weights, nothing below 0.5 pt, fully closed shapes suitable for coloring. Keep background under 30 percent detail so figures stay readable. No text anywhere on the page.","violence, weapons, bruising, visible injury, drug use, drug paraphernalia, self-harm, police scenes, hospital or clinical crisis imagery, restraints, panic or extreme distress, gray shading, grayscale, color fills, photorealism, 3D render, distorted hands, extra fingers, malformed faces, stray text or watermarks, overcrowded composition, dense mandala fill, low contrast, broken or open outlines, childish cartoon style, ethnic stereotyping, costume-like exaggeration"
Multiracial Summer 07,Multiracial,Summer,07,Community scene,TPL-07,Pair Conversation Scene,Medium,,Medium,"DOC SPEC: 8.5 x 11 inch portrait, 300 DPI, pure black line art on white, no shading, no grayscale, no color fills, all content inside a 0.375 inch safe margin.
SCENE: Friends walking together after group.
COMPOSITION (TPL-07 Pair Conversation Scene): Exactly 2-3 figures in close, readable interaction: seated together, standing side by side, or walking together. Anchor is a porch railing, patio edge, park or city bench, kitchen or dining table, shop chair, or shared task. Top: plants, string lights, window, or tree line; Center: the two figures and their shared focus; Bottom: floorboards, table, bench, path, or ground.
REPRESENTATION: Visibly diverse figures with mixed-feature faces, blended family and friend groupings, and a broad range of tones and hair textures. Natural proportions. No stereotypes, no costume-like exaggeration, no tokenism.
SEASON (Summer): sunlight, porches, gardens, walking paths, community warmth.
TONE: calm, hopeful, reflective, grounded, and supportive; relaxed posture, open hands, soft expressions.
LINE WORK: primary contours 0.75-1.25 pt, secondary detail 0.5-0.75 pt, at least two visibly distinct line weights, nothing below 0.5 pt, fully closed shapes suitable for coloring.
WHITE SPACE: Keep railing, walls, table, and ground simple enough for color fill.
TEXT: none. The page must contain no lettering of any kind.
NEGATIVE: violence, weapons, bruising, visible injury, drug use, drug paraphernalia, self-harm, police scenes, hospital or clinical crisis imagery, restraints, panic or extreme distress, gray shading, grayscale, color fills, photorealism, 3D render, distorted hands, extra fingers, malformed faces, stray text or watermarks, overcrowded composition, dense mandala fill, low contrast, broken or open outlines, childish cartoon style, ethnic stereotyping, costume-like exaggeration.","Black-and-white printable adult coloring page, 8.5 x 11 inch portrait, 300 DPI, pure black line art on white, no shading, no grayscale, no color fills, all content inside a 0.375 inch safe margin. Friends walking together after group. Exactly 2-3 figures in close, readable interaction: seated together, standing side by side, or walking together. Anchor is a porch railing, patio edge, park or city bench, kitchen or dining table, shop chair, or shared task. Visibly diverse figures with mixed-feature faces, blended family and friend groupings, and a broad range of tones and hair textures. Season cues: sunlight, porches, gardens, walking paths, community warmth. Tone: calm, hopeful, reflective, grounded, and supportive; relaxed posture, open hands, soft expressions. Line work: primary contours 0.75-1.25 pt, secondary detail 0.5-0.75 pt, at least two visibly distinct line weights, nothing below 0.5 pt, fully closed shapes suitable for coloring. Keep railing, walls, table, and ground simple enough for color fill. No text anywhere on the page.","violence, weapons, bruising, visible injury, drug use, drug paraphernalia, self-harm, police scenes, hospital or clinical crisis imagery, restraints, panic or extreme distress, gray shading, grayscale, color fills, photorealism, 3D render, distorted hands, extra fingers, malformed faces, stray text or watermarks, overcrowded composition, dense mandala fill, low contrast, broken or open outlines, childish cartoon style, ethnic stereotyping, costume-like exaggeration"
Multiracial Summer 08,Multiracial,Summer,08,Community scene,TPL-07,Pair Conversation Scene,Medium,,Medium,"DOC SPEC: 8.5 x 11 inch portrait, 300 DPI, pure black line art on white, no shading, no grayscale, no color fills, all content inside a 0.375 inch safe margin.
SCENE: Peer-support conversation on a city bench.
COMPOSITION (TPL-07 Pair Conversation Scene): Exactly 2-3 figures in close, readable interaction: seated together, standing side by side, or walking together. Anchor is a porch railing, patio edge, park or city bench, kitchen or dining table, shop chair, or shared task. Top: plants, string lights, window, or tree line; Center: the two figures and their shared focus; Bottom: floorboards, table, bench, path, or ground.
REPRESENTATION: Visibly diverse figures with mixed-feature faces, blended family and friend groupings, and a broad range of tones and hair textures. Natural proportions. No stereotypes, no costume-like exaggeration, no tokenism.
SEASON (Summer): sunlight, porches, gardens, walking paths, community warmth.
TONE: calm, hopeful, reflective, grounded, and supportive; relaxed posture, open hands, soft expressions.
LINE WORK: primary contours 0.75-1.25 pt, secondary detail 0.5-0.75 pt, at least two visibly distinct line weights, nothing below 0.5 pt, fully closed shapes suitable for coloring.
WHITE SPACE: Keep railing, walls, table, and ground simple enough for color fill.
VARIATION: Use 2 of TPL-07 in this book — change the arrangement: side by side vs facing, seated vs walking, and a different shared object.
TEXT: none. The page must contain no lettering of any kind.
NEGATIVE: violence, weapons, bruising, visible injury, drug use, drug paraphernalia, self-harm, police scenes, hospital or clinical crisis imagery, restraints, panic or extreme distress, gray shading, grayscale, color fills, photorealism, 3D render, distorted hands, extra fingers, malformed faces, stray text or watermarks, overcrowded composition, dense mandala fill, low contrast, broken or open outlines, childish cartoon style, ethnic stereotyping, costume-like exaggeration.","Black-and-white printable adult coloring page, 8.5 x 11 inch portrait, 300 DPI, pure black line art on white, no shading, no grayscale, no color fills, all content inside a 0.375 inch safe margin. Peer-support conversation on a city bench. Exactly 2-3 figures in close, readable interaction: seated together, standing side by side, or walking together. Anchor is a porch railing, patio edge, park or city bench, kitchen or dining table, shop chair, or shared task. Visibly diverse figures with mixed-feature faces, blended family and friend groupings, and a broad range of tones and hair textures. Season cues: sunlight, porches, gardens, walking paths, community warmth. Tone: calm, hopeful, reflective, grounded, and supportive; relaxed posture, open hands, soft expressions. Line work: primary contours 0.75-1.25 pt, secondary detail 0.5-0.75 pt, at least two visibly distinct line weights, nothing below 0.5 pt, fully closed shapes suitable for coloring. Keep railing, walls, table, and ground simple enough for color fill. No text anywhere on the page.","violence, weapons, bruising, visible injury, drug use, drug paraphernalia, self-harm, police scenes, hospital or clinical crisis imagery, restraints, panic or extreme distress, gray shading, grayscale, color fills, photorealism, 3D render, distorted hands, extra fingers, malformed faces, stray text or watermarks, overcrowded composition, dense mandala fill, low contrast, broken or open outlines, childish cartoon style, ethnic stereotyping, costume-like exaggeration"
Multiracial Summer 09,Multiracial,Summer,09,Quote page,TPL-03,Quote Page Framed Border,Light,Freedom can look like peace.,High,"DOC SPEC: 8.5 x 11 inch portrait, 300 DPI, pure black line art on white, no shading, no grayscale, no color fills, all content inside a 0.375 inch safe margin.
SCENE: Freedom and peace motif.
COMPOSITION (TPL-03 Quote Page Framed Border): Short centered quote with wide margins and seasonal border motifs on 2-4 sides. Top-third: quote; Outer frame: florals and symbols; Corners: accent clusters; Center whitespace preserved.
REPRESENTATION: no people, no figures, and no body parts anywhere on this page. Cultural character is carried by objects, textiles, plants, and pattern, never by a figure. Keep those details lived-in rather than costume-like.
SEASON (Summer): sunlight, porches, gardens, walking paths, community warmth.
TONE: calm, hopeful, reflective, grounded, and supportive; relaxed posture, open hands, soft expressions.
LINE WORK: primary contours 0.75-1.25 pt, secondary detail 0.5-0.75 pt, at least two visibly distinct line weights, nothing below 0.5 pt, fully closed shapes suitable for coloring.
WHITE SPACE: Preserve at least 50 percent open space around text.
QUOTE TEXT: ""Freedom can look like peace."" Set centered in the upper-middle in a clean serif, well inside the safe margin. This is the only text on the page.
NEGATIVE: violence, weapons, bruising, visible injury, drug use, drug paraphernalia, self-harm, police scenes, hospital or clinical crisis imagery, restraints, panic or extreme distress, gray shading, grayscale, color fills, photorealism, 3D render, distorted hands, extra fingers, malformed faces, stray text or watermarks, overcrowded composition, dense mandala fill, low contrast, broken or open outlines, childish cartoon style, ethnic stereotyping, costume-like exaggeration.","Black-and-white printable adult coloring page, 8.5 x 11 inch portrait, 300 DPI, pure black line art on white, no shading, no grayscale, no color fills, all content inside a 0.375 inch safe margin. Freedom and peace motif. Short centered quote with wide margins and seasonal border motifs on 2-4 sides. no people, no figures, and no body parts anywhere on this page. Cultural character is carried by objects, textiles, plants, and pattern, never by a figure. Keep those details lived-in rather than costume-like. Season cues: sunlight, porches, gardens, walking paths, community warmth. Tone: calm, hopeful, reflective, grounded, and supportive; relaxed posture, open hands, soft expressions. Line work: primary contours 0.75-1.25 pt, secondary detail 0.5-0.75 pt, at least two visibly distinct line weights, nothing below 0.5 pt, fully closed shapes suitable for coloring. Preserve at least 50 percent open space around text. Quote text: ""Freedom can look like peace."" centered, upper-middle.","violence, weapons, bruising, visible injury, drug use, drug paraphernalia, self-harm, police scenes, hospital or clinical crisis imagery, restraints, panic or extreme distress, gray shading, grayscale, color fills, photorealism, 3D render, distorted hands, extra fingers, malformed faces, stray text or watermarks, overcrowded composition, dense mandala fill, low contrast, broken or open outlines, childish cartoon style, ethnic stereotyping, costume-like exaggeration"
Multiracial Summer 10,Multiracial,Summer,10,Quote page,TPL-03,Quote Page Framed Border,Light,My joy counts too.,High,"DOC SPEC: 8.5 x 11 inch portrait, 300 DPI, pure black line art on white, no shading, no grayscale, no color fills, all content inside a 0.375 inch safe margin.
SCENE: Sun and bright accents.
COMPOSITION (TPL-03 Quote Page Framed Border): Short centered quote with wide margins and seasonal border motifs on 2-4 sides. Top-third: quote; Outer frame: florals and symbols; Corners: accent clusters; Center whitespace preserved.
REPRESENTATION: no people, no figures, and no body parts anywhere on this page. Cultural character is carried by objects, textiles, plants, and pattern, never by a figure. Keep those details lived-in rather than costume-like.
SEASON (Summer): sunlight, porches, gardens, walking paths, community warmth.
TONE: calm, hopeful, reflective, grounded, and supportive; relaxed posture, open hands, soft expressions.
LINE WORK: primary contours 0.75-1.25 pt, secondary detail 0.5-0.75 pt, at least two visibly distinct line weights, nothing below 0.5 pt, fully closed shapes suitable for coloring.
WHITE SPACE: Preserve at least 50 percent open space around text.
VARIATION: Use 2 of TPL-03 in this book — change the border family and quote placement: full frame vs two-corner vs top-and-bottom band.
QUOTE TEXT: ""My joy counts too."" Set centered in the upper-middle in a clean serif, well inside the safe margin. This is the only text on the page.
NEGATIVE: violence, weapons, bruising, visible injury, drug use, drug paraphernalia, self-harm, police scenes, hospital or clinical crisis imagery, restraints, panic or extreme distress, gray shading, grayscale, color fills, photorealism, 3D render, distorted hands, extra fingers, malformed faces, stray text or watermarks, overcrowded composition, dense mandala fill, low contrast, broken or open outlines, childish cartoon style, ethnic stereotyping, costume-like exaggeration.","Black-and-white printable adult coloring page, 8.5 x 11 inch portrait, 300 DPI, pure black line art on white, no shading, no grayscale, no color fills, all content inside a 0.375 inch safe margin. Sun and bright accents. Short centered quote with wide margins and seasonal border motifs on 2-4 sides. no people, no figures, and no body parts anywhere on this page. Cultural character is carried by objects, textiles, plants, and pattern, never by a figure. Keep those details lived-in rather than costume-like. Season cues: sunlight, porches, gardens, walking paths, community warmth. Tone: calm, hopeful, reflective, grounded, and supportive; relaxed posture, open hands, soft expressions. Line work: primary contours 0.75-1.25 pt, secondary detail 0.5-0.75 pt, at least two visibly distinct line weights, nothing below 0.5 pt, fully closed shapes suitable for coloring. Preserve at least 50 percent open space around text. Quote text: ""My joy counts too."" centered, upper-middle.","violence, weapons, bruising, visible injury, drug use, drug paraphernalia, self-harm, police scenes, hospital or clinical crisis imagery, restraints, panic or extreme distress, gray shading, grayscale, color fills, photorealism, 3D render, distorted hands, extra fingers, malformed faces, stray text or watermarks, overcrowded composition, dense mandala fill, low contrast, broken or open outlines, childish cartoon style, ethnic stereotyping, costume-like exaggeration"
Multiracial Summer 11,Multiracial,Summer,11,Quote page,TPL-03,Quote Page Framed Border,Light,I am becoming.,High,"DOC SPEC: 8.5 x 11 inch portrait, 300 DPI, pure black line art on white, no shading, no grayscale, no color fills, all content inside a 0.375 inch safe margin.
SCENE: Open sky and bold text space.
COMPOSITION (TPL-03 Quote Page Framed Border): Short centered quote with wide margins and seasonal border motifs on 2-4 sides. Top-third: quote; Outer frame: florals and symbols; Corners: accent clusters; Center whitespace preserved.
REPRESENTATION: no people, no figures, and no body parts anywhere on this page. Cultural character is carried by objects, textiles, plants, and pattern, never by a figure. Keep those details lived-in rather than costume-like.
SEASON (Summer): sunlight, porches, gardens, walking paths, community warmth.
TONE: calm, hopeful, reflective, grounded, and supportive; relaxed posture, open hands, soft expressions.
LINE WORK: primary contours 0.75-1.25 pt, secondary detail 0.5-0.75 pt, at least two visibly distinct line weights, nothing below 0.5 pt, fully closed shapes suitable for coloring.
WHITE SPACE: Preserve at least 50 percent open space around text.
VARIATION: Use 3 of TPL-03 in this book — change the border family and quote placement: full frame vs two-corner vs top-and-bottom band.
QUOTE TEXT: ""I am becoming."" Set centered in the upper-middle in a clean serif, well inside the safe margin. This is the only text on the page.
NEGATIVE: violence, weapons, bruising, visible injury, drug use, drug paraphernalia, self-harm, police scenes, hospital or clinical crisis imagery, restraints, panic or extreme distress, gray shading, grayscale, color fills, photorealism, 3D render, distorted hands, extra fingers, malformed faces, stray text or watermarks, overcrowded composition, dense mandala fill, low contrast, broken or open outlines, childish cartoon style, ethnic stereotyping, costume-like exaggeration.","Black-and-white printable adult coloring page, 8.5 x 11 inch portrait, 300 DPI, pure black line art on white, no shading, no grayscale, no color fills, all content inside a 0.375 inch safe margin. Open sky and bold text space. Short centered quote with wide margins and seasonal border motifs on 2-4 sides. no people, no figures, and no body parts anywhere on this page. Cultural character is carried by objects, textiles, plants, and pattern, never by a figure. Keep those details lived-in rather than costume-like. Season cues: sunlight, porches, gardens, walking paths, community warmth. Tone: calm, hopeful, reflective, grounded, and supportive; relaxed posture, open hands, soft expressions. Line work: primary contours 0.75-1.25 pt, secondary detail 0.5-0.75 pt, at least two visibly distinct line weights, nothing below 0.5 pt, fully closed shapes suitable for coloring. Preserve at least 50 percent open space around text. Quote text: ""I am becoming."" centered, upper-middle.","violence, weapons, bruising, visible injury, drug use, drug paraphernalia, self-harm, police scenes, hospital or clinical crisis imagery, restraints, panic or extreme distress, gray shading, grayscale, color fills, photorealism, 3D render, distorted hands, extra fingers, malformed faces, stray text or watermarks, overcrowded composition, dense mandala fill, low contrast, broken or open outlines, childish cartoon style, ethnic stereotyping, costume-like exaggeration"
Multiracial Summer 12,Multiracial,Summer,12,Symbol page,TPL-05,Symbol Cluster Page,Medium,,Medium,"DOC SPEC: 8.5 x 11 inch portrait, 300 DPI, pure black line art on white, no shading, no grayscale, no color fills, all content inside a 0.375 inch safe margin.
SCENE: Suns, flowers, waves, and hearts.
COMPOSITION (TPL-05 Symbol Cluster Page): 8-15 related motifs grouped in balanced clusters with breathing room between forms. Distributed clusters across the full page with one central anchor motif.
REPRESENTATION: no people, no figures, and no body parts anywhere on this page. Cultural character is carried by objects, textiles, plants, and pattern, never by a figure. Keep those details lived-in rather than costume-like.
SEASON (Summer): sunlight, porches, gardens, walking paths, community warmth.
TONE: calm, hopeful, reflective, grounded, and supportive; relaxed posture, open hands, soft expressions.
LINE WORK: primary contours 0.75-1.25 pt, secondary detail 0.5-0.75 pt, at least two visibly distinct line weights, nothing below 0.5 pt, fully closed shapes suitable for coloring.
WHITE SPACE: Keep clean separations between motifs for easy coloring.
TEXT: none. The page must contain no lettering of any kind.
NEGATIVE: violence, weapons, bruising, visible injury, drug use, drug paraphernalia, self-harm, police scenes, hospital or clinical crisis imagery, restraints, panic or extreme distress, gray shading, grayscale, color fills, photorealism, 3D render, distorted hands, extra fingers, malformed faces, stray text or watermarks, overcrowded composition, dense mandala fill, low contrast, broken or open outlines, childish cartoon style, ethnic stereotyping, costume-like exaggeration.","Black-and-white printable adult coloring page, 8.5 x 11 inch portrait, 300 DPI, pure black line art on white, no shading, no grayscale, no color fills, all content inside a 0.375 inch safe margin. Suns, flowers, waves, and hearts. 8-15 related motifs grouped in balanced clusters with breathing room between forms. no people, no figures, and no body parts anywhere on this page. Cultural character is carried by objects, textiles, plants, and pattern, never by a figure. Keep those details lived-in rather than costume-like. Season cues: sunlight, porches, gardens, walking paths, community warmth. Tone: calm, hopeful, reflective, grounded, and supportive; relaxed posture, open hands, soft expressions. Line work: primary contours 0.75-1.25 pt, secondary detail 0.5-0.75 pt, at least two visibly distinct line weights, nothing below 0.5 pt, fully closed shapes suitable for coloring. Keep clean separations between motifs for easy coloring. No text anywhere on the page.","violence, weapons, bruising, visible injury, drug use, drug paraphernalia, self-harm, police scenes, hospital or clinical crisis imagery, restraints, panic or extreme distress, gray shading, grayscale, color fills, photorealism, 3D render, distorted hands, extra fingers, malformed faces, stray text or watermarks, overcrowded composition, dense mandala fill, low contrast, broken or open outlines, childish cartoon style, ethnic stereotyping, costume-like exaggeration"
Multiracial Summer 13,Multiracial,Summer,13,Decorative page,TPL-10,Decorative Border & Pattern Page,Medium,,Medium,"DOC SPEC: 8.5 x 11 inch portrait, 300 DPI, pure black line art on white, no shading, no grayscale, no color fills, all content inside a 0.375 inch safe margin.
SCENE: Sandals, fruit, and notebooks.
COMPOSITION (TPL-10 Decorative Border & Pattern Page): Seasonal border or repeating pattern frame with 4-8 comfort objects set inside it; flatter and more graphic than a symbol cluster. Full-page border or corner frames; Center: object grouping; Background: restrained repeating pattern or open white.
REPRESENTATION: no people, no figures, and no body parts anywhere on this page. Cultural character is carried by objects, textiles, plants, and pattern, never by a figure. Keep those details lived-in rather than costume-like.
SEASON (Summer): sunlight, porches, gardens, walking paths, community warmth.
TONE: calm, hopeful, reflective, grounded, and supportive; relaxed posture, open hands, soft expressions.
LINE WORK: primary contours 0.75-1.25 pt, secondary detail 0.5-0.75 pt, at least two visibly distinct line weights, nothing below 0.5 pt, fully closed shapes suitable for coloring.
WHITE SPACE: Keep the center open enough to read as a resting page; pattern supports, never fills.
TEXT: none. The page must contain no lettering of any kind.
NEGATIVE: violence, weapons, bruising, visible injury, drug use, drug paraphernalia, self-harm, police scenes, hospital or clinical crisis imagery, restraints, panic or extreme distress, gray shading, grayscale, color fills, photorealism, 3D render, distorted hands, extra fingers, malformed faces, stray text or watermarks, overcrowded composition, dense mandala fill, low contrast, broken or open outlines, childish cartoon style, ethnic stereotyping, costume-like exaggeration.","Black-and-white printable adult coloring page, 8.5 x 11 inch portrait, 300 DPI, pure black line art on white, no shading, no grayscale, no color fills, all content inside a 0.375 inch safe margin. Sandals, fruit, and notebooks. Seasonal border or repeating pattern frame with 4-8 comfort objects set inside it; flatter and more graphic than a symbol cluster. no people, no figures, and no body parts anywhere on this page. Cultural character is carried by objects, textiles, plants, and pattern, never by a figure. Keep those details lived-in rather than costume-like. Season cues: sunlight, porches, gardens, walking paths, community warmth. Tone: calm, hopeful, reflective, grounded, and supportive; relaxed posture, open hands, soft expressions. Line work: primary contours 0.75-1.25 pt, secondary detail 0.5-0.75 pt, at least two visibly distinct line weights, nothing below 0.5 pt, fully closed shapes suitable for coloring. Keep the center open enough to read as a resting page; pattern supports, never fills. No text anywhere on the page.","violence, weapons, bruising, visible injury, drug use, drug paraphernalia, self-harm, police scenes, hospital or clinical crisis imagery, restraints, panic or extreme distress, gray shading, grayscale, color fills, photorealism, 3D render, distorted hands, extra fingers, malformed faces, stray text or watermarks, overcrowded composition, dense mandala fill, low contrast, broken or open outlines, childish cartoon style, ethnic stereotyping, costume-like exaggeration"
Multiracial Summer 14,Multiracial,Summer,14,Environment page,TPL-09,Outdoor Sanctuary,Heavy,,Medium,"DOC SPEC: 8.5 x 11 inch portrait, 300 DPI, pure black line art on white, no shading, no grayscale, no color fills, all content inside a 0.375 inch safe margin.
SCENE: Backyard or balcony healing corner.
COMPOSITION (TPL-09 Outdoor Sanctuary): One outdoor retreat space with a strong built anchor (patio, courtyard, balcony, garden bed) plus plants and seating. No people. Top: sky, string lights, pergola, or wall edge; Center: seating or planting anchor; Lower: paving, path, pots, ground plants.
REPRESENTATION: no people, no figures, and no body parts anywhere on this page. Cultural character is carried by objects, textiles, plants, and pattern, never by a figure. Keep those details lived-in rather than costume-like.
SEASON (Summer): sunlight, porches, gardens, walking paths, community warmth.
TONE: calm, hopeful, reflective, grounded, and supportive; relaxed posture, open hands, soft expressions.
LINE WORK: primary contours 0.75-1.25 pt, secondary detail 0.5-0.75 pt, at least two visibly distinct line weights, nothing below 0.5 pt, fully closed shapes suitable for coloring.
WHITE SPACE: Keep sky, paving, and lawn zones broadly open; do not pattern every surface.
TEXT: none. The page must contain no lettering of any kind.
NEGATIVE: violence, weapons, bruising, visible injury, drug use, drug paraphernalia, self-harm, police scenes, hospital or clinical crisis imagery, restraints, panic or extreme distress, gray shading, grayscale, color fills, photorealism, 3D render, distorted hands, extra fingers, malformed faces, stray text or watermarks, overcrowded composition, dense mandala fill, low contrast, broken or open outlines, childish cartoon style, ethnic stereotyping, costume-like exaggeration.","Black-and-white printable adult coloring page, 8.5 x 11 inch portrait, 300 DPI, pure black line art on white, no shading, no grayscale, no color fills, all content inside a 0.375 inch safe margin. Backyard or balcony healing corner. One outdoor retreat space with a strong built anchor (patio, courtyard, balcony, garden bed) plus plants and seating. No people. no people, no figures, and no body parts anywhere on this page. Cultural character is carried by objects, textiles, plants, and pattern, never by a figure. Keep those details lived-in rather than costume-like. Season cues: sunlight, porches, gardens, walking paths, community warmth. Tone: calm, hopeful, reflective, grounded, and supportive; relaxed posture, open hands, soft expressions. Line work: primary contours 0.75-1.25 pt, secondary detail 0.5-0.75 pt, at least two visibly distinct line weights, nothing below 0.5 pt, fully closed shapes suitable for coloring. Keep sky, paving, and lawn zones broadly open; do not pattern every surface. No text anywhere on the page.","violence, weapons, bruising, visible injury, drug use, drug paraphernalia, self-harm, police scenes, hospital or clinical crisis imagery, restraints, panic or extreme distress, gray shading, grayscale, color fills, photorealism, 3D render, distorted hands, extra fingers, malformed faces, stray text or watermarks, overcrowded composition, dense mandala fill, low contrast, broken or open outlines, childish cartoon style, ethnic stereotyping, costume-like exaggeration"
Multiracial Summer 15,Multiracial,Summer,15,Environment page,TPL-09,Outdoor Sanctuary,Heavy,,High,"DOC SPEC: 8.5 x 11 inch portrait, 300 DPI, pure black line art on white, no shading, no grayscale, no color fills, all content inside a 0.375 inch safe margin.
SCENE: Urban garden community scene.
COMPOSITION (TPL-09 Outdoor Sanctuary): One outdoor retreat space with a strong built anchor (patio, courtyard, balcony, garden bed) plus plants and seating. No people. Top: sky, string lights, pergola, or wall edge; Center: seating or planting anchor; Lower: paving, path, pots, ground plants.
REPRESENTATION: no people, no figures, and no body parts anywhere on this page. Cultural character is carried by objects, textiles, plants, and pattern, never by a figure. Keep those details lived-in rather than costume-like.
SEASON (Summer): sunlight, porches, gardens, walking paths, community warmth.
TONE: calm, hopeful, reflective, grounded, and supportive; relaxed posture, open hands, soft expressions.
LINE WORK: primary contours 0.75-1.25 pt, secondary detail 0.5-0.75 pt, at least two visibly distinct line weights, nothing below 0.5 pt, fully closed shapes suitable for coloring.
WHITE SPACE: Keep sky, paving, and lawn zones broadly open; do not pattern every surface.
VARIATION: Use 2 of TPL-09 in this book — change the built anchor: bench vs table vs planter bed, and the enclosure edge.
TEXT: none. The page must contain no lettering of any kind.
NEGATIVE: violence, weapons, bruising, visible injury, drug use, drug paraphernalia, self-harm, police scenes, hospital or clinical crisis imagery, restraints, panic or extreme distress, gray shading, grayscale, color fills, photorealism, 3D render, distorted hands, extra fingers, malformed faces, stray text or watermarks, overcrowded composition, dense mandala fill, low contrast, broken or open outlines, childish cartoon style, ethnic stereotyping, costume-like exaggeration.","Black-and-white printable adult coloring page, 8.5 x 11 inch portrait, 300 DPI, pure black line art on white, no shading, no grayscale, no color fills, all content inside a 0.375 inch safe margin. Urban garden community scene. One outdoor retreat space with a strong built anchor (patio, courtyard, balcony, garden bed) plus plants and seating. No people. no people, no figures, and no body parts anywhere on this page. Cultural character is carried by objects, textiles, plants, and pattern, never by a figure. Keep those details lived-in rather than costume-like. Season cues: sunlight, porches, gardens, walking paths, community warmth. Tone: calm, hopeful, reflective, grounded, and supportive; relaxed posture, open hands, soft expressions. Line work: primary contours 0.75-1.25 pt, secondary detail 0.5-0.75 pt, at least two visibly distinct line weights, nothing below 0.5 pt, fully closed shapes suitable for coloring. Keep sky, paving, and lawn zones broadly open; do not pattern every surface. No text anywhere on the page.","violence, weapons, bruising, visible injury, drug use, drug paraphernalia, self-harm, police scenes, hospital or clinical crisis imagery, restraints, panic or extreme distress, gray shading, grayscale, color fills, photorealism, 3D render, distorted hands, extra fingers, malformed faces, stray text or watermarks, overcrowded composition, dense mandala fill, low contrast, broken or open outlines, childish cartoon style, ethnic stereotyping, costume-like exaggeration"
Multiracial Fall 01,Multiracial,Fall,01,Solo portrait,TPL-08,Window + Journal Reflection,Medium,,High,"DOC SPEC: 8.5 x 11 inch portrait, 300 DPI, pure black line art on white, no shading, no grayscale, no color fills, all content inside a 0.375 inch safe margin.
SCENE: Person journaling with leaves outside window.
COMPOSITION (TPL-08 Window + Journal Reflection): Person seated indoors at a window with a journal, mug, or book; the outside view simplified to weather and one or two shapes; indoor comfort props nearby. Top: window frame and weather; Center: seated figure; Lower: blanket, book, mug, plant.
REPRESENTATION: Visibly diverse figures with mixed-feature faces, blended family and friend groupings, and a broad range of tones and hair textures. Natural proportions. No stereotypes, no costume-like exaggeration, no tokenism.
SEASON (Fall): leaves, tea, blankets, candles, gratitude, release.
TONE: calm, hopeful, reflective, grounded, and supportive; relaxed posture, open hands, soft expressions.
LINE WORK: primary contours 0.75-1.25 pt, secondary detail 0.5-0.75 pt, at least two visibly distinct line weights, nothing below 0.5 pt, fully closed shapes suitable for coloring.
WHITE SPACE: The window view should stay simple and not compete with the figure.
TEXT: none. The page must contain no lettering of any kind.
NEGATIVE: violence, weapons, bruising, visible injury, drug use, drug paraphernalia, self-harm, police scenes, hospital or clinical crisis imagery, restraints, panic or extreme distress, gray shading, grayscale, color fills, photorealism, 3D render, distorted hands, extra fingers, malformed faces, stray text or watermarks, overcrowded composition, dense mandala fill, low contrast, broken or open outlines, childish cartoon style, ethnic stereotyping, costume-like exaggeration.","Black-and-white printable adult coloring page, 8.5 x 11 inch portrait, 300 DPI, pure black line art on white, no shading, no grayscale, no color fills, all content inside a 0.375 inch safe margin. Person journaling with leaves outside window. Person seated indoors at a window with a journal, mug, or book; the outside view simplified to weather and one or two shapes; indoor comfort props nearby. Visibly diverse figures with mixed-feature faces, blended family and friend groupings, and a broad range of tones and hair textures. Season cues: leaves, tea, blankets, candles, gratitude, release. Tone: calm, hopeful, reflective, grounded, and supportive; relaxed posture, open hands, soft expressions. Line work: primary contours 0.75-1.25 pt, secondary detail 0.5-0.75 pt, at least two visibly distinct line weights, nothing below 0.5 pt, fully closed shapes suitable for coloring. The window view should stay simple and not compete with the figure. No text anywhere on the page.","violence, weapons, bruising, visible injury, drug use, drug paraphernalia, self-harm, police scenes, hospital or clinical crisis imagery, restraints, panic or extreme distress, gray shading, grayscale, color fills, photorealism, 3D render, distorted hands, extra fingers, malformed faces, stray text or watermarks, overcrowded composition, dense mandala fill, low contrast, broken or open outlines, childish cartoon style, ethnic stereotyping, costume-like exaggeration"
Multiracial Fall 02,Multiracial,Fall,02,Solo portrait,TPL-06,Walking Reflection Scene,Light-Medium,,Medium,"DOC SPEC: 8.5 x 11 inch portrait, 300 DPI, pure black line art on white, no shading, no grayscale, no color fills, all content inside a 0.375 inch safe margin.
SCENE: Person holding tea during a reflective walk.
COMPOSITION (TPL-06 Walking Reflection Scene): Single figure outdoors on a path, sidewalk, trail, dock, or shoreline with calm background depth and limited environmental clutter. Top: sky, trees, or buildings minimal; Center: figure; Lower: path, leaves, water, flowers, pavement texture.
REPRESENTATION: Visibly diverse figures with mixed-feature faces, blended family and friend groupings, and a broad range of tones and hair textures. Natural proportions. No stereotypes, no costume-like exaggeration, no tokenism.
SEASON (Fall): leaves, tea, blankets, candles, gratitude, release.
TONE: calm, hopeful, reflective, grounded, and supportive; relaxed posture, open hands, soft expressions.
LINE WORK: primary contours 0.75-1.25 pt, secondary detail 0.5-0.75 pt, at least two visibly distinct line weights, nothing below 0.5 pt, fully closed shapes suitable for coloring.
WHITE SPACE: Keep large sky and path zones open to avoid density.
TEXT: none. The page must contain no lettering of any kind.
NEGATIVE: violence, weapons, bruising, visible injury, drug use, drug paraphernalia, self-harm, police scenes, hospital or clinical crisis imagery, restraints, panic or extreme distress, gray shading, grayscale, color fills, photorealism, 3D render, distorted hands, extra fingers, malformed faces, stray text or watermarks, overcrowded composition, dense mandala fill, low contrast, broken or open outlines, childish cartoon style, ethnic stereotyping, costume-like exaggeration.","Black-and-white printable adult coloring page, 8.5 x 11 inch portrait, 300 DPI, pure black line art on white, no shading, no grayscale, no color fills, all content inside a 0.375 inch safe margin. Person holding tea during a reflective walk. Single figure outdoors on a path, sidewalk, trail, dock, or shoreline with calm background depth and limited environmental clutter. Visibly diverse figures with mixed-feature faces, blended family and friend groupings, and a broad range of tones and hair textures. Season cues: leaves, tea, blankets, candles, gratitude, release. Tone: calm, hopeful, reflective, grounded, and supportive; relaxed posture, open hands, soft expressions. Line work: primary contours 0.75-1.25 pt, secondary detail 0.5-0.75 pt, at least two visibly distinct line weights, nothing below 0.5 pt, fully closed shapes suitable for coloring. Keep large sky and path zones open to avoid density. No text anywhere on the page.","violence, weapons, bruising, visible injury, drug use, drug paraphernalia, self-harm, police scenes, hospital or clinical crisis imagery, restraints, panic or extreme distress, gray shading, grayscale, color fills, photorealism, 3D render, distorted hands, extra fingers, malformed faces, stray text or watermarks, overcrowded composition, dense mandala fill, low contrast, broken or open outlines, childish cartoon style, ethnic stereotyping, costume-like exaggeration"
Multiracial Fall 03,Multiracial,Fall,03,Solo portrait,TPL-01,Solo Portrait Calm Scene,Medium,,High,"DOC SPEC: 8.5 x 11 inch portrait, 300 DPI, pure black line art on white, no shading, no grayscale, no color fills, all content inside a 0.375 inch safe margin.
SCENE: Young adult curled in chair with calming book.
COMPOSITION (TPL-01 Solo Portrait Calm Scene): One focal person centered slightly off-axis, 2-3 supporting props, light background context, open lower corners. Top: seasonal cues; Center: face/body focal point; Mid-lower: hands/object; Edges: light framing motifs.
REPRESENTATION: Visibly diverse figures with mixed-feature faces, blended family and friend groupings, and a broad range of tones and hair textures. Natural proportions. No stereotypes, no costume-like exaggeration, no tokenism.
SEASON (Fall): leaves, tea, blankets, candles, gratitude, release.
TONE: calm, hopeful, reflective, grounded, and supportive; relaxed posture, open hands, soft expressions.
LINE WORK: primary contours 0.75-1.25 pt, secondary detail 0.5-0.75 pt, at least two visibly distinct line weights, nothing below 0.5 pt, fully closed shapes suitable for coloring.
WHITE SPACE: Leave 35-45 percent open colorable space.
TEXT: none. The page must contain no lettering of any kind.
NEGATIVE: violence, weapons, bruising, visible injury, drug use, drug paraphernalia, self-harm, police scenes, hospital or clinical crisis imagery, restraints, panic or extreme distress, gray shading, grayscale, color fills, photorealism, 3D render, distorted hands, extra fingers, malformed faces, stray text or watermarks, overcrowded composition, dense mandala fill, low contrast, broken or open outlines, childish cartoon style, ethnic stereotyping, costume-like exaggeration.","Black-and-white printable adult coloring page, 8.5 x 11 inch portrait, 300 DPI, pure black line art on white, no shading, no grayscale, no color fills, all content inside a 0.375 inch safe margin. Young adult curled in chair with calming book. One focal person centered slightly off-axis, 2-3 supporting props, light background context, open lower corners. Visibly diverse figures with mixed-feature faces, blended family and friend groupings, and a broad range of tones and hair textures. Season cues: leaves, tea, blankets, candles, gratitude, release. Tone: calm, hopeful, reflective, grounded, and supportive; relaxed posture, open hands, soft expressions. Line work: primary contours 0.75-1.25 pt, secondary detail 0.5-0.75 pt, at least two visibly distinct line weights, nothing below 0.5 pt, fully closed shapes suitable for coloring. Leave 35-45 percent open colorable space. No text anywhere on the page.","violence, weapons, bruising, visible injury, drug use, drug paraphernalia, self-harm, police scenes, hospital or clinical crisis imagery, restraints, panic or extreme distress, gray shading, grayscale, color fills, photorealism, 3D render, distorted hands, extra fingers, malformed faces, stray text or watermarks, overcrowded composition, dense mandala fill, low contrast, broken or open outlines, childish cartoon style, ethnic stereotyping, costume-like exaggeration"
Multiracial Fall 04,Multiracial,Fall,04,Solo portrait,TPL-01,Solo Portrait Calm Scene,Medium,,High,"DOC SPEC: 8.5 x 11 inch portrait, 300 DPI, pure black line art on white, no shading, no grayscale, no color fills, all content inside a 0.375 inch safe margin.
SCENE: Person doing evening reflection by candlelight.
COMPOSITION (TPL-01 Solo Portrait Calm Scene): One focal person centered slightly off-axis, 2-3 supporting props, light background context, open lower corners. Top: seasonal cues; Center: face/body focal point; Mid-lower: hands/object; Edges: light framing motifs.
REPRESENTATION: Visibly diverse figures with mixed-feature faces, blended family and friend groupings, and a broad range of tones and hair textures. Natural proportions. No stereotypes, no costume-like exaggeration, no tokenism.
SEASON (Fall): leaves, tea, blankets, candles, gratitude, release.
TONE: calm, hopeful, reflective, grounded, and supportive; relaxed posture, open hands, soft expressions.
LINE WORK: primary contours 0.75-1.25 pt, secondary detail 0.5-0.75 pt, at least two visibly distinct line weights, nothing below 0.5 pt, fully closed shapes suitable for coloring.
WHITE SPACE: Leave 35-45 percent open colorable space.
VARIATION: Use 2 of TPL-01 in this book — change the viewpoint and prop cluster: seated vs standing, three-quarter vs frontal, and a different anchor object.
TEXT: none. The page must contain no lettering of any kind.
NEGATIVE: violence, weapons, bruising, visible injury, drug use, drug paraphernalia, self-harm, police scenes, hospital or clinical crisis imagery, restraints, panic or extreme distress, gray shading, grayscale, color fills, photorealism, 3D render, distorted hands, extra fingers, malformed faces, stray text or watermarks, overcrowded composition, dense mandala fill, low contrast, broken or open outlines, childish cartoon style, ethnic stereotyping, costume-like exaggeration.","Black-and-white printable adult coloring page, 8.5 x 11 inch portrait, 300 DPI, pure black line art on white, no shading, no grayscale, no color fills, all content inside a 0.375 inch safe margin. Person doing evening reflection by candlelight. One focal person centered slightly off-axis, 2-3 supporting props, light background context, open lower corners. Visibly diverse figures with mixed-feature faces, blended family and friend groupings, and a broad range of tones and hair textures. Season cues: leaves, tea, blankets, candles, gratitude, release. Tone: calm, hopeful, reflective, grounded, and supportive; relaxed posture, open hands, soft expressions. Line work: primary contours 0.75-1.25 pt, secondary detail 0.5-0.75 pt, at least two visibly distinct line weights, nothing below 0.5 pt, fully closed shapes suitable for coloring. Leave 35-45 percent open colorable space. No text anywhere on the page.","violence, weapons, bruising, visible injury, drug use, drug paraphernalia, self-harm, police scenes, hospital or clinical crisis imagery, restraints, panic or extreme distress, gray shading, grayscale, color fills, photorealism, 3D render, distorted hands, extra fingers, malformed faces, stray text or watermarks, overcrowded composition, dense mandala fill, low contrast, broken or open outlines, childish cartoon style, ethnic stereotyping, costume-like exaggeration"
Multiracial Fall 05,Multiracial,Fall,05,Community scene,TPL-02,Support Circle Scene,Heavy,,High,"DOC SPEC: 8.5 x 11 inch portrait, 300 DPI, pure black line art on white, no shading, no grayscale, no color fills, all content inside a 0.375 inch safe margin.
SCENE: Support group in warm-toned room.
COMPOSITION (TPL-02 Support Circle Scene): 3-5 people in a curved or circular arrangement, one clear focal interaction, simple background geometry. Indoor variant uses simple room geometry; outdoor variant uses trees, park edge, or garden as a low-detail backdrop. Top: wall, window, banners, or tree line kept minimal; Center: group interaction; Bottom: chairs, floor, ground, grounding objects.
REPRESENTATION: Visibly diverse figures with mixed-feature faces, blended family and friend groupings, and a broad range of tones and hair textures. Natural proportions. No stereotypes, no costume-like exaggeration, no tokenism.
SEASON (Fall): leaves, tea, blankets, candles, gratitude, release.
TONE: calm, hopeful, reflective, grounded, and supportive; relaxed posture, open hands, soft expressions.
LINE WORK: primary contours 0.75-1.25 pt, secondary detail 0.5-0.75 pt, at least two visibly distinct line weights, nothing below 0.5 pt, fully closed shapes suitable for coloring.
WHITE SPACE: Keep background under 30 percent detail so figures stay readable.
TEXT: none. The page must contain no lettering of any kind.
NEGATIVE: violence, weapons, bruising, visible injury, drug use, drug paraphernalia, self-harm, police scenes, hospital or clinical crisis imagery, restraints, panic or extreme distress, gray shading, grayscale, color fills, photorealism, 3D render, distorted hands, extra fingers, malformed faces, stray text or watermarks, overcrowded composition, dense mandala fill, low contrast, broken or open outlines, childish cartoon style, ethnic stereotyping, costume-like exaggeration.","Black-and-white printable adult coloring page, 8.5 x 11 inch portrait, 300 DPI, pure black line art on white, no shading, no grayscale, no color fills, all content inside a 0.375 inch safe margin. Support group in warm-toned room. 3-5 people in a curved or circular arrangement, one clear focal interaction, simple background geometry. Indoor variant uses simple room geometry; outdoor variant uses trees, park edge, or garden as a low-detail backdrop. Visibly diverse figures with mixed-feature faces, blended family and friend groupings, and a broad range of tones and hair textures. Season cues: leaves, tea, blankets, candles, gratitude, release. Tone: calm, hopeful, reflective, grounded, and supportive; relaxed posture, open hands, soft expressions. Line work: primary contours 0.75-1.25 pt, secondary detail 0.5-0.75 pt, at least two visibly distinct line weights, nothing below 0.5 pt, fully closed shapes suitable for coloring. Keep background under 30 percent detail so figures stay readable. No text anywhere on the page.","violence, weapons, bruising, visible injury, drug use, drug paraphernalia, self-harm, police scenes, hospital or clinical crisis imagery, restraints, panic or extreme distress, gray shading, grayscale, color fills, photorealism, 3D render, distorted hands, extra fingers, malformed faces, stray text or watermarks, overcrowded composition, dense mandala fill, low contrast, broken or open outlines, childish cartoon style, ethnic stereotyping, costume-like exaggeration"
Multiracial Fall 06,Multiracial,Fall,06,Community scene,TPL-02,Support Circle Scene,Heavy,,Medium,"DOC SPEC: 8.5 x 11 inch portrait, 300 DPI, pure black line art on white, no shading, no grayscale, no color fills, all content inside a 0.375 inch safe margin.
SCENE: Blended family cooking together peacefully.
COMPOSITION (TPL-02 Support Circle Scene): 3-5 people in a curved or circular arrangement, one clear focal interaction, simple background geometry. Indoor variant uses simple room geometry; outdoor variant uses trees, park edge, or garden as a low-detail backdrop. Top: wall, window, banners, or tree line kept minimal; Center: group interaction; Bottom: chairs, floor, ground, grounding objects.
REPRESENTATION: Visibly diverse figures with mixed-feature faces, blended family and friend groupings, and a broad range of tones and hair textures. Natural proportions. No stereotypes, no costume-like exaggeration, no tokenism.
SEASON (Fall): leaves, tea, blankets, candles, gratitude, release.
TONE: calm, hopeful, reflective, grounded, and supportive; relaxed posture, open hands, soft expressions.
LINE WORK: primary contours 0.75-1.25 pt, secondary detail 0.5-0.75 pt, at least two visibly distinct line weights, nothing below 0.5 pt, fully closed shapes suitable for coloring.
WHITE SPACE: Keep background under 30 percent detail so figures stay readable.
VARIATION: Use 2 of TPL-02 in this book — change the seating geometry and eye level: open horseshoe vs closed ring, standing vs seated, and a different room or landscape anchor.
TEXT: none. The page must contain no lettering of any kind.
NEGATIVE: violence, weapons, bruising, visible injury, drug use, drug paraphernalia, self-harm, police scenes, hospital or clinical crisis imagery, restraints, panic or extreme distress, gray shading, grayscale, color fills, photorealism, 3D render, distorted hands, extra fingers, malformed faces, stray text or watermarks, overcrowded composition, dense mandala fill, low contrast, broken or open outlines, childish cartoon style, ethnic stereotyping, costume-like exaggeration.","Black-and-white printable adult coloring page, 8.5 x 11 inch portrait, 300 DPI, pure black line art on white, no shading, no grayscale, no color fills, all content inside a 0.375 inch safe margin. Blended family cooking together peacefully. 3-5 people in a curved or circular arrangement, one clear focal interaction, simple background geometry. Indoor variant uses simple room geometry; outdoor variant uses trees, park edge, or garden as a low-detail backdrop. Visibly diverse figures with mixed-feature faces, blended family and friend groupings, and a broad range of tones and hair textures. Season cues: leaves, tea, blankets, candles, gratitude, release. Tone: calm, hopeful, reflective, grounded, and supportive; relaxed posture, open hands, soft expressions. Line work: primary contours 0.75-1.25 pt, secondary detail 0.5-0.75 pt, at least two visibly distinct line weights, nothing below 0.5 pt, fully closed shapes suitable for coloring. Keep background under 30 percent detail so figures stay readable. No text anywhere on the page.","violence, weapons, bruising, visible injury, drug use, drug paraphernalia, self-harm, police scenes, hospital or clinical crisis imagery, restraints, panic or extreme distress, gray shading, grayscale, color fills, photorealism, 3D render, distorted hands, extra fingers, malformed faces, stray text or watermarks, overcrowded composition, dense mandala fill, low contrast, broken or open outlines, childish cartoon style, ethnic stereotyping, costume-like exaggeration"
Multiracial Fall 07,Multiracial,Fall,07,Community scene,TPL-07,Pair Conversation Scene,Medium,,Medium,"DOC SPEC: 8.5 x 11 inch portrait, 300 DPI, pure black line art on white, no shading, no grayscale, no color fills, all content inside a 0.375 inch safe margin.
SCENE: Close friends sharing gratitude notes.
COMPOSITION (TPL-07 Pair Conversation Scene): Exactly 2-3 figures in close, readable interaction: seated together, standing side by side, or walking together. Anchor is a porch railing, patio edge, park or city bench, kitchen or dining table, shop chair, or shared task. Top: plants, string lights, window, or tree line; Center: the two figures and their shared focus; Bottom: floorboards, table, bench, path, or ground.
REPRESENTATION: Visibly diverse figures with mixed-feature faces, blended family and friend groupings, and a broad range of tones and hair textures. Natural proportions. No stereotypes, no costume-like exaggeration, no tokenism.
SEASON (Fall): leaves, tea, blankets, candles, gratitude, release.
TONE: calm, hopeful, reflective, grounded, and supportive; relaxed posture, open hands, soft expressions.
LINE WORK: primary contours 0.75-1.25 pt, secondary detail 0.5-0.75 pt, at least two visibly distinct line weights, nothing below 0.5 pt, fully closed shapes suitable for coloring.
WHITE SPACE: Keep railing, walls, table, and ground simple enough for color fill.
TEXT: none. The page must contain no lettering of any kind.
NEGATIVE: violence, weapons, bruising, visible injury, drug use, drug paraphernalia, self-harm, police scenes, hospital or clinical crisis imagery, restraints, panic or extreme distress, gray shading, grayscale, color fills, photorealism, 3D render, distorted hands, extra fingers, malformed faces, stray text or watermarks, overcrowded composition, dense mandala fill, low contrast, broken or open outlines, childish cartoon style, ethnic stereotyping, costume-like exaggeration.","Black-and-white printable adult coloring page, 8.5 x 11 inch portrait, 300 DPI, pure black line art on white, no shading, no grayscale, no color fills, all content inside a 0.375 inch safe margin. Close friends sharing gratitude notes. Exactly 2-3 figures in close, readable interaction: seated together, standing side by side, or walking together. Anchor is a porch railing, patio edge, park or city bench, kitchen or dining table, shop chair, or shared task. Visibly diverse figures with mixed-feature faces, blended family and friend groupings, and a broad range of tones and hair textures. Season cues: leaves, tea, blankets, candles, gratitude, release. Tone: calm, hopeful, reflective, grounded, and supportive; relaxed posture, open hands, soft expressions. Line work: primary contours 0.75-1.25 pt, secondary detail 0.5-0.75 pt, at least two visibly distinct line weights, nothing below 0.5 pt, fully closed shapes suitable for coloring. Keep railing, walls, table, and ground simple enough for color fill. No text anywhere on the page.","violence, weapons, bruising, visible injury, drug use, drug paraphernalia, self-harm, police scenes, hospital or clinical crisis imagery, restraints, panic or extreme distress, gray shading, grayscale, color fills, photorealism, 3D render, distorted hands, extra fingers, malformed faces, stray text or watermarks, overcrowded composition, dense mandala fill, low contrast, broken or open outlines, childish cartoon style, ethnic stereotyping, costume-like exaggeration"
Multiracial Fall 08,Multiracial,Fall,08,Community scene,TPL-07,Pair Conversation Scene,Medium,,High,"DOC SPEC: 8.5 x 11 inch portrait, 300 DPI, pure black line art on white, no shading, no grayscale, no color fills, all content inside a 0.375 inch safe margin.
SCENE: Therapist-like or peer-support check-in scene.
COMPOSITION (TPL-07 Pair Conversation Scene): Exactly 2-3 figures in close, readable interaction: seated together, standing side by side, or walking together. Anchor is a porch railing, patio edge, park or city bench, kitchen or dining table, shop chair, or shared task. Top: plants, string lights, window, or tree line; Center: the two figures and their shared focus; Bottom: floorboards, table, bench, path, or ground.
REPRESENTATION: Visibly diverse figures with mixed-feature faces, blended family and friend groupings, and a broad range of tones and hair textures. Natural proportions. No stereotypes, no costume-like exaggeration, no tokenism.
SEASON (Fall): leaves, tea, blankets, candles, gratitude, release.
TONE: calm, hopeful, reflective, grounded, and supportive; relaxed posture, open hands, soft expressions.
LINE WORK: primary contours 0.75-1.25 pt, secondary detail 0.5-0.75 pt, at least two visibly distinct line weights, nothing below 0.5 pt, fully closed shapes suitable for coloring.
WHITE SPACE: Keep railing, walls, table, and ground simple enough for color fill.
VARIATION: Use 2 of TPL-07 in this book — change the arrangement: side by side vs facing, seated vs walking, and a different shared object.
TEXT: none. The page must contain no lettering of any kind.
NEGATIVE: violence, weapons, bruising, visible injury, drug use, drug paraphernalia, self-harm, police scenes, hospital or clinical crisis imagery, restraints, panic or extreme distress, gray shading, grayscale, color fills, photorealism, 3D render, distorted hands, extra fingers, malformed faces, stray text or watermarks, overcrowded composition, dense mandala fill, low contrast, broken or open outlines, childish cartoon style, ethnic stereotyping, costume-like exaggeration.","Black-and-white printable adult coloring page, 8.5 x 11 inch portrait, 300 DPI, pure black line art on white, no shading, no grayscale, no color fills, all content inside a 0.375 inch safe margin. Therapist-like or peer-support check-in scene. Exactly 2-3 figures in close, readable interaction: seated together, standing side by side, or walking together. Anchor is a porch railing, patio edge, park or city bench, kitchen or dining table, shop chair, or shared task. Visibly diverse figures with mixed-feature faces, blended family and friend groupings, and a broad range of tones and hair textures. Season cues: leaves, tea, blankets, candles, gratitude, release. Tone: calm, hopeful, reflective, grounded, and supportive; relaxed posture, open hands, soft expressions. Line work: primary contours 0.75-1.25 pt, secondary detail 0.5-0.75 pt, at least two visibly distinct line weights, nothing below 0.5 pt, fully closed shapes suitable for coloring. Keep railing, walls, table, and ground simple enough for color fill. No text anywhere on the page.","violence, weapons, bruising, visible injury, drug use, drug paraphernalia, self-harm, police scenes, hospital or clinical crisis imagery, restraints, panic or extreme distress, gray shading, grayscale, color fills, photorealism, 3D render, distorted hands, extra fingers, malformed faces, stray text or watermarks, overcrowded composition, dense mandala fill, low contrast, broken or open outlines, childish cartoon style, ethnic stereotyping, costume-like exaggeration"
Multiracial Fall 09,Multiracial,Fall,09,Quote page,TPL-03,Quote Page Framed Border,Light,I release what no longer holds me.,High,"DOC SPEC: 8.5 x 11 inch portrait, 300 DPI, pure black line art on white, no shading, no grayscale, no color fills, all content inside a 0.375 inch safe margin.
SCENE: Release and growth motif.
COMPOSITION (TPL-03 Quote Page Framed Border): Short centered quote with wide margins and seasonal border motifs on 2-4 sides. Top-third: quote; Outer frame: florals and symbols; Corners: accent clusters; Center whitespace preserved.
REPRESENTATION: no people, no figures, and no body parts anywhere on this page. Cultural character is carried by objects, textiles, plants, and pattern, never by a figure. Keep those details lived-in rather than costume-like.
SEASON (Fall): leaves, tea, blankets, candles, gratitude, release.
TONE: calm, hopeful, reflective, grounded, and supportive; relaxed posture, open hands, soft expressions.
LINE WORK: primary contours 0.75-1.25 pt, secondary detail 0.5-0.75 pt, at least two visibly distinct line weights, nothing below 0.5 pt, fully closed shapes suitable for coloring.
WHITE SPACE: Preserve at least 50 percent open space around text.
QUOTE TEXT: ""I release what no longer holds me."" Set centered in the upper-middle in a clean serif, well inside the safe margin. This is the only text on the page.
NEGATIVE: violence, weapons, bruising, visible injury, drug use, drug paraphernalia, self-harm, police scenes, hospital or clinical crisis imagery, restraints, panic or extreme distress, gray shading, grayscale, color fills, photorealism, 3D render, distorted hands, extra fingers, malformed faces, stray text or watermarks, overcrowded composition, dense mandala fill, low contrast, broken or open outlines, childish cartoon style, ethnic stereotyping, costume-like exaggeration.","Black-and-white printable adult coloring page, 8.5 x 11 inch portrait, 300 DPI, pure black line art on white, no shading, no grayscale, no color fills, all content inside a 0.375 inch safe margin. Release and growth motif. Short centered quote with wide margins and seasonal border motifs on 2-4 sides. no people, no figures, and no body parts anywhere on this page. Cultural character is carried by objects, textiles, plants, and pattern, never by a figure. Keep those details lived-in rather than costume-like. Season cues: leaves, tea, blankets, candles, gratitude, release. Tone: calm, hopeful, reflective, grounded, and supportive; relaxed posture, open hands, soft expressions. Line work: primary contours 0.75-1.25 pt, secondary detail 0.5-0.75 pt, at least two visibly distinct line weights, nothing below 0.5 pt, fully closed shapes suitable for coloring. Preserve at least 50 percent open space around text. Quote text: ""I release what no longer holds me."" centered, upper-middle.","violence, weapons, bruising, visible injury, drug use, drug paraphernalia, self-harm, police scenes, hospital or clinical crisis imagery, restraints, panic or extreme distress, gray shading, grayscale, color fills, photorealism, 3D render, distorted hands, extra fingers, malformed faces, stray text or watermarks, overcrowded composition, dense mandala fill, low contrast, broken or open outlines, childish cartoon style, ethnic stereotyping, costume-like exaggeration"
Multiracial Fall 10,Multiracial,Fall,10,Quote page,TPL-03,Quote Page Framed Border,Light,I can rest without guilt.,High,"DOC SPEC: 8.5 x 11 inch portrait, 300 DPI, pure black line art on white, no shading, no grayscale, no color fills, all content inside a 0.375 inch safe margin.
SCENE: Soft blanket and tea accents.
COMPOSITION (TPL-03 Quote Page Framed Border): Short centered quote with wide margins and seasonal border motifs on 2-4 sides. Top-third: quote; Outer frame: florals and symbols; Corners: accent clusters; Center whitespace preserved.
REPRESENTATION: no people, no figures, and no body parts anywhere on this page. Cultural character is carried by objects, textiles, plants, and pattern, never by a figure. Keep those details lived-in rather than costume-like.
SEASON (Fall): leaves, tea, blankets, candles, gratitude, release.
TONE: calm, hopeful, reflective, grounded, and supportive; relaxed posture, open hands, soft expressions.
LINE WORK: primary contours 0.75-1.25 pt, secondary detail 0.5-0.75 pt, at least two visibly distinct line weights, nothing below 0.5 pt, fully closed shapes suitable for coloring.
WHITE SPACE: Preserve at least 50 percent open space around text.
VARIATION: Use 2 of TPL-03 in this book — change the border family and quote placement: full frame vs two-corner vs top-and-bottom band.
QUOTE TEXT: ""I can rest without guilt."" Set centered in the upper-middle in a clean serif, well inside the safe margin. This is the only text on the page.
NEGATIVE: violence, weapons, bruising, visible injury, drug use, drug paraphernalia, self-harm, police scenes, hospital or clinical crisis imagery, restraints, panic or extreme distress, gray shading, grayscale, color fills, photorealism, 3D render, distorted hands, extra fingers, malformed faces, stray text or watermarks, overcrowded composition, dense mandala fill, low contrast, broken or open outlines, childish cartoon style, ethnic stereotyping, costume-like exaggeration.","Black-and-white printable adult coloring page, 8.5 x 11 inch portrait, 300 DPI, pure black line art on white, no shading, no grayscale, no color fills, all content inside a 0.375 inch safe margin. Soft blanket and tea accents. Short centered quote with wide margins and seasonal border motifs on 2-4 sides. no people, no figures, and no body parts anywhere on this page. Cultural character is carried by objects, textiles, plants, and pattern, never by a figure. Keep those details lived-in rather than costume-like. Season cues: leaves, tea, blankets, candles, gratitude, release. Tone: calm, hopeful, reflective, grounded, and supportive; relaxed posture, open hands, soft expressions. Line work: primary contours 0.75-1.25 pt, secondary detail 0.5-0.75 pt, at least two visibly distinct line weights, nothing below 0.5 pt, fully closed shapes suitable for coloring. Preserve at least 50 percent open space around text. Quote text: ""I can rest without guilt."" centered, upper-middle.","violence, weapons, bruising, visible injury, drug use, drug paraphernalia, self-harm, police scenes, hospital or clinical crisis imagery, restraints, panic or extreme distress, gray shading, grayscale, color fills, photorealism, 3D render, distorted hands, extra fingers, malformed faces, stray text or watermarks, overcrowded composition, dense mandala fill, low contrast, broken or open outlines, childish cartoon style, ethnic stereotyping, costume-like exaggeration"
Multiracial Fall 11,Multiracial,Fall,11,Quote page,TPL-03,Quote Page Framed Border,Light,Change does not erase my worth.,High,"DOC SPEC: 8.5 x 11 inch portrait, 300 DPI, pure black line art on white, no shading, no grayscale, no color fills, all content inside a 0.375 inch safe margin.
SCENE: Change and worth theme.
COMPOSITION (TPL-03 Quote Page Framed Border): Short centered quote with wide margins and seasonal border motifs on 2-4 sides. Top-third: quote; Outer frame: florals and symbols; Corners: accent clusters; Center whitespace preserved.
REPRESENTATION: no people, no figures, and no body parts anywhere on this page. Cultural character is carried by objects, textiles, plants, and pattern, never by a figure. Keep those details lived-in rather than costume-like.
SEASON (Fall): leaves, tea, blankets, candles, gratitude, release.
TONE: calm, hopeful, reflective, grounded, and supportive; relaxed posture, open hands, soft expressions.
LINE WORK: primary contours 0.75-1.25 pt, secondary detail 0.5-0.75 pt, at least two visibly distinct line weights, nothing below 0.5 pt, fully closed shapes suitable for coloring.
WHITE SPACE: Preserve at least 50 percent open space around text.
VARIATION: Use 3 of TPL-03 in this book — change the border family and quote placement: full frame vs two-corner vs top-and-bottom band.
QUOTE TEXT: ""Change does not erase my worth."" Set centered in the upper-middle in a clean serif, well inside the safe margin. This is the only text on the page.
NEGATIVE: violence, weapons, bruising, visible injury, drug use, drug paraphernalia, self-harm, police scenes, hospital or clinical crisis imagery, restraints, panic or extreme distress, gray shading, grayscale, color fills, photorealism, 3D render, distorted hands, extra fingers, malformed faces, stray text or watermarks, overcrowded composition, dense mandala fill, low contrast, broken or open outlines, childish cartoon style, ethnic stereotyping, costume-like exaggeration.","Black-and-white printable adult coloring page, 8.5 x 11 inch portrait, 300 DPI, pure black line art on white, no shading, no grayscale, no color fills, all content inside a 0.375 inch safe margin. Change and worth theme. Short centered quote with wide margins and seasonal border motifs on 2-4 sides. no people, no figures, and no body parts anywhere on this page. Cultural character is carried by objects, textiles, plants, and pattern, never by a figure. Keep those details lived-in rather than costume-like. Season cues: leaves, tea, blankets, candles, gratitude, release. Tone: calm, hopeful, reflective, grounded, and supportive; relaxed posture, open hands, soft expressions. Line work: primary contours 0.75-1.25 pt, secondary detail 0.5-0.75 pt, at least two visibly distinct line weights, nothing below 0.5 pt, fully closed shapes suitable for coloring. Preserve at least 50 percent open space around text. Quote text: ""Change does not erase my worth."" centered, upper-middle.","violence, weapons, bruising, visible injury, drug use, drug paraphernalia, self-harm, police scenes, hospital or clinical crisis imagery, restraints, panic or extreme distress, gray shading, grayscale, color fills, photorealism, 3D render, distorted hands, extra fingers, malformed faces, stray text or watermarks, overcrowded composition, dense mandala fill, low contrast, broken or open outlines, childish cartoon style, ethnic stereotyping, costume-like exaggeration"
Multiracial Fall 12,Multiracial,Fall,12,Symbol page,TPL-05,Symbol Cluster Page,Medium,,Medium,"DOC SPEC: 8.5 x 11 inch portrait, 300 DPI, pure black line art on white, no shading, no grayscale, no color fills, all content inside a 0.375 inch safe margin.
SCENE: Leaves, candles, journals, and hearts.
COMPOSITION (TPL-05 Symbol Cluster Page): 8-15 related motifs grouped in balanced clusters with breathing room between forms. Distributed clusters across the full page with one central anchor motif.
REPRESENTATION: no people, no figures, and no body parts anywhere on this page. Cultural character is carried by objects, textiles, plants, and pattern, never by a figure. Keep those details lived-in rather than costume-like.
SEASON (Fall): leaves, tea, blankets, candles, gratitude, release.
TONE: calm, hopeful, reflective, grounded, and supportive; relaxed posture, open hands, soft expressions.
LINE WORK: primary contours 0.75-1.25 pt, secondary detail 0.5-0.75 pt, at least two visibly distinct line weights, nothing below 0.5 pt, fully closed shapes suitable for coloring.
WHITE SPACE: Keep clean separations between motifs for easy coloring.
TEXT: none. The page must contain no lettering of any kind.
NEGATIVE: violence, weapons, bruising, visible injury, drug use, drug paraphernalia, self-harm, police scenes, hospital or clinical crisis imagery, restraints, panic or extreme distress, gray shading, grayscale, color fills, photorealism, 3D render, distorted hands, extra fingers, malformed faces, stray text or watermarks, overcrowded composition, dense mandala fill, low contrast, broken or open outlines, childish cartoon style, ethnic stereotyping, costume-like exaggeration.","Black-and-white printable adult coloring page, 8.5 x 11 inch portrait, 300 DPI, pure black line art on white, no shading, no grayscale, no color fills, all content inside a 0.375 inch safe margin. Leaves, candles, journals, and hearts. 8-15 related motifs grouped in balanced clusters with breathing room between forms. no people, no figures, and no body parts anywhere on this page. Cultural character is carried by objects, textiles, plants, and pattern, never by a figure. Keep those details lived-in rather than costume-like. Season cues: leaves, tea, blankets, candles, gratitude, release. Tone: calm, hopeful, reflective, grounded, and supportive; relaxed posture, open hands, soft expressions. Line work: primary contours 0.75-1.25 pt, secondary detail 0.5-0.75 pt, at least two visibly distinct line weights, nothing below 0.5 pt, fully closed shapes suitable for coloring. Keep clean separations between motifs for easy coloring. No text anywhere on the page.","violence, weapons, bruising, visible injury, drug use, drug paraphernalia, self-harm, police scenes, hospital or clinical crisis imagery, restraints, panic or extreme distress, gray shading, grayscale, color fills, photorealism, 3D render, distorted hands, extra fingers, malformed faces, stray text or watermarks, overcrowded composition, dense mandala fill, low contrast, broken or open outlines, childish cartoon style, ethnic stereotyping, costume-like exaggeration"
Multiracial Fall 13,Multiracial,Fall,13,Decorative page,TPL-10,Decorative Border & Pattern Page,Medium,,Medium,"DOC SPEC: 8.5 x 11 inch portrait, 300 DPI, pure black line art on white, no shading, no grayscale, no color fills, all content inside a 0.375 inch safe margin.
SCENE: Sweaters, mugs, and harvest details.
COMPOSITION (TPL-10 Decorative Border & Pattern Page): Seasonal border or repeating pattern frame with 4-8 comfort objects set inside it; flatter and more graphic than a symbol cluster. Full-page border or corner frames; Center: object grouping; Background: restrained repeating pattern or open white.
REPRESENTATION: no people, no figures, and no body parts anywhere on this page. Cultural character is carried by objects, textiles, plants, and pattern, never by a figure. Keep those details lived-in rather than costume-like.
SEASON (Fall): leaves, tea, blankets, candles, gratitude, release.
TONE: calm, hopeful, reflective, grounded, and supportive; relaxed posture, open hands, soft expressions.
LINE WORK: primary contours 0.75-1.25 pt, secondary detail 0.5-0.75 pt, at least two visibly distinct line weights, nothing below 0.5 pt, fully closed shapes suitable for coloring.
WHITE SPACE: Keep the center open enough to read as a resting page; pattern supports, never fills.
TEXT: none. The page must contain no lettering of any kind.
NEGATIVE: violence, weapons, bruising, visible injury, drug use, drug paraphernalia, self-harm, police scenes, hospital or clinical crisis imagery, restraints, panic or extreme distress, gray shading, grayscale, color fills, photorealism, 3D render, distorted hands, extra fingers, malformed faces, stray text or watermarks, overcrowded composition, dense mandala fill, low contrast, broken or open outlines, childish cartoon style, ethnic stereotyping, costume-like exaggeration.","Black-and-white printable adult coloring page, 8.5 x 11 inch portrait, 300 DPI, pure black line art on white, no shading, no grayscale, no color fills, all content inside a 0.375 inch safe margin. Sweaters, mugs, and harvest details. Seasonal border or repeating pattern frame with 4-8 comfort objects set inside it; flatter and more graphic than a symbol cluster. no people, no figures, and no body parts anywhere on this page. Cultural character is carried by objects, textiles, plants, and pattern, never by a figure. Keep those details lived-in rather than costume-like. Season cues: leaves, tea, blankets, candles, gratitude, release. Tone: calm, hopeful, reflective, grounded, and supportive; relaxed posture, open hands, soft expressions. Line work: primary contours 0.75-1.25 pt, secondary detail 0.5-0.75 pt, at least two visibly distinct line weights, nothing below 0.5 pt, fully closed shapes suitable for coloring. Keep the center open enough to read as a resting page; pattern supports, never fills. No text anywhere on the page.","violence, weapons, bruising, visible injury, drug use, drug paraphernalia, self-harm, police scenes, hospital or clinical crisis imagery, restraints, panic or extreme distress, gray shading, grayscale, color fills, photorealism, 3D render, distorted hands, extra fingers, malformed faces, stray text or watermarks, overcrowded composition, dense mandala fill, low contrast, broken or open outlines, childish cartoon style, ethnic stereotyping, costume-like exaggeration"
Multiracial Fall 14,Multiracial,Fall,14,Environment page,TPL-04,Healing Room Interior,Heavy,,High,"DOC SPEC: 8.5 x 11 inch portrait, 300 DPI, pure black line art on white, no shading, no grayscale, no color fills, all content inside a 0.375 inch safe margin.
SCENE: Window seat sanctuary with blanket and plants.
COMPOSITION (TPL-04 Healing Room Interior): One interior room with strong furniture silhouette, layered comfort objects, single anchor light source or window. No people. Top: wall art or window; Center: bed, chair, or table anchor; Lower: rug, books, slippers, plants.
REPRESENTATION: no people, no figures, and no body parts anywhere on this page. Cultural character is carried by objects, textiles, plants, and pattern, never by a figure. Keep those details lived-in rather than costume-like.
SEASON (Fall): leaves, tea, blankets, candles, gratitude, release.
TONE: calm, hopeful, reflective, grounded, and supportive; relaxed posture, open hands, soft expressions.
LINE WORK: primary contours 0.75-1.25 pt, secondary detail 0.5-0.75 pt, at least two visibly distinct line weights, nothing below 0.5 pt, fully closed shapes suitable for coloring.
WHITE SPACE: Avoid filling every surface with pattern; leave floors and walls partially open.
TEXT: none. The page must contain no lettering of any kind.
NEGATIVE: violence, weapons, bruising, visible injury, drug use, drug paraphernalia, self-harm, police scenes, hospital or clinical crisis imagery, restraints, panic or extreme distress, gray shading, grayscale, color fills, photorealism, 3D render, distorted hands, extra fingers, malformed faces, stray text or watermarks, overcrowded composition, dense mandala fill, low contrast, broken or open outlines, childish cartoon style, ethnic stereotyping, costume-like exaggeration.","Black-and-white printable adult coloring page, 8.5 x 11 inch portrait, 300 DPI, pure black line art on white, no shading, no grayscale, no color fills, all content inside a 0.375 inch safe margin. Window seat sanctuary with blanket and plants. One interior room with strong furniture silhouette, layered comfort objects, single anchor light source or window. No people. no people, no figures, and no body parts anywhere on this page. Cultural character is carried by objects, textiles, plants, and pattern, never by a figure. Keep those details lived-in rather than costume-like. Season cues: leaves, tea, blankets, candles, gratitude, release. Tone: calm, hopeful, reflective, grounded, and supportive; relaxed posture, open hands, soft expressions. Line work: primary contours 0.75-1.25 pt, secondary detail 0.5-0.75 pt, at least two visibly distinct line weights, nothing below 0.5 pt, fully closed shapes suitable for coloring. Avoid filling every surface with pattern; leave floors and walls partially open. No text anywhere on the page.","violence, weapons, bruising, visible injury, drug use, drug paraphernalia, self-harm, police scenes, hospital or clinical crisis imagery, restraints, panic or extreme distress, gray shading, grayscale, color fills, photorealism, 3D render, distorted hands, extra fingers, malformed faces, stray text or watermarks, overcrowded composition, dense mandala fill, low contrast, broken or open outlines, childish cartoon style, ethnic stereotyping, costume-like exaggeration"
Multiracial Fall 15,Multiracial,Fall,15,Environment page,TPL-04,Healing Room Interior,Heavy,,Medium,"DOC SPEC: 8.5 x 11 inch portrait, 300 DPI, pure black line art on white, no shading, no grayscale, no color fills, all content inside a 0.375 inch safe margin.
SCENE: Peaceful kitchen or dining table scene.
COMPOSITION (TPL-04 Healing Room Interior): One interior room with strong furniture silhouette, layered comfort objects, single anchor light source or window. No people. Top: wall art or window; Center: bed, chair, or table anchor; Lower: rug, books, slippers, plants.
REPRESENTATION: no people, no figures, and no body parts anywhere on this page. Cultural character is carried by objects, textiles, plants, and pattern, never by a figure. Keep those details lived-in rather than costume-like.
SEASON (Fall): leaves, tea, blankets, candles, gratitude, release.
TONE: calm, hopeful, reflective, grounded, and supportive; relaxed posture, open hands, soft expressions.
LINE WORK: primary contours 0.75-1.25 pt, secondary detail 0.5-0.75 pt, at least two visibly distinct line weights, nothing below 0.5 pt, fully closed shapes suitable for coloring.
WHITE SPACE: Avoid filling every surface with pattern; leave floors and walls partially open.
VARIATION: Use 2 of TPL-04 in this book — change the room and anchor furniture: bed vs armchair vs table, and move the light source.
TEXT: none. The page must contain no lettering of any kind.
NEGATIVE: violence, weapons, bruising, visible injury, drug use, drug paraphernalia, self-harm, police scenes, hospital or clinical crisis imagery, restraints, panic or extreme distress, gray shading, grayscale, color fills, photorealism, 3D render, distorted hands, extra fingers, malformed faces, stray text or watermarks, overcrowded composition, dense mandala fill, low contrast, broken or open outlines, childish cartoon style, ethnic stereotyping, costume-like exaggeration.","Black-and-white printable adult coloring page, 8.5 x 11 inch portrait, 300 DPI, pure black line art on white, no shading, no grayscale, no color fills, all content inside a 0.375 inch safe margin. Peaceful kitchen or dining table scene. One interior room with strong furniture silhouette, layered comfort objects, single anchor light source or window. No people. no people, no figures, and no body parts anywhere on this page. Cultural character is carried by objects, textiles, plants, and pattern, never by a figure. Keep those details lived-in rather than costume-like. Season cues: leaves, tea, blankets, candles, gratitude, release. Tone: calm, hopeful, reflective, grounded, and supportive; relaxed posture, open hands, soft expressions. Line work: primary contours 0.75-1.25 pt, secondary detail 0.5-0.75 pt, at least two visibly distinct line weights, nothing below 0.5 pt, fully closed shapes suitable for coloring. Avoid filling every surface with pattern; leave floors and walls partially open. No text anywhere on the page.","violence, weapons, bruising, visible injury, drug use, drug paraphernalia, self-harm, police scenes, hospital or clinical crisis imagery, restraints, panic or extreme distress, gray shading, grayscale, color fills, photorealism, 3D render, distorted hands, extra fingers, malformed faces, stray text or watermarks, overcrowded composition, dense mandala fill, low contrast, broken or open outlines, childish cartoon style, ethnic stereotyping, costume-like exaggeration"
Multiracial Winter 01,Multiracial,Winter,01,Solo portrait,TPL-08,Window + Journal Reflection,Medium,,High,"DOC SPEC: 8.5 x 11 inch portrait, 300 DPI, pure black line art on white, no shading, no grayscale, no color fills, all content inside a 0.375 inch safe margin.
SCENE: Person journaling with snow outside.
COMPOSITION (TPL-08 Window + Journal Reflection): Person seated indoors at a window with a journal, mug, or book; the outside view simplified to weather and one or two shapes; indoor comfort props nearby. Top: window frame and weather; Center: seated figure; Lower: blanket, book, mug, plant.
REPRESENTATION: Visibly diverse figures with mixed-feature faces, blended family and friend groupings, and a broad range of tones and hair textures. Natural proportions. No stereotypes, no costume-like exaggeration, no tokenism.
SEASON (Winter): snow, quilts, lamps, cocoa, candles, indoor calm.
TONE: calm, hopeful, reflective, grounded, and supportive; relaxed posture, open hands, soft expressions.
LINE WORK: primary contours 0.75-1.25 pt, secondary detail 0.5-0.75 pt, at least two visibly distinct line weights, nothing below 0.5 pt, fully closed shapes suitable for coloring.
WHITE SPACE: The window view should stay simple and not compete with the figure.
TEXT: none. The page must contain no lettering of any kind.
NEGATIVE: violence, weapons, bruising, visible injury, drug use, drug paraphernalia, self-harm, police scenes, hospital or clinical crisis imagery, restraints, panic or extreme distress, gray shading, grayscale, color fills, photorealism, 3D render, distorted hands, extra fingers, malformed faces, stray text or watermarks, overcrowded composition, dense mandala fill, low contrast, broken or open outlines, childish cartoon style, ethnic stereotyping, costume-like exaggeration.","Black-and-white printable adult coloring page, 8.5 x 11 inch portrait, 300 DPI, pure black line art on white, no shading, no grayscale, no color fills, all content inside a 0.375 inch safe margin. Person journaling with snow outside. Person seated indoors at a window with a journal, mug, or book; the outside view simplified to weather and one or two shapes; indoor comfort props nearby. Visibly diverse figures with mixed-feature faces, blended family and friend groupings, and a broad range of tones and hair textures. Season cues: snow, quilts, lamps, cocoa, candles, indoor calm. Tone: calm, hopeful, reflective, grounded, and supportive; relaxed posture, open hands, soft expressions. Line work: primary contours 0.75-1.25 pt, secondary detail 0.5-0.75 pt, at least two visibly distinct line weights, nothing below 0.5 pt, fully closed shapes suitable for coloring. The window view should stay simple and not compete with the figure. No text anywhere on the page.","violence, weapons, bruising, visible injury, drug use, drug paraphernalia, self-harm, police scenes, hospital or clinical crisis imagery, restraints, panic or extreme distress, gray shading, grayscale, color fills, photorealism, 3D render, distorted hands, extra fingers, malformed faces, stray text or watermarks, overcrowded composition, dense mandala fill, low contrast, broken or open outlines, childish cartoon style, ethnic stereotyping, costume-like exaggeration"
Multiracial Winter 02,Multiracial,Winter,02,Solo portrait,TPL-06,Walking Reflection Scene,Light-Medium,,Medium,"DOC SPEC: 8.5 x 11 inch portrait, 300 DPI, pure black line art on white, no shading, no grayscale, no color fills, all content inside a 0.375 inch safe margin.
SCENE: Person walking in quiet winter light.
COMPOSITION (TPL-06 Walking Reflection Scene): Single figure outdoors on a path, sidewalk, trail, dock, or shoreline with calm background depth and limited environmental clutter. Top: sky, trees, or buildings minimal; Center: figure; Lower: path, leaves, water, flowers, pavement texture.
REPRESENTATION: Visibly diverse figures with mixed-feature faces, blended family and friend groupings, and a broad range of tones and hair textures. Natural proportions. No stereotypes, no costume-like exaggeration, no tokenism.
SEASON (Winter): snow, quilts, lamps, cocoa, candles, indoor calm.
TONE: calm, hopeful, reflective, grounded, and supportive; relaxed posture, open hands, soft expressions.
LINE WORK: primary contours 0.75-1.25 pt, secondary detail 0.5-0.75 pt, at least two visibly distinct line weights, nothing below 0.5 pt, fully closed shapes suitable for coloring.
WHITE SPACE: Keep large sky and path zones open to avoid density.
TEXT: none. The page must contain no lettering of any kind.
NEGATIVE: violence, weapons, bruising, visible injury, drug use, drug paraphernalia, self-harm, police scenes, hospital or clinical crisis imagery, restraints, panic or extreme distress, gray shading, grayscale, color fills, photorealism, 3D render, distorted hands, extra fingers, malformed faces, stray text or watermarks, overcrowded composition, dense mandala fill, low contrast, broken or open outlines, childish cartoon style, ethnic stereotyping, costume-like exaggeration.","Black-and-white printable adult coloring page, 8.5 x 11 inch portrait, 300 DPI, pure black line art on white, no shading, no grayscale, no color fills, all content inside a 0.375 inch safe margin. Person walking in quiet winter light. Single figure outdoors on a path, sidewalk, trail, dock, or shoreline with calm background depth and limited environmental clutter. Visibly diverse figures with mixed-feature faces, blended family and friend groupings, and a broad range of tones and hair textures. Season cues: snow, quilts, lamps, cocoa, candles, indoor calm. Tone: calm, hopeful, reflective, grounded, and supportive; relaxed posture, open hands, soft expressions. Line work: primary contours 0.75-1.25 pt, secondary detail 0.5-0.75 pt, at least two visibly distinct line weights, nothing below 0.5 pt, fully closed shapes suitable for coloring. Keep large sky and path zones open to avoid density. No text anywhere on the page.","violence, weapons, bruising, visible injury, drug use, drug paraphernalia, self-harm, police scenes, hospital or clinical crisis imagery, restraints, panic or extreme distress, gray shading, grayscale, color fills, photorealism, 3D render, distorted hands, extra fingers, malformed faces, stray text or watermarks, overcrowded composition, dense mandala fill, low contrast, broken or open outlines, childish cartoon style, ethnic stereotyping, costume-like exaggeration"
Multiracial Winter 03,Multiracial,Winter,03,Solo portrait,TPL-01,Solo Portrait Calm Scene,Medium,,High,"DOC SPEC: 8.5 x 11 inch portrait, 300 DPI, pure black line art on white, no shading, no grayscale, no color fills, all content inside a 0.375 inch safe margin.
SCENE: Young adult coloring under a blanket.
COMPOSITION (TPL-01 Solo Portrait Calm Scene): One focal person centered slightly off-axis, 2-3 supporting props, light background context, open lower corners. Top: seasonal cues; Center: face/body focal point; Mid-lower: hands/object; Edges: light framing motifs.
REPRESENTATION: Visibly diverse figures with mixed-feature faces, blended family and friend groupings, and a broad range of tones and hair textures. Natural proportions. No stereotypes, no costume-like exaggeration, no tokenism.
SEASON (Winter): snow, quilts, lamps, cocoa, candles, indoor calm.
TONE: calm, hopeful, reflective, grounded, and supportive; relaxed posture, open hands, soft expressions.
LINE WORK: primary contours 0.75-1.25 pt, secondary detail 0.5-0.75 pt, at least two visibly distinct line weights, nothing below 0.5 pt, fully closed shapes suitable for coloring.
WHITE SPACE: Leave 35-45 percent open colorable space.
TEXT: none. The page must contain no lettering of any kind.
NEGATIVE: violence, weapons, bruising, visible injury, drug use, drug paraphernalia, self-harm, police scenes, hospital or clinical crisis imagery, restraints, panic or extreme distress, gray shading, grayscale, color fills, photorealism, 3D render, distorted hands, extra fingers, malformed faces, stray text or watermarks, overcrowded composition, dense mandala fill, low contrast, broken or open outlines, childish cartoon style, ethnic stereotyping, costume-like exaggeration.","Black-and-white printable adult coloring page, 8.5 x 11 inch portrait, 300 DPI, pure black line art on white, no shading, no grayscale, no color fills, all content inside a 0.375 inch safe margin. Young adult coloring under a blanket. One focal person centered slightly off-axis, 2-3 supporting props, light background context, open lower corners. Visibly diverse figures with mixed-feature faces, blended family and friend groupings, and a broad range of tones and hair textures. Season cues: snow, quilts, lamps, cocoa, candles, indoor calm. Tone: calm, hopeful, reflective, grounded, and supportive; relaxed posture, open hands, soft expressions. Line work: primary contours 0.75-1.25 pt, secondary detail 0.5-0.75 pt, at least two visibly distinct line weights, nothing below 0.5 pt, fully closed shapes suitable for coloring. Leave 35-45 percent open colorable space. No text anywhere on the page.","violence, weapons, bruising, visible injury, drug use, drug paraphernalia, self-harm, police scenes, hospital or clinical crisis imagery, restraints, panic or extreme distress, gray shading, grayscale, color fills, photorealism, 3D render, distorted hands, extra fingers, malformed faces, stray text or watermarks, overcrowded composition, dense mandala fill, low contrast, broken or open outlines, childish cartoon style, ethnic stereotyping, costume-like exaggeration"
Multiracial Winter 04,Multiracial,Winter,04,Solo portrait,TPL-01,Solo Portrait Calm Scene,Medium,,High,"DOC SPEC: 8.5 x 11 inch portrait, 300 DPI, pure black line art on white, no shading, no grayscale, no color fills, all content inside a 0.375 inch safe margin.
SCENE: Person holding warm drink in soft lamplight.
COMPOSITION (TPL-01 Solo Portrait Calm Scene): One focal person centered slightly off-axis, 2-3 supporting props, light background context, open lower corners. Top: seasonal cues; Center: face/body focal point; Mid-lower: hands/object; Edges: light framing motifs.
REPRESENTATION: Visibly diverse figures with mixed-feature faces, blended family and friend groupings, and a broad range of tones and hair textures. Natural proportions. No stereotypes, no costume-like exaggeration, no tokenism.
SEASON (Winter): snow, quilts, lamps, cocoa, candles, indoor calm.
TONE: calm, hopeful, reflective, grounded, and supportive; relaxed posture, open hands, soft expressions.
LINE WORK: primary contours 0.75-1.25 pt, secondary detail 0.5-0.75 pt, at least two visibly distinct line weights, nothing below 0.5 pt, fully closed shapes suitable for coloring.
WHITE SPACE: Leave 35-45 percent open colorable space.
VARIATION: Use 2 of TPL-01 in this book — change the viewpoint and prop cluster: seated vs standing, three-quarter vs frontal, and a different anchor object.
TEXT: none. The page must contain no lettering of any kind.
NEGATIVE: violence, weapons, bruising, visible injury, drug use, drug paraphernalia, self-harm, police scenes, hospital or clinical crisis imagery, restraints, panic or extreme distress, gray shading, grayscale, color fills, photorealism, 3D render, distorted hands, extra fingers, malformed faces, stray text or watermarks, overcrowded composition, dense mandala fill, low contrast, broken or open outlines, childish cartoon style, ethnic stereotyping, costume-like exaggeration.","Black-and-white printable adult coloring page, 8.5 x 11 inch portrait, 300 DPI, pure black line art on white, no shading, no grayscale, no color fills, all content inside a 0.375 inch safe margin. Person holding warm drink in soft lamplight. One focal person centered slightly off-axis, 2-3 supporting props, light background context, open lower corners. Visibly diverse figures with mixed-feature faces, blended family and friend groupings, and a broad range of tones and hair textures. Season cues: snow, quilts, lamps, cocoa, candles, indoor calm. Tone: calm, hopeful, reflective, grounded, and supportive; relaxed posture, open hands, soft expressions. Line work: primary contours 0.75-1.25 pt, secondary detail 0.5-0.75 pt, at least two visibly distinct line weights, nothing below 0.5 pt, fully closed shapes suitable for coloring. Leave 35-45 percent open colorable space. No text anywhere on the page.","violence, weapons, bruising, visible injury, drug use, drug paraphernalia, self-harm, police scenes, hospital or clinical crisis imagery, restraints, panic or extreme distress, gray shading, grayscale, color fills, photorealism, 3D render, distorted hands, extra fingers, malformed faces, stray text or watermarks, overcrowded composition, dense mandala fill, low contrast, broken or open outlines, childish cartoon style, ethnic stereotyping, costume-like exaggeration"
Multiracial Winter 05,Multiracial,Winter,05,Community scene,TPL-02,Support Circle Scene,Heavy,,High,"DOC SPEC: 8.5 x 11 inch portrait, 300 DPI, pure black line art on white, no shading, no grayscale, no color fills, all content inside a 0.375 inch safe margin.
SCENE: Diverse indoor support circle.
COMPOSITION (TPL-02 Support Circle Scene): 3-5 people in a curved or circular arrangement, one clear focal interaction, simple background geometry. Indoor variant uses simple room geometry; outdoor variant uses trees, park edge, or garden as a low-detail backdrop. Top: wall, window, banners, or tree line kept minimal; Center: group interaction; Bottom: chairs, floor, ground, grounding objects.
REPRESENTATION: Visibly diverse figures with mixed-feature faces, blended family and friend groupings, and a broad range of tones and hair textures. Natural proportions. No stereotypes, no costume-like exaggeration, no tokenism.
SEASON (Winter): snow, quilts, lamps, cocoa, candles, indoor calm.
TONE: calm, hopeful, reflective, grounded, and supportive; relaxed posture, open hands, soft expressions.
LINE WORK: primary contours 0.75-1.25 pt, secondary detail 0.5-0.75 pt, at least two visibly distinct line weights, nothing below 0.5 pt, fully closed shapes suitable for coloring.
WHITE SPACE: Keep background under 30 percent detail so figures stay readable.
TEXT: none. The page must contain no lettering of any kind.
NEGATIVE: violence, weapons, bruising, visible injury, drug use, drug paraphernalia, self-harm, police scenes, hospital or clinical crisis imagery, restraints, panic or extreme distress, gray shading, grayscale, color fills, photorealism, 3D render, distorted hands, extra fingers, malformed faces, stray text or watermarks, overcrowded composition, dense mandala fill, low contrast, broken or open outlines, childish cartoon style, ethnic stereotyping, costume-like exaggeration.","Black-and-white printable adult coloring page, 8.5 x 11 inch portrait, 300 DPI, pure black line art on white, no shading, no grayscale, no color fills, all content inside a 0.375 inch safe margin. Diverse indoor support circle. 3-5 people in a curved or circular arrangement, one clear focal interaction, simple background geometry. Indoor variant uses simple room geometry; outdoor variant uses trees, park edge, or garden as a low-detail backdrop. Visibly diverse figures with mixed-feature faces, blended family and friend groupings, and a broad range of tones and hair textures. Season cues: snow, quilts, lamps, cocoa, candles, indoor calm. Tone: calm, hopeful, reflective, grounded, and supportive; relaxed posture, open hands, soft expressions. Line work: primary contours 0.75-1.25 pt, secondary detail 0.5-0.75 pt, at least two visibly distinct line weights, nothing below 0.5 pt, fully closed shapes suitable for coloring. Keep background under 30 percent detail so figures stay readable. No text anywhere on the page.","violence, weapons, bruising, visible injury, drug use, drug paraphernalia, self-harm, police scenes, hospital or clinical crisis imagery, restraints, panic or extreme distress, gray shading, grayscale, color fills, photorealism, 3D render, distorted hands, extra fingers, malformed faces, stray text or watermarks, overcrowded composition, dense mandala fill, low contrast, broken or open outlines, childish cartoon style, ethnic stereotyping, costume-like exaggeration"
Multiracial Winter 06,Multiracial,Winter,06,Community scene,TPL-02,Support Circle Scene,Heavy,,Medium,"DOC SPEC: 8.5 x 11 inch portrait, 300 DPI, pure black line art on white, no shading, no grayscale, no color fills, all content inside a 0.375 inch safe margin.
SCENE: Blended family exchanging kind notes.
COMPOSITION (TPL-02 Support Circle Scene): 3-5 people in a curved or circular arrangement, one clear focal interaction, simple background geometry. Indoor variant uses simple room geometry; outdoor variant uses trees, park edge, or garden as a low-detail backdrop. Top: wall, window, banners, or tree line kept minimal; Center: group interaction; Bottom: chairs, floor, ground, grounding objects.
REPRESENTATION: Visibly diverse figures with mixed-feature faces, blended family and friend groupings, and a broad range of tones and hair textures. Natural proportions. No stereotypes, no costume-like exaggeration, no tokenism.
SEASON (Winter): snow, quilts, lamps, cocoa, candles, indoor calm.
TONE: calm, hopeful, reflective, grounded, and supportive; relaxed posture, open hands, soft expressions.
LINE WORK: primary contours 0.75-1.25 pt, secondary detail 0.5-0.75 pt, at least two visibly distinct line weights, nothing below 0.5 pt, fully closed shapes suitable for coloring.
WHITE SPACE: Keep background under 30 percent detail so figures stay readable.
VARIATION: Use 2 of TPL-02 in this book — change the seating geometry and eye level: open horseshoe vs closed ring, standing vs seated, and a different room or landscape anchor.
TEXT: none. The page must contain no lettering of any kind.
NEGATIVE: violence, weapons, bruising, visible injury, drug use, drug paraphernalia, self-harm, police scenes, hospital or clinical crisis imagery, restraints, panic or extreme distress, gray shading, grayscale, color fills, photorealism, 3D render, distorted hands, extra fingers, malformed faces, stray text or watermarks, overcrowded composition, dense mandala fill, low contrast, broken or open outlines, childish cartoon style, ethnic stereotyping, costume-like exaggeration.","Black-and-white printable adult coloring page, 8.5 x 11 inch portrait, 300 DPI, pure black line art on white, no shading, no grayscale, no color fills, all content inside a 0.375 inch safe margin. Blended family exchanging kind notes. 3-5 people in a curved or circular arrangement, one clear focal interaction, simple background geometry. Indoor variant uses simple room geometry; outdoor variant uses trees, park edge, or garden as a low-detail backdrop. Visibly diverse figures with mixed-feature faces, blended family and friend groupings, and a broad range of tones and hair textures. Season cues: snow, quilts, lamps, cocoa, candles, indoor calm. Tone: calm, hopeful, reflective, grounded, and supportive; relaxed posture, open hands, soft expressions. Line work: primary contours 0.75-1.25 pt, secondary detail 0.5-0.75 pt, at least two visibly distinct line weights, nothing below 0.5 pt, fully closed shapes suitable for coloring. Keep background under 30 percent detail so figures stay readable. No text anywhere on the page.","violence, weapons, bruising, visible injury, drug use, drug paraphernalia, self-harm, police scenes, hospital or clinical crisis imagery, restraints, panic or extreme distress, gray shading, grayscale, color fills, photorealism, 3D render, distorted hands, extra fingers, malformed faces, stray text or watermarks, overcrowded composition, dense mandala fill, low contrast, broken or open outlines, childish cartoon style, ethnic stereotyping, costume-like exaggeration"
Multiracial Winter 07,Multiracial,Winter,07,Community scene,TPL-07,Pair Conversation Scene,Medium,,Medium,"DOC SPEC: 8.5 x 11 inch portrait, 300 DPI, pure black line art on white, no shading, no grayscale, no color fills, all content inside a 0.375 inch safe margin.
SCENE: Couple or friends watching snowfall in peace.
COMPOSITION (TPL-07 Pair Conversation Scene): Exactly 2-3 figures in close, readable interaction: seated together, standing side by side, or walking together. Anchor is a porch railing, patio edge, park or city bench, kitchen or dining table, shop chair, or shared task. Top: plants, string lights, window, or tree line; Center: the two figures and their shared focus; Bottom: floorboards, table, bench, path, or ground.
REPRESENTATION: Visibly diverse figures with mixed-feature faces, blended family and friend groupings, and a broad range of tones and hair textures. Natural proportions. No stereotypes, no costume-like exaggeration, no tokenism.
SEASON (Winter): snow, quilts, lamps, cocoa, candles, indoor calm.
TONE: calm, hopeful, reflective, grounded, and supportive; relaxed posture, open hands, soft expressions.
LINE WORK: primary contours 0.75-1.25 pt, secondary detail 0.5-0.75 pt, at least two visibly distinct line weights, nothing below 0.5 pt, fully closed shapes suitable for coloring.
WHITE SPACE: Keep railing, walls, table, and ground simple enough for color fill.
TEXT: none. The page must contain no lettering of any kind.
NEGATIVE: violence, weapons, bruising, visible injury, drug use, drug paraphernalia, self-harm, police scenes, hospital or clinical crisis imagery, restraints, panic or extreme distress, gray shading, grayscale, color fills, photorealism, 3D render, distorted hands, extra fingers, malformed faces, stray text or watermarks, overcrowded composition, dense mandala fill, low contrast, broken or open outlines, childish cartoon style, ethnic stereotyping, costume-like exaggeration.","Black-and-white printable adult coloring page, 8.5 x 11 inch portrait, 300 DPI, pure black line art on white, no shading, no grayscale, no color fills, all content inside a 0.375 inch safe margin. Couple or friends watching snowfall in peace. Exactly 2-3 figures in close, readable interaction: seated together, standing side by side, or walking together. Anchor is a porch railing, patio edge, park or city bench, kitchen or dining table, shop chair, or shared task. Visibly diverse figures with mixed-feature faces, blended family and friend groupings, and a broad range of tones and hair textures. Season cues: snow, quilts, lamps, cocoa, candles, indoor calm. Tone: calm, hopeful, reflective, grounded, and supportive; relaxed posture, open hands, soft expressions. Line work: primary contours 0.75-1.25 pt, secondary detail 0.5-0.75 pt, at least two visibly distinct line weights, nothing below 0.5 pt, fully closed shapes suitable for coloring. Keep railing, walls, table, and ground simple enough for color fill. No text anywhere on the page.","violence, weapons, bruising, visible injury, drug use, drug paraphernalia, self-harm, police scenes, hospital or clinical crisis imagery, restraints, panic or extreme distress, gray shading, grayscale, color fills, photorealism, 3D render, distorted hands, extra fingers, malformed faces, stray text or watermarks, overcrowded composition, dense mandala fill, low contrast, broken or open outlines, childish cartoon style, ethnic stereotyping, costume-like exaggeration"
Multiracial Winter 08,Multiracial,Winter,08,Community scene,TPL-07,Pair Conversation Scene,Medium,,High,"DOC SPEC: 8.5 x 11 inch portrait, 300 DPI, pure black line art on white, no shading, no grayscale, no color fills, all content inside a 0.375 inch safe margin.
SCENE: Check-in call or visit scene with emotional support.
COMPOSITION (TPL-07 Pair Conversation Scene): Exactly 2-3 figures in close, readable interaction: seated together, standing side by side, or walking together. Anchor is a porch railing, patio edge, park or city bench, kitchen or dining table, shop chair, or shared task. Top: plants, string lights, window, or tree line; Center: the two figures and their shared focus; Bottom: floorboards, table, bench, path, or ground.
REPRESENTATION: Visibly diverse figures with mixed-feature faces, blended family and friend groupings, and a broad range of tones and hair textures. Natural proportions. No stereotypes, no costume-like exaggeration, no tokenism.
SEASON (Winter): snow, quilts, lamps, cocoa, candles, indoor calm.
TONE: calm, hopeful, reflective, grounded, and supportive; relaxed posture, open hands, soft expressions.
LINE WORK: primary contours 0.75-1.25 pt, secondary detail 0.5-0.75 pt, at least two visibly distinct line weights, nothing below 0.5 pt, fully closed shapes suitable for coloring.
WHITE SPACE: Keep railing, walls, table, and ground simple enough for color fill.
VARIATION: Use 2 of TPL-07 in this book — change the arrangement: side by side vs facing, seated vs walking, and a different shared object.
TEXT: none. The page must contain no lettering of any kind.
NEGATIVE: violence, weapons, bruising, visible injury, drug use, drug paraphernalia, self-harm, police scenes, hospital or clinical crisis imagery, restraints, panic or extreme distress, gray shading, grayscale, color fills, photorealism, 3D render, distorted hands, extra fingers, malformed faces, stray text or watermarks, overcrowded composition, dense mandala fill, low contrast, broken or open outlines, childish cartoon style, ethnic stereotyping, costume-like exaggeration.","Black-and-white printable adult coloring page, 8.5 x 11 inch portrait, 300 DPI, pure black line art on white, no shading, no grayscale, no color fills, all content inside a 0.375 inch safe margin. Check-in call or visit scene with emotional support. Exactly 2-3 figures in close, readable interaction: seated together, standing side by side, or walking together. Anchor is a porch railing, patio edge, park or city bench, kitchen or dining table, shop chair, or shared task. Visibly diverse figures with mixed-feature faces, blended family and friend groupings, and a broad range of tones and hair textures. Season cues: snow, quilts, lamps, cocoa, candles, indoor calm. Tone: calm, hopeful, reflective, grounded, and supportive; relaxed posture, open hands, soft expressions. Line work: primary contours 0.75-1.25 pt, secondary detail 0.5-0.75 pt, at least two visibly distinct line weights, nothing below 0.5 pt, fully closed shapes suitable for coloring. Keep railing, walls, table, and ground simple enough for color fill. No text anywhere on the page.","violence, weapons, bruising, visible injury, drug use, drug paraphernalia, self-harm, police scenes, hospital or clinical crisis imagery, restraints, panic or extreme distress, gray shading, grayscale, color fills, photorealism, 3D render, distorted hands, extra fingers, malformed faces, stray text or watermarks, overcrowded composition, dense mandala fill, low contrast, broken or open outlines, childish cartoon style, ethnic stereotyping, costume-like exaggeration"
Multiracial Winter 09,Multiracial,Winter,09,Quote page,TPL-03,Quote Page Framed Border,Light,Warmth can begin within.,High,"DOC SPEC: 8.5 x 11 inch portrait, 300 DPI, pure black line art on white, no shading, no grayscale, no color fills, all content inside a 0.375 inch safe margin.
SCENE: Warmth and light motif.
COMPOSITION (TPL-03 Quote Page Framed Border): Short centered quote with wide margins and seasonal border motifs on 2-4 sides. Top-third: quote; Outer frame: florals and symbols; Corners: accent clusters; Center whitespace preserved.
REPRESENTATION: no people, no figures, and no body parts anywhere on this page. Cultural character is carried by objects, textiles, plants, and pattern, never by a figure. Keep those details lived-in rather than costume-like.
SEASON (Winter): snow, quilts, lamps, cocoa, candles, indoor calm.
TONE: calm, hopeful, reflective, grounded, and supportive; relaxed posture, open hands, soft expressions.
LINE WORK: primary contours 0.75-1.25 pt, secondary detail 0.5-0.75 pt, at least two visibly distinct line weights, nothing below 0.5 pt, fully closed shapes suitable for coloring.
WHITE SPACE: Preserve at least 50 percent open space around text.
QUOTE TEXT: ""Warmth can begin within."" Set centered in the upper-middle in a clean serif, well inside the safe margin. This is the only text on the page.
NEGATIVE: violence, weapons, bruising, visible injury, drug use, drug paraphernalia, self-harm, police scenes, hospital or clinical crisis imagery, restraints, panic or extreme distress, gray shading, grayscale, color fills, photorealism, 3D render, distorted hands, extra fingers, malformed faces, stray text or watermarks, overcrowded composition, dense mandala fill, low contrast, broken or open outlines, childish cartoon style, ethnic stereotyping, costume-like exaggeration.","Black-and-white printable adult coloring page, 8.5 x 11 inch portrait, 300 DPI, pure black line art on white, no shading, no grayscale, no color fills, all content inside a 0.375 inch safe margin. Warmth and light motif. Short centered quote with wide margins and seasonal border motifs on 2-4 sides. no people, no figures, and no body parts anywhere on this page. Cultural character is carried by objects, textiles, plants, and pattern, never by a figure. Keep those details lived-in rather than costume-like. Season cues: snow, quilts, lamps, cocoa, candles, indoor calm. Tone: calm, hopeful, reflective, grounded, and supportive; relaxed posture, open hands, soft expressions. Line work: primary contours 0.75-1.25 pt, secondary detail 0.5-0.75 pt, at least two visibly distinct line weights, nothing below 0.5 pt, fully closed shapes suitable for coloring. Preserve at least 50 percent open space around text. Quote text: ""Warmth can begin within."" centered, upper-middle.","violence, weapons, bruising, visible injury, drug use, drug paraphernalia, self-harm, police scenes, hospital or clinical crisis imagery, restraints, panic or extreme distress, gray shading, grayscale, color fills, photorealism, 3D render, distorted hands, extra fingers, malformed faces, stray text or watermarks, overcrowded composition, dense mandala fill, low contrast, broken or open outlines, childish cartoon style, ethnic stereotyping, costume-like exaggeration"
Multiracial Winter 10,Multiracial,Winter,10,Quote page,TPL-03,Quote Page Framed Border,Light,"I am still here, and that matters.",High,"DOC SPEC: 8.5 x 11 inch portrait, 300 DPI, pure black line art on white, no shading, no grayscale, no color fills, all content inside a 0.375 inch safe margin.
SCENE: Quiet strength border.
COMPOSITION (TPL-03 Quote Page Framed Border): Short centered quote with wide margins and seasonal border motifs on 2-4 sides. Top-third: quote; Outer frame: florals and symbols; Corners: accent clusters; Center whitespace preserved.
REPRESENTATION: no people, no figures, and no body parts anywhere on this page. Cultural character is carried by objects, textiles, plants, and pattern, never by a figure. Keep those details lived-in rather than costume-like.
SEASON (Winter): snow, quilts, lamps, cocoa, candles, indoor calm.
TONE: calm, hopeful, reflective, grounded, and supportive; relaxed posture, open hands, soft expressions.
LINE WORK: primary contours 0.75-1.25 pt, secondary detail 0.5-0.75 pt, at least two visibly distinct line weights, nothing below 0.5 pt, fully closed shapes suitable for coloring.
WHITE SPACE: Preserve at least 50 percent open space around text.
VARIATION: Use 2 of TPL-03 in this book — change the border family and quote placement: full frame vs two-corner vs top-and-bottom band.
QUOTE TEXT: ""I am still here, and that matters."" Set centered in the upper-middle in a clean serif, well inside the safe margin. This is the only text on the page.
NEGATIVE: violence, weapons, bruising, visible injury, drug use, drug paraphernalia, self-harm, police scenes, hospital or clinical crisis imagery, restraints, panic or extreme distress, gray shading, grayscale, color fills, photorealism, 3D render, distorted hands, extra fingers, malformed faces, stray text or watermarks, overcrowded composition, dense mandala fill, low contrast, broken or open outlines, childish cartoon style, ethnic stereotyping, costume-like exaggeration.","Black-and-white printable adult coloring page, 8.5 x 11 inch portrait, 300 DPI, pure black line art on white, no shading, no grayscale, no color fills, all content inside a 0.375 inch safe margin. Quiet strength border. Short centered quote with wide margins and seasonal border motifs on 2-4 sides. no people, no figures, and no body parts anywhere on this page. Cultural character is carried by objects, textiles, plants, and pattern, never by a figure. Keep those details lived-in rather than costume-like. Season cues: snow, quilts, lamps, cocoa, candles, indoor calm. Tone: calm, hopeful, reflective, grounded, and supportive; relaxed posture, open hands, soft expressions. Line work: primary contours 0.75-1.25 pt, secondary detail 0.5-0.75 pt, at least two visibly distinct line weights, nothing below 0.5 pt, fully closed shapes suitable for coloring. Preserve at least 50 percent open space around text. Quote text: ""I am still here, and that matters."" centered, upper-middle.","violence, weapons, bruising, visible injury, drug use, drug paraphernalia, self-harm, police scenes, hospital or clinical crisis imagery, restraints, panic or extreme distress, gray shading, grayscale, color fills, photorealism, 3D render, distorted hands, extra fingers, malformed faces, stray text or watermarks, overcrowded composition, dense mandala fill, low contrast, broken or open outlines, childish cartoon style, ethnic stereotyping, costume-like exaggeration"
Multiracial Winter 11,Multiracial,Winter,11,Quote page,TPL-03,Quote Page Framed Border,Light,Gentleness is strength.,High,"DOC SPEC: 8.5 x 11 inch portrait, 300 DPI, pure black line art on white, no shading, no grayscale, no color fills, all content inside a 0.375 inch safe margin.
SCENE: Winter calm and bold lettering.
COMPOSITION (TPL-03 Quote Page Framed Border): Short centered quote with wide margins and seasonal border motifs on 2-4 sides. Top-third: quote; Outer frame: florals and symbols; Corners: accent clusters; Center whitespace preserved.
REPRESENTATION: no people, no figures, and no body parts anywhere on this page. Cultural character is carried by objects, textiles, plants, and pattern, never by a figure. Keep those details lived-in rather than costume-like.
SEASON (Winter): snow, quilts, lamps, cocoa, candles, indoor calm.
TONE: calm, hopeful, reflective, grounded, and supportive; relaxed posture, open hands, soft expressions.
LINE WORK: primary contours 0.75-1.25 pt, secondary detail 0.5-0.75 pt, at least two visibly distinct line weights, nothing below 0.5 pt, fully closed shapes suitable for coloring.
WHITE SPACE: Preserve at least 50 percent open space around text.
VARIATION: Use 3 of TPL-03 in this book — change the border family and quote placement: full frame vs two-corner vs top-and-bottom band.
QUOTE TEXT: ""Gentleness is strength."" Set centered in the upper-middle in a clean serif, well inside the safe margin. This is the only text on the page.
NEGATIVE: violence, weapons, bruising, visible injury, drug use, drug paraphernalia, self-harm, police scenes, hospital or clinical crisis imagery, restraints, panic or extreme distress, gray shading, grayscale, color fills, photorealism, 3D render, distorted hands, extra fingers, malformed faces, stray text or watermarks, overcrowded composition, dense mandala fill, low contrast, broken or open outlines, childish cartoon style, ethnic stereotyping, costume-like exaggeration.","Black-and-white printable adult coloring page, 8.5 x 11 inch portrait, 300 DPI, pure black line art on white, no shading, no grayscale, no color fills, all content inside a 0.375 inch safe margin. Winter calm and bold lettering. Short centered quote with wide margins and seasonal border motifs on 2-4 sides. no people, no figures, and no body parts anywhere on this page. Cultural character is carried by objects, textiles, plants, and pattern, never by a figure. Keep those details lived-in rather than costume-like. Season cues: snow, quilts, lamps, cocoa, candles, indoor calm. Tone: calm, hopeful, reflective, grounded, and supportive; relaxed posture, open hands, soft expressions. Line work: primary contours 0.75-1.25 pt, secondary detail 0.5-0.75 pt, at least two visibly distinct line weights, nothing below 0.5 pt, fully closed shapes suitable for coloring. Preserve at least 50 percent open space around text. Quote text: ""Gentleness is strength."" centered, upper-middle.","violence, weapons, bruising, visible injury, drug use, drug paraphernalia, self-harm, police scenes, hospital or clinical crisis imagery, restraints, panic or extreme distress, gray shading, grayscale, color fills, photorealism, 3D render, distorted hands, extra fingers, malformed faces, stray text or watermarks, overcrowded composition, dense mandala fill, low contrast, broken or open outlines, childish cartoon style, ethnic stereotyping, costume-like exaggeration"
Multiracial Winter 12,Multiracial,Winter,12,Symbol page,TPL-05,Symbol Cluster Page,Medium,,Medium,"DOC SPEC: 8.5 x 11 inch portrait, 300 DPI, pure black line art on white, no shading, no grayscale, no color fills, all content inside a 0.375 inch safe margin.
SCENE: Stars, candles, mittens, and hearts.
COMPOSITION (TPL-05 Symbol Cluster Page): 8-15 related motifs grouped in balanced clusters with breathing room between forms. Distributed clusters across the full page with one central anchor motif.
REPRESENTATION: no people, no figures, and no body parts anywhere on this page. Cultural character is carried by objects, textiles, plants, and pattern, never by a figure. Keep those details lived-in rather than costume-like.
SEASON (Winter): snow, quilts, lamps, cocoa, candles, indoor calm.
TONE: calm, hopeful, reflective, grounded, and supportive; relaxed posture, open hands, soft expressions.
LINE WORK: primary contours 0.75-1.25 pt, secondary detail 0.5-0.75 pt, at least two visibly distinct line weights, nothing below 0.5 pt, fully closed shapes suitable for coloring.
WHITE SPACE: Keep clean separations between motifs for easy coloring.
TEXT: none. The page must contain no lettering of any kind.
NEGATIVE: violence, weapons, bruising, visible injury, drug use, drug paraphernalia, self-harm, police scenes, hospital or clinical crisis imagery, restraints, panic or extreme distress, gray shading, grayscale, color fills, photorealism, 3D render, distorted hands, extra fingers, malformed faces, stray text or watermarks, overcrowded composition, dense mandala fill, low contrast, broken or open outlines, childish cartoon style, ethnic stereotyping, costume-like exaggeration.","Black-and-white printable adult coloring page, 8.5 x 11 inch portrait, 300 DPI, pure black line art on white, no shading, no grayscale, no color fills, all content inside a 0.375 inch safe margin. Stars, candles, mittens, and hearts. 8-15 related motifs grouped in balanced clusters with breathing room between forms. no people, no figures, and no body parts anywhere on this page. Cultural character is carried by objects, textiles, plants, and pattern, never by a figure. Keep those details lived-in rather than costume-like. Season cues: snow, quilts, lamps, cocoa, candles, indoor calm. Tone: calm, hopeful, reflective, grounded, and supportive; relaxed posture, open hands, soft expressions. Line work: primary contours 0.75-1.25 pt, secondary detail 0.5-0.75 pt, at least two visibly distinct line weights, nothing below 0.5 pt, fully closed shapes suitable for coloring. Keep clean separations between motifs for easy coloring. No text anywhere on the page.","violence, weapons, bruising, visible injury, drug use, drug paraphernalia, self-harm, police scenes, hospital or clinical crisis imagery, restraints, panic or extreme distress, gray shading, grayscale, color fills, photorealism, 3D render, distorted hands, extra fingers, malformed faces, stray text or watermarks, overcrowded composition, dense mandala fill, low contrast, broken or open outlines, childish cartoon style, ethnic stereotyping, costume-like exaggeration"
Multiracial Winter 13,Multiracial,Winter,13,Decorative page,TPL-10,Decorative Border & Pattern Page,Medium,,Medium,"DOC SPEC: 8.5 x 11 inch portrait, 300 DPI, pure black line art on white, no shading, no grayscale, no color fills, all content inside a 0.375 inch safe margin.
SCENE: Snowflakes, books, mugs, and quilts.
COMPOSITION (TPL-10 Decorative Border & Pattern Page): Seasonal border or repeating pattern frame with 4-8 comfort objects set inside it; flatter and more graphic than a symbol cluster. Full-page border or corner frames; Center: object grouping; Background: restrained repeating pattern or open white.
REPRESENTATION: no people, no figures, and no body parts anywhere on this page. Cultural character is carried by objects, textiles, plants, and pattern, never by a figure. Keep those details lived-in rather than costume-like.
SEASON (Winter): snow, quilts, lamps, cocoa, candles, indoor calm.
TONE: calm, hopeful, reflective, grounded, and supportive; relaxed posture, open hands, soft expressions.
LINE WORK: primary contours 0.75-1.25 pt, secondary detail 0.5-0.75 pt, at least two visibly distinct line weights, nothing below 0.5 pt, fully closed shapes suitable for coloring.
WHITE SPACE: Keep the center open enough to read as a resting page; pattern supports, never fills.
TEXT: none. The page must contain no lettering of any kind.
NEGATIVE: violence, weapons, bruising, visible injury, drug use, drug paraphernalia, self-harm, police scenes, hospital or clinical crisis imagery, restraints, panic or extreme distress, gray shading, grayscale, color fills, photorealism, 3D render, distorted hands, extra fingers, malformed faces, stray text or watermarks, overcrowded composition, dense mandala fill, low contrast, broken or open outlines, childish cartoon style, ethnic stereotyping, costume-like exaggeration.","Black-and-white printable adult coloring page, 8.5 x 11 inch portrait, 300 DPI, pure black line art on white, no shading, no grayscale, no color fills, all content inside a 0.375 inch safe margin. Snowflakes, books, mugs, and quilts. Seasonal border or repeating pattern frame with 4-8 comfort objects set inside it; flatter and more graphic than a symbol cluster. no people, no figures, and no body parts anywhere on this page. Cultural character is carried by objects, textiles, plants, and pattern, never by a figure. Keep those details lived-in rather than costume-like. Season cues: snow, quilts, lamps, cocoa, candles, indoor calm. Tone: calm, hopeful, reflective, grounded, and supportive; relaxed posture, open hands, soft expressions. Line work: primary contours 0.75-1.25 pt, secondary detail 0.5-0.75 pt, at least two visibly distinct line weights, nothing below 0.5 pt, fully closed shapes suitable for coloring. Keep the center open enough to read as a resting page; pattern supports, never fills. No text anywhere on the page.","violence, weapons, bruising, visible injury, drug use, drug paraphernalia, self-harm, police scenes, hospital or clinical crisis imagery, restraints, panic or extreme distress, gray shading, grayscale, color fills, photorealism, 3D render, distorted hands, extra fingers, malformed faces, stray text or watermarks, overcrowded composition, dense mandala fill, low contrast, broken or open outlines, childish cartoon style, ethnic stereotyping, costume-like exaggeration"
Multiracial Winter 14,Multiracial,Winter,14,Environment page,TPL-04,Healing Room Interior,Heavy,,High,"DOC SPEC: 8.5 x 11 inch portrait, 300 DPI, pure black line art on white, no shading, no grayscale, no color fills, all content inside a 0.375 inch safe margin.
SCENE: Cozy living room with layered textures.
COMPOSITION (TPL-04 Healing Room Interior): One interior room with strong furniture silhouette, layered comfort objects, single anchor light source or window. No people. Top: wall art or window; Center: bed, chair, or table anchor; Lower: rug, books, slippers, plants.
REPRESENTATION: no people, no figures, and no body parts anywhere on this page. Cultural character is carried by objects, textiles, plants, and pattern, never by a figure. Keep those details lived-in rather than costume-like.
SEASON (Winter): snow, quilts, lamps, cocoa, candles, indoor calm.
TONE: calm, hopeful, reflective, grounded, and supportive; relaxed posture, open hands, soft expressions.
LINE WORK: primary contours 0.75-1.25 pt, secondary detail 0.5-0.75 pt, at least two visibly distinct line weights, nothing below 0.5 pt, fully closed shapes suitable for coloring.
WHITE SPACE: Avoid filling every surface with pattern; leave floors and walls partially open.
TEXT: none. The page must contain no lettering of any kind.
NEGATIVE: violence, weapons, bruising, visible injury, drug use, drug paraphernalia, self-harm, police scenes, hospital or clinical crisis imagery, restraints, panic or extreme distress, gray shading, grayscale, color fills, photorealism, 3D render, distorted hands, extra fingers, malformed faces, stray text or watermarks, overcrowded composition, dense mandala fill, low contrast, broken or open outlines, childish cartoon style, ethnic stereotyping, costume-like exaggeration.","Black-and-white printable adult coloring page, 8.5 x 11 inch portrait, 300 DPI, pure black line art on white, no shading, no grayscale, no color fills, all content inside a 0.375 inch safe margin. Cozy living room with layered textures. One interior room with strong furniture silhouette, layered comfort objects, single anchor light source or window. No people. no people, no figures, and no body parts anywhere on this page. Cultural character is carried by objects, textiles, plants, and pattern, never by a figure. Keep those details lived-in rather than costume-like. Season cues: snow, quilts, lamps, cocoa, candles, indoor calm. Tone: calm, hopeful, reflective, grounded, and supportive; relaxed posture, open hands, soft expressions. Line work: primary contours 0.75-1.25 pt, secondary detail 0.5-0.75 pt, at least two visibly distinct line weights, nothing below 0.5 pt, fully closed shapes suitable for coloring. Avoid filling every surface with pattern; leave floors and walls partially open. No text anywhere on the page.","violence, weapons, bruising, visible injury, drug use, drug paraphernalia, self-harm, police scenes, hospital or clinical crisis imagery, restraints, panic or extreme distress, gray shading, grayscale, color fills, photorealism, 3D render, distorted hands, extra fingers, malformed faces, stray text or watermarks, overcrowded composition, dense mandala fill, low contrast, broken or open outlines, childish cartoon style, ethnic stereotyping, costume-like exaggeration"
Multiracial Winter 15,Multiracial,Winter,15,Environment page,TPL-04,Healing Room Interior,Heavy,,Medium,"DOC SPEC: 8.5 x 11 inch portrait, 300 DPI, pure black line art on white, no shading, no grayscale, no color fills, all content inside a 0.375 inch safe margin.
SCENE: Bedroom or meditation corner with winter calm.
COMPOSITION (TPL-04 Healing Room Interior): One interior room with strong furniture silhouette, layered comfort objects, single anchor light source or window. No people. Top: wall art or window; Center: bed, chair, or table anchor; Lower: rug, books, slippers, plants.
REPRESENTATION: no people, no figures, and no body parts anywhere on this page. Cultural character is carried by objects, textiles, plants, and pattern, never by a figure. Keep those details lived-in rather than costume-like.
SEASON (Winter): snow, quilts, lamps, cocoa, candles, indoor calm.
TONE: calm, hopeful, reflective, grounded, and supportive; relaxed posture, open hands, soft expressions.
LINE WORK: primary contours 0.75-1.25 pt, secondary detail 0.5-0.75 pt, at least two visibly distinct line weights, nothing below 0.5 pt, fully closed shapes suitable for coloring.
WHITE SPACE: Avoid filling every surface with pattern; leave floors and walls partially open.
VARIATION: Use 2 of TPL-04 in this book — change the room and anchor furniture: bed vs armchair vs table, and move the light source.
TEXT: none. The page must contain no lettering of any kind.
NEGATIVE: violence, weapons, bruising, visible injury, drug use, drug paraphernalia, self-harm, police scenes, hospital or clinical crisis imagery, restraints, panic or extreme distress, gray shading, grayscale, color fills, photorealism, 3D render, distorted hands, extra fingers, malformed faces, stray text or watermarks, overcrowded composition, dense mandala fill, low contrast, broken or open outlines, childish cartoon style, ethnic stereotyping, costume-like exaggeration.","Black-and-white printable adult coloring page, 8.5 x 11 inch portrait, 300 DPI, pure black line art on white, no shading, no grayscale, no color fills, all content inside a 0.375 inch safe margin. Bedroom or meditation corner with winter calm. One interior room with strong furniture silhouette, layered comfort objects, single anchor light source or window. No people. no people, no figures, and no body parts anywhere on this page. Cultural character is carried by objects, textiles, plants, and pattern, never by a figure. Keep those details lived-in rather than costume-like. Season cues: snow, quilts, lamps, cocoa, candles, indoor calm. Tone: calm, hopeful, reflective, grounded, and supportive; relaxed posture, open hands, soft expressions. Line work: primary contours 0.75-1.25 pt, secondary detail 0.5-0.75 pt, at least two visibly distinct line weights, nothing below 0.5 pt, fully closed shapes suitable for coloring. Avoid filling every surface with pattern; leave floors and walls partially open. No text anywhere on the page.","violence, weapons, bruising, visible injury, drug use, drug paraphernalia, self-harm, police scenes, hospital or clinical crisis imagery, restraints, panic or extreme distress, gray shading, grayscale, color fills, photorealism, 3D render, distorted hands, extra fingers, malformed faces, stray text or watermarks, overcrowded composition, dense mandala fill, low contrast, broken or open outlines, childish cartoon style, ethnic stereotyping, costume-like exaggeration"
